Analysis & Synthesis report for MYTHRILL_SOC
Thu Oct  8 22:11:29 2026
Quartus Prime Version 25.1std.0 Build 1129 10/21/2025 SC Lite Edition


---------------------
; Table of Contents ;
---------------------
  1. Legal Notice
  2. Analysis & Synthesis Summary
  3. Analysis & Synthesis Settings
  4. Parallel Compilation
  5. Analysis & Synthesis Source Files Read
  6. Analysis & Synthesis Resource Usage Summary
  7. Analysis & Synthesis Resource Utilization by Entity
  8. Analysis & Synthesis RAM Summary
  9. Analysis & Synthesis DSP Block Usage Summary
 10. State Machine - |MYTHRILL_SOC|axil_mlp:mlp|mlp_bridge:scaler|state
 11. State Machine - |MYTHRILL_SOC|axi_sensor_controller:sensors|rs485_controller:sn3000t|tx_step
 12. State Machine - |MYTHRILL_SOC|axi_sensor_controller:sensors|rs485_controller:sn3000t|state
 13. State Machine - |MYTHRILL_SOC|axi_sensor_controller:sensors|rs485_controller:sem228a|tx_step
 14. State Machine - |MYTHRILL_SOC|axi_sensor_controller:sensors|rs485_controller:sem228a|state
 15. State Machine - |MYTHRILL_SOC|picorv32_axi:cpu|picorv32:picorv32_core|cpu_state
 16. State Machine - |MYTHRILL_SOC|picorv32_axi:cpu|picorv32:picorv32_core|mem_wordsize
 17. Registers Removed During Synthesis
 18. Removed Registers Triggering Further Register Optimizations
 19. General Register Statistics
 20. Inverted Register Statistics
 21. Registers Added for RAM Pass-Through Logic
 22. Multiplexer Restructuring Statistics (Restructuring Performed)
 23. Source assignments for picorv32_axi:cpu|picorv32:picorv32_core|altsyncram:cpuregs_rtl_0|altsyncram_d2k1:auto_generated
 24. Source assignments for picorv32_axi:cpu|picorv32:picorv32_core|altsyncram:cpuregs_rtl_1|altsyncram_d2k1:auto_generated
 25. Parameter Settings for User Entity Instance: Top-level Entity: |MYTHRILL_SOC
 26. Parameter Settings for User Entity Instance: reset_top:rst_top
 27. Parameter Settings for User Entity Instance: picorv32_axi:cpu
 28. Parameter Settings for User Entity Instance: picorv32_axi:cpu|picorv32:picorv32_core
 29. Parameter Settings for User Entity Instance: picorv32_axi:cpu|picorv32:picorv32_core|picorv32_pcpi_mul:pcpi_mul
 30. Parameter Settings for User Entity Instance: axil_interconnect:xbar
 31. Parameter Settings for User Entity Instance: axil_bram:bram
 32. Parameter Settings for User Entity Instance: axil_gpio:gpio
 33. Parameter Settings for User Entity Instance: axil_pwm:pwm
 34. Parameter Settings for User Entity Instance: axil_pwm:pwm|pwm:core
 35. Parameter Settings for User Entity Instance: axil_uart:debug_host
 36. Parameter Settings for User Entity Instance: axil_uart:debug_host|uart:u_uart
 37. Parameter Settings for User Entity Instance: axil_mlp:mlp
 38. Parameter Settings for User Entity Instance: axil_mlp:mlp|mlp_bridge:scaler
 39. Parameter Settings for User Entity Instance: axil_mlp:mlp|MLP:core|layer:l1
 40. Parameter Settings for User Entity Instance: axil_mlp:mlp|MLP:core|layer:l1|neuron:neuron_gen[0].n
 41. Parameter Settings for User Entity Instance: axil_mlp:mlp|MLP:core|layer:l1|neuron:neuron_gen[0].n|weight_rom:WM
 42. Parameter Settings for User Entity Instance: axil_mlp:mlp|MLP:core|layer:l1|neuron:neuron_gen[0].n|relu:g_relu.s1
 43. Parameter Settings for User Entity Instance: axil_mlp:mlp|MLP:core|layer:l1|neuron:neuron_gen[1].n
 44. Parameter Settings for User Entity Instance: axil_mlp:mlp|MLP:core|layer:l1|neuron:neuron_gen[1].n|weight_rom:WM
 45. Parameter Settings for User Entity Instance: axil_mlp:mlp|MLP:core|layer:l1|neuron:neuron_gen[1].n|relu:g_relu.s1
 46. Parameter Settings for User Entity Instance: axil_mlp:mlp|MLP:core|layer:l1|neuron:neuron_gen[2].n
 47. Parameter Settings for User Entity Instance: axil_mlp:mlp|MLP:core|layer:l1|neuron:neuron_gen[2].n|weight_rom:WM
 48. Parameter Settings for User Entity Instance: axil_mlp:mlp|MLP:core|layer:l1|neuron:neuron_gen[2].n|relu:g_relu.s1
 49. Parameter Settings for User Entity Instance: axil_mlp:mlp|MLP:core|layer:l1|neuron:neuron_gen[3].n
 50. Parameter Settings for User Entity Instance: axil_mlp:mlp|MLP:core|layer:l1|neuron:neuron_gen[3].n|weight_rom:WM
 51. Parameter Settings for User Entity Instance: axil_mlp:mlp|MLP:core|layer:l1|neuron:neuron_gen[3].n|relu:g_relu.s1
 52. Parameter Settings for User Entity Instance: axil_mlp:mlp|MLP:core|serializer:ser1
 53. Parameter Settings for User Entity Instance: axil_mlp:mlp|MLP:core|layer:l2
 54. Parameter Settings for User Entity Instance: axil_mlp:mlp|MLP:core|layer:l2|neuron:neuron_gen[0].n
 55. Parameter Settings for User Entity Instance: axil_mlp:mlp|MLP:core|layer:l2|neuron:neuron_gen[0].n|weight_rom:WM
 56. Parameter Settings for User Entity Instance: axil_mlp:mlp|MLP:core|layer:l2|neuron:neuron_gen[0].n|relu:g_relu.s1
 57. Parameter Settings for User Entity Instance: axil_mlp:mlp|MLP:core|layer:l2|neuron:neuron_gen[1].n
 58. Parameter Settings for User Entity Instance: axil_mlp:mlp|MLP:core|layer:l2|neuron:neuron_gen[1].n|weight_rom:WM
 59. Parameter Settings for User Entity Instance: axil_mlp:mlp|MLP:core|layer:l2|neuron:neuron_gen[1].n|relu:g_relu.s1
 60. Parameter Settings for User Entity Instance: axil_mlp:mlp|MLP:core|layer:l2|neuron:neuron_gen[2].n
 61. Parameter Settings for User Entity Instance: axil_mlp:mlp|MLP:core|layer:l2|neuron:neuron_gen[2].n|weight_rom:WM
 62. Parameter Settings for User Entity Instance: axil_mlp:mlp|MLP:core|layer:l2|neuron:neuron_gen[2].n|relu:g_relu.s1
 63. Parameter Settings for User Entity Instance: axil_mlp:mlp|MLP:core|layer:l2|neuron:neuron_gen[3].n
 64. Parameter Settings for User Entity Instance: axil_mlp:mlp|MLP:core|layer:l2|neuron:neuron_gen[3].n|weight_rom:WM
 65. Parameter Settings for User Entity Instance: axil_mlp:mlp|MLP:core|layer:l2|neuron:neuron_gen[3].n|relu:g_relu.s1
 66. Parameter Settings for User Entity Instance: axil_mlp:mlp|MLP:core|serializer:ser2
 67. Parameter Settings for User Entity Instance: axil_mlp:mlp|MLP:core|layer:l3
 68. Parameter Settings for User Entity Instance: axil_mlp:mlp|MLP:core|layer:l3|neuron:neuron_gen[0].n
 69. Parameter Settings for User Entity Instance: axil_mlp:mlp|MLP:core|layer:l3|neuron:neuron_gen[0].n|weight_rom:WM
 70. Parameter Settings for User Entity Instance: axil_mlp:mlp|MLP:core|layer:l3|neuron:neuron_gen[0].n|linear:g_Linear.s1
 71. Parameter Settings for User Entity Instance: axi_sensor_controller:sensors
 72. Parameter Settings for User Entity Instance: axi_sensor_controller:sensors|sync_pipe:p_temp
 73. Parameter Settings for User Entity Instance: axi_sensor_controller:sensors|sync_pipe:p_hum
 74. Parameter Settings for User Entity Instance: axi_sensor_controller:sensors|sync_pipe:p_irr
 75. Parameter Settings for User Entity Instance: axi_sensor_controller:sensors|sync_pipe:p_wind
 76. Parameter Settings for User Entity Instance: axi_sensor_controller:sensors|sync_pipe:p_hour
 77. Parameter Settings for User Entity Instance: axi_sensor_controller:sensors|sync_pipe:p_irrv
 78. Parameter Settings for User Entity Instance: axi_sensor_controller:sensors|sync_pipe:p_windv
 79. Parameter Settings for User Entity Instance: axi_sensor_controller:sensors|sensor_poll_timer:poll
 80. Parameter Settings for User Entity Instance: axi_sensor_controller:sensors|rs485_controller:sem228a
 81. Parameter Settings for User Entity Instance: axi_sensor_controller:sensors|rs485_controller:sem228a|uart:rs485
 82. Parameter Settings for User Entity Instance: axi_sensor_controller:sensors|rs485_controller:sn3000t
 83. Parameter Settings for User Entity Instance: axi_sensor_controller:sensors|rs485_controller:sn3000t|uart:rs485
 84. Parameter Settings for User Entity Instance: axi_sensor_controller:sensors|aht10_driver:aht10
 85. Parameter Settings for User Entity Instance: axi_sensor_controller:sensors|aht10_driver:aht10|i2c:aht10
 86. Parameter Settings for User Entity Instance: axi_sensor_controller:sensors|ds2331_driver:ds2331
 87. Parameter Settings for User Entity Instance: axi_sensor_controller:sensors|ds2331_driver:ds2331|i2c:rtc
 88. Parameter Settings for Inferred Entity Instance: picorv32_axi:cpu|picorv32:picorv32_core|altsyncram:cpuregs_rtl_0
 89. Parameter Settings for Inferred Entity Instance: picorv32_axi:cpu|picorv32:picorv32_core|altsyncram:cpuregs_rtl_1
 90. Parameter Settings for Inferred Entity Instance: axil_mlp:mlp|mlp_bridge:scaler|lpm_divide:Mod0
 91. altsyncram Parameter Settings by Entity Instance
 92. Port Connectivity Checks: "axil_mlp:mlp|MLP:core|layer:l3"
 93. Port Connectivity Checks: "axil_mlp:mlp|MLP:core|layer:l2"
 94. Port Connectivity Checks: "axil_mlp:mlp|MLP:core|layer:l1"
 95. Port Connectivity Checks: "picorv32_axi:cpu|picorv32:picorv32_core"
 96. Port Connectivity Checks: "picorv32_axi:cpu"
 97. Post-Synthesis Netlist Statistics for Top Partition
 98. Elapsed Time Per Partition
 99. Analysis & Synthesis Messages
100. Analysis & Synthesis Suppressed Messages



----------------
; Legal Notice ;
----------------
Copyright (C) 2025  Altera Corporation. All rights reserved.
Your use of Altera Corporation's design tools, logic functions 
and other software and tools, and any partner logic 
functions, and any output files from any of the foregoing 
(including device programming or simulation files), and any 
associated documentation or information are expressly subject 
to the terms and conditions of the Altera Program License 
Subscription Agreement, the Altera Quartus Prime License Agreement,
the Altera IP License Agreement, or other applicable license
agreement, including, without limitation, that your use is for
the sole purpose of programming logic devices manufactured by
Altera and sold by Altera or its authorized distributors.  Please
refer to the Altera Software License Subscription Agreements 
on the Quartus Prime software download page.



+-----------------------------------------------------------------------------------+
; Analysis & Synthesis Summary                                                      ;
+---------------------------------+-------------------------------------------------+
; Analysis & Synthesis Status     ; Successful - Thu Oct  8 22:11:28 2026           ;
; Quartus Prime Version           ; 25.1std.0 Build 1129 10/21/2025 SC Lite Edition ;
; Revision Name                   ; MYTHRILL_SOC                                    ;
; Top-level Entity Name           ; MYTHRILL_SOC                                    ;
; Family                          ; Cyclone V                                       ;
; Logic utilization (in ALMs)     ; N/A                                             ;
; Total registers                 ; 38187                                           ;
; Total pins                      ; 18                                              ;
; Total virtual pins              ; 0                                               ;
; Total block memory bits         ; 2,048                                           ;
; Total DSP Blocks                ; 30                                              ;
; Total HSSI RX PCSs              ; 0                                               ;
; Total HSSI PMA RX Deserializers ; 0                                               ;
; Total HSSI TX PCSs              ; 0                                               ;
; Total HSSI PMA TX Serializers   ; 0                                               ;
; Total PLLs                      ; 0                                               ;
; Total DLLs                      ; 0                                               ;
+---------------------------------+-------------------------------------------------+


+---------------------------------------------------------------------------------------------------------------------------+
; Analysis & Synthesis Settings                                                                                             ;
+---------------------------------------------------------------------------------+--------------------+--------------------+
; Option                                                                          ; Setting            ; Default Value      ;
+---------------------------------------------------------------------------------+--------------------+--------------------+
; Device                                                                          ; 5CSEBA6U23C7       ;                    ;
; Top-level entity name                                                           ; MYTHRILL_SOC       ; MYTHRILL_SOC       ;
; Family name                                                                     ; Cyclone V          ; Cyclone V          ;
; Maximum processors allowed for parallel compilation                             ; 1                  ;                    ;
; Verilog Show LMF Mapping Messages                                               ; Off                ;                    ;
; Verilog Version                                                                 ; SystemVerilog_2005 ; Verilog_2001       ;
; Use smart compilation                                                           ; Off                ; Off                ;
; Enable parallel Assembler and Timing Analyzer during compilation                ; On                 ; On                 ;
; Enable compact report table                                                     ; Off                ; Off                ;
; Restructure Multiplexers                                                        ; Auto               ; Auto               ;
; MLAB Add Timing Constraints For Mixed-Port Feed-Through Mode Setting Don't Care ; Off                ; Off                ;
; Create Debugging Nodes for IP Cores                                             ; Off                ; Off                ;
; Preserve fewer node names                                                       ; On                 ; On                 ;
; Intel FPGA IP Evaluation Mode                                                   ; Enable             ; Enable             ;
; VHDL Version                                                                    ; VHDL_1993          ; VHDL_1993          ;
; State Machine Processing                                                        ; Auto               ; Auto               ;
; Safe State Machine                                                              ; Off                ; Off                ;
; Extract Verilog State Machines                                                  ; On                 ; On                 ;
; Extract VHDL State Machines                                                     ; On                 ; On                 ;
; Ignore Verilog initial constructs                                               ; Off                ; Off                ;
; Iteration limit for constant Verilog loops                                      ; 5000               ; 5000               ;
; Iteration limit for non-constant Verilog loops                                  ; 250                ; 250                ;
; Add Pass-Through Logic to Inferred RAMs                                         ; On                 ; On                 ;
; Infer RAMs from Raw Logic                                                       ; On                 ; On                 ;
; Parallel Synthesis                                                              ; On                 ; On                 ;
; DSP Block Balancing                                                             ; Auto               ; Auto               ;
; NOT Gate Push-Back                                                              ; On                 ; On                 ;
; Power-Up Don't Care                                                             ; On                 ; On                 ;
; Remove Redundant Logic Cells                                                    ; Off                ; Off                ;
; Remove Duplicate Registers                                                      ; On                 ; On                 ;
; Ignore CARRY Buffers                                                            ; Off                ; Off                ;
; Ignore CASCADE Buffers                                                          ; Off                ; Off                ;
; Ignore GLOBAL Buffers                                                           ; Off                ; Off                ;
; Ignore ROW GLOBAL Buffers                                                       ; Off                ; Off                ;
; Ignore LCELL Buffers                                                            ; Off                ; Off                ;
; Ignore SOFT Buffers                                                             ; On                 ; On                 ;
; Limit AHDL Integers to 32 Bits                                                  ; Off                ; Off                ;
; Optimization Technique                                                          ; Balanced           ; Balanced           ;
; Carry Chain Length                                                              ; 70                 ; 70                 ;
; Auto Carry Chains                                                               ; On                 ; On                 ;
; Auto Open-Drain Pins                                                            ; On                 ; On                 ;
; Perform WYSIWYG Primitive Resynthesis                                           ; Off                ; Off                ;
; Auto ROM Replacement                                                            ; On                 ; On                 ;
; Auto RAM Replacement                                                            ; On                 ; On                 ;
; Auto DSP Block Replacement                                                      ; On                 ; On                 ;
; Auto Shift Register Replacement                                                 ; Auto               ; Auto               ;
; Allow Shift Register Merging across Hierarchies                                 ; Auto               ; Auto               ;
; Auto Clock Enable Replacement                                                   ; On                 ; On                 ;
; Strict RAM Replacement                                                          ; Off                ; Off                ;
; Allow Synchronous Control Signals                                               ; On                 ; On                 ;
; Force Use of Synchronous Clear Signals                                          ; Off                ; Off                ;
; Auto Resource Sharing                                                           ; Off                ; Off                ;
; Allow Any RAM Size For Recognition                                              ; Off                ; Off                ;
; Allow Any ROM Size For Recognition                                              ; Off                ; Off                ;
; Allow Any Shift Register Size For Recognition                                   ; Off                ; Off                ;
; Use LogicLock Constraints during Resource Balancing                             ; On                 ; On                 ;
; Ignore translate_off and synthesis_off directives                               ; Off                ; Off                ;
; Timing-Driven Synthesis                                                         ; On                 ; On                 ;
; Report Parameter Settings                                                       ; On                 ; On                 ;
; Report Source Assignments                                                       ; On                 ; On                 ;
; Report Connectivity Checks                                                      ; On                 ; On                 ;
; Ignore Maximum Fan-Out Assignments                                              ; Off                ; Off                ;
; Synchronization Register Chain Length                                           ; 3                  ; 3                  ;
; Power Optimization During Synthesis                                             ; Normal compilation ; Normal compilation ;
; HDL message level                                                               ; Level2             ; Level2             ;
; Suppress Register Optimization Related Messages                                 ; Off                ; Off                ;
; Number of Removed Registers Reported in Synthesis Report                        ; 5000               ; 5000               ;
; Number of Swept Nodes Reported in Synthesis Report                              ; 5000               ; 5000               ;
; Number of Inverted Registers Reported in Synthesis Report                       ; 100                ; 100                ;
; Clock MUX Protection                                                            ; On                 ; On                 ;
; Auto Gated Clock Conversion                                                     ; Off                ; Off                ;
; Block Design Naming                                                             ; Auto               ; Auto               ;
; SDC constraint protection                                                       ; Off                ; Off                ;
; Synthesis Effort                                                                ; Auto               ; Auto               ;
; Shift Register Replacement - Allow Asynchronous Clear Signal                    ; On                 ; On                 ;
; Pre-Mapping Resynthesis Optimization                                            ; Off                ; Off                ;
; Analysis & Synthesis Message Level                                              ; Medium             ; Medium             ;
; Disable Register Merging Across Hierarchies                                     ; Auto               ; Auto               ;
; Resource Aware Inference For Block RAM                                          ; On                 ; On                 ;
; Automatic Parallel Synthesis                                                    ; On                 ; On                 ;
; Partial Reconfiguration Bitstream ID                                            ; Off                ; Off                ;
+---------------------------------------------------------------------------------+--------------------+--------------------+


Parallel compilation was disabled, but you have multiple processors available. Enable parallel compilation to reduce compilation time.
+-------------------------------------+
; Parallel Compilation                ;
+----------------------------+--------+
; Processors                 ; Number ;
+----------------------------+--------+
; Number detected on machine ; 12     ;
; Maximum allowed            ; 1      ;
+----------------------------+--------+


+-----------------------------------------------------------------------------------------------------------------------------------------------------------------------------------------------+
; Analysis & Synthesis Source Files Read                                                                                                                                                        ;
+----------------------------------+-----------------+------------------------------+-------------------------------------------------------------------------------------------------+---------+
; File Name with User-Entered Path ; Used in Netlist ; File Type                    ; File Name with Absolute Path                                                                    ; Library ;
+----------------------------------+-----------------+------------------------------+-------------------------------------------------------------------------------------------------+---------+
; src/uart.sv                      ; yes             ; User SystemVerilog HDL File  ; C:/Users/valer/OneDrive/Documents/BRIN STUFF/COMPETITION/DE10-NANO/src/uart.sv                  ;         ;
; src/rs485_controller.sv          ; yes             ; User SystemVerilog HDL File  ; C:/Users/valer/OneDrive/Documents/BRIN STUFF/COMPETITION/DE10-NANO/src/rs485_controller.sv      ;         ;
; src/reset_top.sv                 ; yes             ; User SystemVerilog HDL File  ; C:/Users/valer/OneDrive/Documents/BRIN STUFF/COMPETITION/DE10-NANO/src/reset_top.sv             ;         ;
; src/pwm.sv                       ; yes             ; User SystemVerilog HDL File  ; C:/Users/valer/OneDrive/Documents/BRIN STUFF/COMPETITION/DE10-NANO/src/pwm.sv                   ;         ;
; src/picorv32.v                   ; yes             ; User Verilog HDL File        ; C:/Users/valer/OneDrive/Documents/BRIN STUFF/COMPETITION/DE10-NANO/src/picorv32.v               ;         ;
; src/neuron.sv                    ; yes             ; User SystemVerilog HDL File  ; C:/Users/valer/OneDrive/Documents/BRIN STUFF/COMPETITION/DE10-NANO/src/neuron.sv                ;         ;
; src/MYTHRILL-SOC.sv              ; yes             ; User SystemVerilog HDL File  ; C:/Users/valer/OneDrive/Documents/BRIN STUFF/COMPETITION/DE10-NANO/src/MYTHRILL-SOC.sv          ;         ;
; src/MLP_include.sv               ; yes             ; User SystemVerilog HDL File  ; C:/Users/valer/OneDrive/Documents/BRIN STUFF/COMPETITION/DE10-NANO/src/MLP_include.sv           ;         ;
; src/mlp_bridge.sv                ; yes             ; User SystemVerilog HDL File  ; C:/Users/valer/OneDrive/Documents/BRIN STUFF/COMPETITION/DE10-NANO/src/mlp_bridge.sv            ;         ;
; src/MLP.sv                       ; yes             ; User SystemVerilog HDL File  ; C:/Users/valer/OneDrive/Documents/BRIN STUFF/COMPETITION/DE10-NANO/src/MLP.sv                   ;         ;
; src/i2c.sv                       ; yes             ; User SystemVerilog HDL File  ; C:/Users/valer/OneDrive/Documents/BRIN STUFF/COMPETITION/DE10-NANO/src/i2c.sv                   ;         ;
; src/ds2331_driver.sv             ; yes             ; User SystemVerilog HDL File  ; C:/Users/valer/OneDrive/Documents/BRIN STUFF/COMPETITION/DE10-NANO/src/ds2331_driver.sv         ;         ;
; src/axil_uart.sv                 ; yes             ; User SystemVerilog HDL File  ; C:/Users/valer/OneDrive/Documents/BRIN STUFF/COMPETITION/DE10-NANO/src/axil_uart.sv             ;         ;
; src/axil_pwm.sv                  ; yes             ; User SystemVerilog HDL File  ; C:/Users/valer/OneDrive/Documents/BRIN STUFF/COMPETITION/DE10-NANO/src/axil_pwm.sv              ;         ;
; src/axil_MLP.sv                  ; yes             ; User SystemVerilog HDL File  ; C:/Users/valer/OneDrive/Documents/BRIN STUFF/COMPETITION/DE10-NANO/src/axil_MLP.sv              ;         ;
; src/axil_interconnect.sv         ; yes             ; User SystemVerilog HDL File  ; C:/Users/valer/OneDrive/Documents/BRIN STUFF/COMPETITION/DE10-NANO/src/axil_interconnect.sv     ;         ;
; src/axil_gpio.sv                 ; yes             ; User SystemVerilog HDL File  ; C:/Users/valer/OneDrive/Documents/BRIN STUFF/COMPETITION/DE10-NANO/src/axil_gpio.sv             ;         ;
; src/axil_bram.sv                 ; yes             ; User SystemVerilog HDL File  ; C:/Users/valer/OneDrive/Documents/BRIN STUFF/COMPETITION/DE10-NANO/src/axil_bram.sv             ;         ;
; src/axi_sensor_controller.sv     ; yes             ; User SystemVerilog HDL File  ; C:/Users/valer/OneDrive/Documents/BRIN STUFF/COMPETITION/DE10-NANO/src/axi_sensor_controller.sv ;         ;
; src/aht10_driver.sv              ; yes             ; User SystemVerilog HDL File  ; C:/Users/valer/OneDrive/Documents/BRIN STUFF/COMPETITION/DE10-NANO/src/aht10_driver.sv          ;         ;
; altsyncram.tdf                   ; yes             ; Megafunction                 ; d:/quartus/quartus/libraries/megafunctions/altsyncram.tdf                                       ;         ;
; stratix_ram_block.inc            ; yes             ; Megafunction                 ; d:/quartus/quartus/libraries/megafunctions/stratix_ram_block.inc                                ;         ;
; lpm_mux.inc                      ; yes             ; Megafunction                 ; d:/quartus/quartus/libraries/megafunctions/lpm_mux.inc                                          ;         ;
; lpm_decode.inc                   ; yes             ; Megafunction                 ; d:/quartus/quartus/libraries/megafunctions/lpm_decode.inc                                       ;         ;
; aglobal251.inc                   ; yes             ; Megafunction                 ; d:/quartus/quartus/libraries/megafunctions/aglobal251.inc                                       ;         ;
; a_rdenreg.inc                    ; yes             ; Megafunction                 ; d:/quartus/quartus/libraries/megafunctions/a_rdenreg.inc                                        ;         ;
; altrom.inc                       ; yes             ; Megafunction                 ; d:/quartus/quartus/libraries/megafunctions/altrom.inc                                           ;         ;
; altram.inc                       ; yes             ; Megafunction                 ; d:/quartus/quartus/libraries/megafunctions/altram.inc                                           ;         ;
; altdpram.inc                     ; yes             ; Megafunction                 ; d:/quartus/quartus/libraries/megafunctions/altdpram.inc                                         ;         ;
; db/altsyncram_d2k1.tdf           ; yes             ; Auto-Generated Megafunction  ; C:/Users/valer/OneDrive/Documents/BRIN STUFF/COMPETITION/DE10-NANO/db/altsyncram_d2k1.tdf       ;         ;
; lpm_divide.tdf                   ; yes             ; Megafunction                 ; d:/quartus/quartus/libraries/megafunctions/lpm_divide.tdf                                       ;         ;
; abs_divider.inc                  ; yes             ; Megafunction                 ; d:/quartus/quartus/libraries/megafunctions/abs_divider.inc                                      ;         ;
; sign_div_unsign.inc              ; yes             ; Megafunction                 ; d:/quartus/quartus/libraries/megafunctions/sign_div_unsign.inc                                  ;         ;
; db/lpm_divide_52m.tdf            ; yes             ; Auto-Generated Megafunction  ; C:/Users/valer/OneDrive/Documents/BRIN STUFF/COMPETITION/DE10-NANO/db/lpm_divide_52m.tdf        ;         ;
; db/sign_div_unsign_8kh.tdf       ; yes             ; Auto-Generated Megafunction  ; C:/Users/valer/OneDrive/Documents/BRIN STUFF/COMPETITION/DE10-NANO/db/sign_div_unsign_8kh.tdf   ;         ;
; db/alt_u_div_mse.tdf             ; yes             ; Auto-Generated Megafunction  ; C:/Users/valer/OneDrive/Documents/BRIN STUFF/COMPETITION/DE10-NANO/db/alt_u_div_mse.tdf         ;         ;
+----------------------------------+-----------------+------------------------------+-------------------------------------------------------------------------------------------------+---------+


+---------------------------------------------------------+
; Analysis & Synthesis Resource Usage Summary             ;
+---------------------------------------------+-----------+
; Resource                                    ; Usage     ;
+---------------------------------------------+-----------+
; Estimate of Logic utilization (ALMs needed) ; 26509     ;
;                                             ;           ;
; Combinational ALUT usage for logic          ; 25492     ;
;     -- 7 input functions                    ; 464       ;
;     -- 6 input functions                    ; 11961     ;
;     -- 5 input functions                    ; 847       ;
;     -- 4 input functions                    ; 4820      ;
;     -- <=3 input functions                  ; 7400      ;
;                                             ;           ;
; Dedicated logic registers                   ; 38187     ;
;                                             ;           ;
; I/O pins                                    ; 18        ;
; Total MLAB memory bits                      ; 0         ;
; Total block memory bits                     ; 2048      ;
;                                             ;           ;
; Total DSP Blocks                            ; 30        ;
;                                             ;           ;
; Maximum fan-out node                        ; clk~input ;
; Maximum fan-out                             ; 38251     ;
; Total fan-out                               ; 229934    ;
; Average fan-out                             ; 3.60      ;
+---------------------------------------------+-----------+


+---------------------------------------------------------------------------------------------------------------------------------------------------------------------------------------------------------------------------------------------------------------------------------------------------------------------------------------------+
; Analysis & Synthesis Resource Utilization by Entity                                                                                                                                                                                                                                                                                         ;
+----------------------------------------------+---------------------+---------------------------+-------------------+------------+------+--------------+----------------------------------------------------------------------------------------------------------------------------------------------+-----------------------+--------------+
; Compilation Hierarchy Node                   ; Combinational ALUTs ; Dedicated Logic Registers ; Block Memory Bits ; DSP Blocks ; Pins ; Virtual Pins ; Full Hierarchy Name                                                                                                                          ; Entity Name           ; Library Name ;
+----------------------------------------------+---------------------+---------------------------+-------------------+------------+------+--------------+----------------------------------------------------------------------------------------------------------------------------------------------+-----------------------+--------------+
; |MYTHRILL_SOC                                ; 25492 (1)           ; 38187 (0)                 ; 2048              ; 30         ; 18   ; 0            ; |MYTHRILL_SOC                                                                                                                                ; MYTHRILL_SOC          ; work         ;
;    |axi_sensor_controller:sensors|           ; 1105 (90)           ; 1160 (68)                 ; 0                 ; 0          ; 0    ; 0            ; |MYTHRILL_SOC|axi_sensor_controller:sensors                                                                                                  ; axi_sensor_controller ; work         ;
;       |aht10_driver:aht10|                   ; 297 (108)           ; 225 (124)                 ; 0                 ; 0          ; 0    ; 0            ; |MYTHRILL_SOC|axi_sensor_controller:sensors|aht10_driver:aht10                                                                               ; aht10_driver          ; work         ;
;          |i2c:aht10|                         ; 189 (189)           ; 101 (101)                 ; 0                 ; 0          ; 0    ; 0            ; |MYTHRILL_SOC|axi_sensor_controller:sensors|aht10_driver:aht10|i2c:aht10                                                                     ; i2c                   ; work         ;
;       |ds2331_driver:ds2331|                 ; 232 (49)            ; 141 (47)                  ; 0                 ; 0          ; 0    ; 0            ; |MYTHRILL_SOC|axi_sensor_controller:sensors|ds2331_driver:ds2331                                                                             ; ds2331_driver         ; work         ;
;          |i2c:rtc|                           ; 183 (183)           ; 94 (94)                   ; 0                 ; 0          ; 0    ; 0            ; |MYTHRILL_SOC|axi_sensor_controller:sensors|ds2331_driver:ds2331|i2c:rtc                                                                     ; i2c                   ; work         ;
;       |rs485_controller:sem228a|             ; 212 (145)           ; 228 (158)                 ; 0                 ; 0          ; 0    ; 0            ; |MYTHRILL_SOC|axi_sensor_controller:sensors|rs485_controller:sem228a                                                                         ; rs485_controller      ; work         ;
;          |uart:rs485|                        ; 67 (67)             ; 70 (70)                   ; 0                 ; 0          ; 0    ; 0            ; |MYTHRILL_SOC|axi_sensor_controller:sensors|rs485_controller:sem228a|uart:rs485                                                              ; uart                  ; work         ;
;       |rs485_controller:sn3000t|             ; 184 (145)           ; 204 (158)                 ; 0                 ; 0          ; 0    ; 0            ; |MYTHRILL_SOC|axi_sensor_controller:sensors|rs485_controller:sn3000t                                                                         ; rs485_controller      ; work         ;
;          |uart:rs485|                        ; 39 (39)             ; 46 (46)                   ; 0                 ; 0          ; 0    ; 0            ; |MYTHRILL_SOC|axi_sensor_controller:sensors|rs485_controller:sn3000t|uart:rs485                                                              ; uart                  ; work         ;
;       |sensor_poll_timer:poll|               ; 90 (90)             ; 48 (48)                   ; 0                 ; 0          ; 0    ; 0            ; |MYTHRILL_SOC|axi_sensor_controller:sensors|sensor_poll_timer:poll                                                                           ; sensor_poll_timer     ; work         ;
;       |sync_pipe:p_hour|                     ; 0 (0)               ; 24 (24)                   ; 0                 ; 0          ; 0    ; 0            ; |MYTHRILL_SOC|axi_sensor_controller:sensors|sync_pipe:p_hour                                                                                 ; sync_pipe             ; work         ;
;       |sync_pipe:p_hum|                      ; 0 (0)               ; 60 (60)                   ; 0                 ; 0          ; 0    ; 0            ; |MYTHRILL_SOC|axi_sensor_controller:sensors|sync_pipe:p_hum                                                                                  ; sync_pipe             ; work         ;
;       |sync_pipe:p_irrv|                     ; 0 (0)               ; 3 (3)                     ; 0                 ; 0          ; 0    ; 0            ; |MYTHRILL_SOC|axi_sensor_controller:sensors|sync_pipe:p_irrv                                                                                 ; sync_pipe             ; work         ;
;       |sync_pipe:p_irr|                      ; 0 (0)               ; 48 (48)                   ; 0                 ; 0          ; 0    ; 0            ; |MYTHRILL_SOC|axi_sensor_controller:sensors|sync_pipe:p_irr                                                                                  ; sync_pipe             ; work         ;
;       |sync_pipe:p_temp|                     ; 0 (0)               ; 60 (60)                   ; 0                 ; 0          ; 0    ; 0            ; |MYTHRILL_SOC|axi_sensor_controller:sensors|sync_pipe:p_temp                                                                                 ; sync_pipe             ; work         ;
;       |sync_pipe:p_windv|                    ; 0 (0)               ; 3 (3)                     ; 0                 ; 0          ; 0    ; 0            ; |MYTHRILL_SOC|axi_sensor_controller:sensors|sync_pipe:p_windv                                                                                ; sync_pipe             ; work         ;
;       |sync_pipe:p_wind|                     ; 0 (0)               ; 48 (48)                   ; 0                 ; 0          ; 0    ; 0            ; |MYTHRILL_SOC|axi_sensor_controller:sensors|sync_pipe:p_wind                                                                                 ; sync_pipe             ; work         ;
;    |axil_bram:bram|                          ; 19205 (19205)       ; 32802 (32802)             ; 0                 ; 0          ; 0    ; 0            ; |MYTHRILL_SOC|axil_bram:bram                                                                                                                 ; axil_bram             ; work         ;
;    |axil_gpio:gpio|                          ; 7 (7)               ; 4 (4)                     ; 0                 ; 0          ; 0    ; 0            ; |MYTHRILL_SOC|axil_gpio:gpio                                                                                                                 ; axil_gpio             ; work         ;
;    |axil_interconnect:xbar|                  ; 49 (49)             ; 0 (0)                     ; 0                 ; 0          ; 0    ; 0            ; |MYTHRILL_SOC|axil_interconnect:xbar                                                                                                         ; axil_interconnect     ; work         ;
;    |axil_mlp:mlp|                            ; 2878 (300)          ; 2943 (457)                ; 0                 ; 30         ; 0    ; 0            ; |MYTHRILL_SOC|axil_mlp:mlp                                                                                                                   ; axil_mlp              ; work         ;
;       |MLP:core|                             ; 2453 (0)            ; 2239 (0)                  ; 0                 ; 27         ; 0    ; 0            ; |MYTHRILL_SOC|axil_mlp:mlp|MLP:core                                                                                                          ; MLP                   ; work         ;
;          |layer:l1|                          ; 1073 (0)            ; 806 (0)                   ; 0                 ; 12         ; 0    ; 0            ; |MYTHRILL_SOC|axil_mlp:mlp|MLP:core|layer:l1                                                                                                 ; layer                 ; work         ;
;             |neuron:neuron_gen[0].n|         ; 266 (230)           ; 202 (168)                 ; 0                 ; 3          ; 0    ; 0            ; |MYTHRILL_SOC|axil_mlp:mlp|MLP:core|layer:l1|neuron:neuron_gen[0].n                                                                          ; neuron                ; work         ;
;                |relu:g_relu.s1|              ; 35 (35)             ; 31 (31)                   ; 0                 ; 0          ; 0    ; 0            ; |MYTHRILL_SOC|axil_mlp:mlp|MLP:core|layer:l1|neuron:neuron_gen[0].n|relu:g_relu.s1                                                           ; relu                  ; work         ;
;                |weight_rom:WM|               ; 1 (1)               ; 3 (3)                     ; 0                 ; 0          ; 0    ; 0            ; |MYTHRILL_SOC|axil_mlp:mlp|MLP:core|layer:l1|neuron:neuron_gen[0].n|weight_rom:WM                                                            ; weight_rom            ; work         ;
;             |neuron:neuron_gen[1].n|         ; 262 (222)           ; 164 (127)                 ; 0                 ; 3          ; 0    ; 0            ; |MYTHRILL_SOC|axil_mlp:mlp|MLP:core|layer:l1|neuron:neuron_gen[1].n                                                                          ; neuron                ; work         ;
;                |relu:g_relu.s1|              ; 35 (35)             ; 31 (31)                   ; 0                 ; 0          ; 0    ; 0            ; |MYTHRILL_SOC|axil_mlp:mlp|MLP:core|layer:l1|neuron:neuron_gen[1].n|relu:g_relu.s1                                                           ; relu                  ; work         ;
;                |weight_rom:WM|               ; 5 (5)               ; 6 (6)                     ; 0                 ; 0          ; 0    ; 0            ; |MYTHRILL_SOC|axil_mlp:mlp|MLP:core|layer:l1|neuron:neuron_gen[1].n|weight_rom:WM                                                            ; weight_rom            ; work         ;
;             |neuron:neuron_gen[2].n|         ; 266 (223)           ; 200 (161)                 ; 0                 ; 3          ; 0    ; 0            ; |MYTHRILL_SOC|axil_mlp:mlp|MLP:core|layer:l1|neuron:neuron_gen[2].n                                                                          ; neuron                ; work         ;
;                |relu:g_relu.s1|              ; 35 (35)             ; 31 (31)                   ; 0                 ; 0          ; 0    ; 0            ; |MYTHRILL_SOC|axil_mlp:mlp|MLP:core|layer:l1|neuron:neuron_gen[2].n|relu:g_relu.s1                                                           ; relu                  ; work         ;
;                |weight_rom:WM|               ; 8 (8)               ; 8 (8)                     ; 0                 ; 0          ; 0    ; 0            ; |MYTHRILL_SOC|axil_mlp:mlp|MLP:core|layer:l1|neuron:neuron_gen[2].n|weight_rom:WM                                                            ; weight_rom            ; work         ;
;             |neuron:neuron_gen[3].n|         ; 279 (228)           ; 240 (196)                 ; 0                 ; 3          ; 0    ; 0            ; |MYTHRILL_SOC|axil_mlp:mlp|MLP:core|layer:l1|neuron:neuron_gen[3].n                                                                          ; neuron                ; work         ;
;                |relu:g_relu.s1|              ; 35 (35)             ; 31 (31)                   ; 0                 ; 0          ; 0    ; 0            ; |MYTHRILL_SOC|axil_mlp:mlp|MLP:core|layer:l1|neuron:neuron_gen[3].n|relu:g_relu.s1                                                           ; relu                  ; work         ;
;                |weight_rom:WM|               ; 16 (16)             ; 13 (13)                   ; 0                 ; 0          ; 0    ; 0            ; |MYTHRILL_SOC|axil_mlp:mlp|MLP:core|layer:l1|neuron:neuron_gen[3].n|weight_rom:WM                                                            ; weight_rom            ; work         ;
;          |layer:l2|                          ; 1053 (0)            ; 815 (0)                   ; 0                 ; 12         ; 0    ; 0            ; |MYTHRILL_SOC|axil_mlp:mlp|MLP:core|layer:l2                                                                                                 ; layer                 ; work         ;
;             |neuron:neuron_gen[0].n|         ; 267 (229)           ; 198 (167)                 ; 0                 ; 3          ; 0    ; 0            ; |MYTHRILL_SOC|axil_mlp:mlp|MLP:core|layer:l2|neuron:neuron_gen[0].n                                                                          ; neuron                ; work         ;
;                |relu:g_relu.s1|              ; 35 (35)             ; 31 (31)                   ; 0                 ; 0          ; 0    ; 0            ; |MYTHRILL_SOC|axil_mlp:mlp|MLP:core|layer:l2|neuron:neuron_gen[0].n|relu:g_relu.s1                                                           ; relu                  ; work         ;
;                |weight_rom:WM|               ; 3 (3)               ; 0 (0)                     ; 0                 ; 0          ; 0    ; 0            ; |MYTHRILL_SOC|axil_mlp:mlp|MLP:core|layer:l2|neuron:neuron_gen[0].n|weight_rom:WM                                                            ; weight_rom            ; work         ;
;             |neuron:neuron_gen[1].n|         ; 261 (225)           ; 196 (161)                 ; 0                 ; 3          ; 0    ; 0            ; |MYTHRILL_SOC|axil_mlp:mlp|MLP:core|layer:l2|neuron:neuron_gen[1].n                                                                          ; neuron                ; work         ;
;                |relu:g_relu.s1|              ; 35 (35)             ; 31 (31)                   ; 0                 ; 0          ; 0    ; 0            ; |MYTHRILL_SOC|axil_mlp:mlp|MLP:core|layer:l2|neuron:neuron_gen[1].n|relu:g_relu.s1                                                           ; relu                  ; work         ;
;                |weight_rom:WM|               ; 1 (1)               ; 4 (4)                     ; 0                 ; 0          ; 0    ; 0            ; |MYTHRILL_SOC|axil_mlp:mlp|MLP:core|layer:l2|neuron:neuron_gen[1].n|weight_rom:WM                                                            ; weight_rom            ; work         ;
;             |neuron:neuron_gen[2].n|         ; 262 (225)           ; 195 (161)                 ; 0                 ; 3          ; 0    ; 0            ; |MYTHRILL_SOC|axil_mlp:mlp|MLP:core|layer:l2|neuron:neuron_gen[2].n                                                                          ; neuron                ; work         ;
;                |relu:g_relu.s1|              ; 35 (35)             ; 31 (31)                   ; 0                 ; 0          ; 0    ; 0            ; |MYTHRILL_SOC|axil_mlp:mlp|MLP:core|layer:l2|neuron:neuron_gen[2].n|relu:g_relu.s1                                                           ; relu                  ; work         ;
;                |weight_rom:WM|               ; 2 (2)               ; 3 (3)                     ; 0                 ; 0          ; 0    ; 0            ; |MYTHRILL_SOC|axil_mlp:mlp|MLP:core|layer:l2|neuron:neuron_gen[2].n|weight_rom:WM                                                            ; weight_rom            ; work         ;
;             |neuron:neuron_gen[3].n|         ; 263 (228)           ; 226 (195)                 ; 0                 ; 3          ; 0    ; 0            ; |MYTHRILL_SOC|axil_mlp:mlp|MLP:core|layer:l2|neuron:neuron_gen[3].n                                                                          ; neuron                ; work         ;
;                |relu:g_relu.s1|              ; 35 (35)             ; 31 (31)                   ; 0                 ; 0          ; 0    ; 0            ; |MYTHRILL_SOC|axil_mlp:mlp|MLP:core|layer:l2|neuron:neuron_gen[3].n|relu:g_relu.s1                                                           ; relu                  ; work         ;
;          |layer:l3|                          ; 239 (0)             ; 240 (0)                   ; 0                 ; 3          ; 0    ; 0            ; |MYTHRILL_SOC|axil_mlp:mlp|MLP:core|layer:l3                                                                                                 ; layer                 ; work         ;
;             |neuron:neuron_gen[0].n|         ; 239 (230)           ; 240 (201)                 ; 0                 ; 3          ; 0    ; 0            ; |MYTHRILL_SOC|axil_mlp:mlp|MLP:core|layer:l3|neuron:neuron_gen[0].n                                                                          ; neuron                ; work         ;
;                |linear:g_Linear.s1|          ; 5 (5)               ; 32 (32)                   ; 0                 ; 0          ; 0    ; 0            ; |MYTHRILL_SOC|axil_mlp:mlp|MLP:core|layer:l3|neuron:neuron_gen[0].n|linear:g_Linear.s1                                                       ; linear                ; work         ;
;                |weight_rom:WM|               ; 4 (4)               ; 7 (7)                     ; 0                 ; 0          ; 0    ; 0            ; |MYTHRILL_SOC|axil_mlp:mlp|MLP:core|layer:l3|neuron:neuron_gen[0].n|weight_rom:WM                                                            ; weight_rom            ; work         ;
;          |serializer:ser1|                   ; 44 (44)             ; 189 (189)                 ; 0                 ; 0          ; 0    ; 0            ; |MYTHRILL_SOC|axil_mlp:mlp|MLP:core|serializer:ser1                                                                                          ; serializer            ; work         ;
;          |serializer:ser2|                   ; 44 (44)             ; 189 (189)                 ; 0                 ; 0          ; 0    ; 0            ; |MYTHRILL_SOC|axil_mlp:mlp|MLP:core|serializer:ser2                                                                                          ; serializer            ; work         ;
;       |mlp_bridge:scaler|                    ; 125 (108)           ; 247 (247)                 ; 0                 ; 3          ; 0    ; 0            ; |MYTHRILL_SOC|axil_mlp:mlp|mlp_bridge:scaler                                                                                                 ; mlp_bridge            ; work         ;
;          |lpm_divide:Mod0|                   ; 17 (0)              ; 0 (0)                     ; 0                 ; 0          ; 0    ; 0            ; |MYTHRILL_SOC|axil_mlp:mlp|mlp_bridge:scaler|lpm_divide:Mod0                                                                                 ; lpm_divide            ; work         ;
;             |lpm_divide_52m:auto_generated|  ; 17 (0)              ; 0 (0)                     ; 0                 ; 0          ; 0    ; 0            ; |MYTHRILL_SOC|axil_mlp:mlp|mlp_bridge:scaler|lpm_divide:Mod0|lpm_divide_52m:auto_generated                                                   ; lpm_divide_52m        ; work         ;
;                |sign_div_unsign_8kh:divider| ; 17 (0)              ; 0 (0)                     ; 0                 ; 0          ; 0    ; 0            ; |MYTHRILL_SOC|axil_mlp:mlp|mlp_bridge:scaler|lpm_divide:Mod0|lpm_divide_52m:auto_generated|sign_div_unsign_8kh:divider                       ; sign_div_unsign_8kh   ; work         ;
;                   |alt_u_div_mse:divider|    ; 17 (17)             ; 0 (0)                     ; 0                 ; 0          ; 0    ; 0            ; |MYTHRILL_SOC|axil_mlp:mlp|mlp_bridge:scaler|lpm_divide:Mod0|lpm_divide_52m:auto_generated|sign_div_unsign_8kh:divider|alt_u_div_mse:divider ; alt_u_div_mse         ; work         ;
;    |axil_pwm:pwm|                            ; 48 (16)             ; 48 (19)                   ; 0                 ; 0          ; 0    ; 0            ; |MYTHRILL_SOC|axil_pwm:pwm                                                                                                                   ; axil_pwm              ; work         ;
;       |pwm:core|                             ; 32 (32)             ; 29 (29)                   ; 0                 ; 0          ; 0    ; 0            ; |MYTHRILL_SOC|axil_pwm:pwm|pwm:core                                                                                                          ; pwm                   ; work         ;
;    |axil_uart:debug_host|                    ; 71 (16)             ; 80 (20)                   ; 0                 ; 0          ; 0    ; 0            ; |MYTHRILL_SOC|axil_uart:debug_host                                                                                                           ; axil_uart             ; work         ;
;       |uart:u_uart|                          ; 55 (55)             ; 60 (60)                   ; 0                 ; 0          ; 0    ; 0            ; |MYTHRILL_SOC|axil_uart:debug_host|uart:u_uart                                                                                               ; uart                  ; work         ;
;    |picorv32_axi:cpu|                        ; 2117 (0)            ; 1142 (0)                  ; 2048              ; 0          ; 0    ; 0            ; |MYTHRILL_SOC|picorv32_axi:cpu                                                                                                               ; picorv32_axi          ; work         ;
;       |picorv32:picorv32_core|               ; 2103 (1599)         ; 1138 (683)                ; 2048              ; 0          ; 0    ; 0            ; |MYTHRILL_SOC|picorv32_axi:cpu|picorv32:picorv32_core                                                                                        ; picorv32              ; work         ;
;          |altsyncram:cpuregs_rtl_0|          ; 0 (0)               ; 0 (0)                     ; 1024              ; 0          ; 0    ; 0            ; |MYTHRILL_SOC|picorv32_axi:cpu|picorv32:picorv32_core|altsyncram:cpuregs_rtl_0                                                               ; altsyncram            ; work         ;
;             |altsyncram_d2k1:auto_generated| ; 0 (0)               ; 0 (0)                     ; 1024              ; 0          ; 0    ; 0            ; |MYTHRILL_SOC|picorv32_axi:cpu|picorv32:picorv32_core|altsyncram:cpuregs_rtl_0|altsyncram_d2k1:auto_generated                                ; altsyncram_d2k1       ; work         ;
;          |altsyncram:cpuregs_rtl_1|          ; 0 (0)               ; 0 (0)                     ; 1024              ; 0          ; 0    ; 0            ; |MYTHRILL_SOC|picorv32_axi:cpu|picorv32:picorv32_core|altsyncram:cpuregs_rtl_1                                                               ; altsyncram            ; work         ;
;             |altsyncram_d2k1:auto_generated| ; 0 (0)               ; 0 (0)                     ; 1024              ; 0          ; 0    ; 0            ; |MYTHRILL_SOC|picorv32_axi:cpu|picorv32:picorv32_core|altsyncram:cpuregs_rtl_1|altsyncram_d2k1:auto_generated                                ; altsyncram_d2k1       ; work         ;
;          |picorv32_pcpi_div:pcpi_div|        ; 364 (364)           ; 200 (200)                 ; 0                 ; 0          ; 0    ; 0            ; |MYTHRILL_SOC|picorv32_axi:cpu|picorv32:picorv32_core|picorv32_pcpi_div:pcpi_div                                                             ; picorv32_pcpi_div     ; work         ;
;          |picorv32_pcpi_mul:pcpi_mul|        ; 140 (140)           ; 255 (255)                 ; 0                 ; 0          ; 0    ; 0            ; |MYTHRILL_SOC|picorv32_axi:cpu|picorv32:picorv32_core|picorv32_pcpi_mul:pcpi_mul                                                             ; picorv32_pcpi_mul     ; work         ;
;       |picorv32_axi_adapter:axi_adapter|     ; 14 (14)             ; 4 (4)                     ; 0                 ; 0          ; 0    ; 0            ; |MYTHRILL_SOC|picorv32_axi:cpu|picorv32_axi_adapter:axi_adapter                                                                              ; picorv32_axi_adapter  ; work         ;
;    |reset_top:rst_top|                       ; 11 (11)             ; 8 (8)                     ; 0                 ; 0          ; 0    ; 0            ; |MYTHRILL_SOC|reset_top:rst_top                                                                                                              ; reset_top             ; work         ;
+----------------------------------------------+---------------------+---------------------------+-------------------+------------+------+--------------+----------------------------------------------------------------------------------------------------------------------------------------------+-----------------------+--------------+
Note: For table entries with two numbers listed, the numbers in parentheses indicate the number of resources of the given type used by the specific entity alone. The numbers listed outside of parentheses indicate the total resources of the given type used by the specific entity and all of its sub-entities in the hierarchy.


+----------------------------------------------------------------------------------------------------------------------------------------------------------------------------------------------------------------+
; Analysis & Synthesis RAM Summary                                                                                                                                                                               ;
+------------------------------------------------------------------------------------------------------------+------+------------------+--------------+--------------+--------------+--------------+------+------+
; Name                                                                                                       ; Type ; Mode             ; Port A Depth ; Port A Width ; Port B Depth ; Port B Width ; Size ; MIF  ;
+------------------------------------------------------------------------------------------------------------+------+------------------+--------------+--------------+--------------+--------------+------+------+
; picorv32_axi:cpu|picorv32:picorv32_core|altsyncram:cpuregs_rtl_0|altsyncram_d2k1:auto_generated|ALTSYNCRAM ; AUTO ; Simple Dual Port ; 32           ; 32           ; 32           ; 32           ; 1024 ; None ;
; picorv32_axi:cpu|picorv32:picorv32_core|altsyncram:cpuregs_rtl_1|altsyncram_d2k1:auto_generated|ALTSYNCRAM ; AUTO ; Simple Dual Port ; 32           ; 32           ; 32           ; 32           ; 1024 ; None ;
+------------------------------------------------------------------------------------------------------------+------+------------------+--------------+--------------+--------------+--------------+------+------+


+-------------------------------------------------+
; Analysis & Synthesis DSP Block Usage Summary    ;
+-----------------------------------+-------------+
; Statistic                         ; Number Used ;
+-----------------------------------+-------------+
; Two Independent 18x18             ; 20          ;
; Sum of two 18x18                  ; 10          ;
; Total number of DSP blocks        ; 30          ;
;                                   ;             ;
; Fixed Point Signed Multiplier     ; 8           ;
; Fixed Point Unsigned Multiplier   ; 14          ;
; Fixed Point Mixed Sign Multiplier ; 18          ;
+-----------------------------------+-------------+


Encoding Type:  One-Hot
+--------------------------------------------------------------------+
; State Machine - |MYTHRILL_SOC|axil_mlp:mlp|mlp_bridge:scaler|state ;
+-------------+------------+------------+----------------------------+
; Name        ; state.IDLE ; state.FIRE ; state.SCALE                ;
+-------------+------------+------------+----------------------------+
; state.IDLE  ; 0          ; 0          ; 0                          ;
; state.SCALE ; 1          ; 0          ; 1                          ;
; state.FIRE  ; 1          ; 1          ; 0                          ;
+-------------+------------+------------+----------------------------+


Encoding Type:  One-Hot
+----------------------------------------------------------------------------------------------+
; State Machine - |MYTHRILL_SOC|axi_sensor_controller:sensors|rs485_controller:sn3000t|tx_step ;
+--------------------+--------------+------------------+---------------------------------------+
; Name               ; tx_step.SEND ; tx_step.WAIT_END ; tx_step.WAIT_START                    ;
+--------------------+--------------+------------------+---------------------------------------+
; tx_step.SEND       ; 0            ; 0                ; 0                                     ;
; tx_step.WAIT_START ; 1            ; 0                ; 1                                     ;
; tx_step.WAIT_END   ; 1            ; 1                ; 0                                     ;
+--------------------+--------------+------------------+---------------------------------------+


Encoding Type:  One-Hot
+--------------------------------------------------------------------------------------------+
; State Machine - |MYTHRILL_SOC|axi_sensor_controller:sensors|rs485_controller:sn3000t|state ;
+-------------+------------+------------+-------------+------------+-------------------------+
; Name        ; state.DATA ; state.TAIL ; state.QUERY ; state.IDLE ; state.CHECK             ;
+-------------+------------+------------+-------------+------------+-------------------------+
; state.IDLE  ; 0          ; 0          ; 0           ; 0          ; 0                       ;
; state.QUERY ; 0          ; 0          ; 1           ; 1          ; 0                       ;
; state.TAIL  ; 0          ; 1          ; 0           ; 1          ; 0                       ;
; state.DATA  ; 1          ; 0          ; 0           ; 1          ; 0                       ;
; state.CHECK ; 0          ; 0          ; 0           ; 1          ; 1                       ;
+-------------+------------+------------+-------------+------------+-------------------------+


Encoding Type:  One-Hot
+----------------------------------------------------------------------------------------------+
; State Machine - |MYTHRILL_SOC|axi_sensor_controller:sensors|rs485_controller:sem228a|tx_step ;
+--------------------+--------------+------------------+---------------------------------------+
; Name               ; tx_step.SEND ; tx_step.WAIT_END ; tx_step.WAIT_START                    ;
+--------------------+--------------+------------------+---------------------------------------+
; tx_step.SEND       ; 0            ; 0                ; 0                                     ;
; tx_step.WAIT_START ; 1            ; 0                ; 1                                     ;
; tx_step.WAIT_END   ; 1            ; 1                ; 0                                     ;
+--------------------+--------------+------------------+---------------------------------------+


Encoding Type:  One-Hot
+--------------------------------------------------------------------------------------------+
; State Machine - |MYTHRILL_SOC|axi_sensor_controller:sensors|rs485_controller:sem228a|state ;
+-------------+------------+------------+-------------+------------+-------------------------+
; Name        ; state.DATA ; state.TAIL ; state.QUERY ; state.IDLE ; state.CHECK             ;
+-------------+------------+------------+-------------+------------+-------------------------+
; state.IDLE  ; 0          ; 0          ; 0           ; 0          ; 0                       ;
; state.QUERY ; 0          ; 0          ; 1           ; 1          ; 0                       ;
; state.TAIL  ; 0          ; 1          ; 0           ; 1          ; 0                       ;
; state.DATA  ; 1          ; 0          ; 0           ; 1          ; 0                       ;
; state.CHECK ; 0          ; 0          ; 0           ; 1          ; 1                       ;
+-------------+------------+------------+-------------+------------+-------------------------+


Encoding Type:  One-Hot
+------------------------------------------------------------------------------------------------------------------------------------------------------------------------------------------------------------------------------------------------------------+
; State Machine - |MYTHRILL_SOC|picorv32_axi:cpu|picorv32:picorv32_core|cpu_state                                                                                                                                                                            ;
+----------------------------+--------------------------+---------------------------+----------------------------+----------------------------+--------------------------+---------------------------+---------------------------+---------------------------+
; Name                       ; cpu_state.cpu_state_trap ; cpu_state.cpu_state_fetch ; cpu_state.cpu_state_ld_rs1 ; cpu_state.cpu_state_ld_rs2 ; cpu_state.cpu_state_exec ; cpu_state.cpu_state_shift ; cpu_state.cpu_state_stmem ; cpu_state.cpu_state_ldmem ;
+----------------------------+--------------------------+---------------------------+----------------------------+----------------------------+--------------------------+---------------------------+---------------------------+---------------------------+
; cpu_state.cpu_state_trap   ; 0                        ; 0                         ; 0                          ; 0                          ; 0                        ; 0                         ; 0                         ; 0                         ;
; cpu_state.cpu_state_stmem  ; 1                        ; 0                         ; 0                          ; 0                          ; 0                        ; 0                         ; 1                         ; 0                         ;
; cpu_state.cpu_state_shift  ; 1                        ; 0                         ; 0                          ; 0                          ; 0                        ; 1                         ; 0                         ; 0                         ;
; cpu_state.cpu_state_exec   ; 1                        ; 0                         ; 0                          ; 0                          ; 1                        ; 0                         ; 0                         ; 0                         ;
; cpu_state.cpu_state_ld_rs2 ; 1                        ; 0                         ; 0                          ; 1                          ; 0                        ; 0                         ; 0                         ; 0                         ;
; cpu_state.cpu_state_ld_rs1 ; 1                        ; 0                         ; 1                          ; 0                          ; 0                        ; 0                         ; 0                         ; 0                         ;
; cpu_state.cpu_state_fetch  ; 1                        ; 1                         ; 0                          ; 0                          ; 0                        ; 0                         ; 0                         ; 0                         ;
; cpu_state.cpu_state_ldmem  ; 1                        ; 0                         ; 0                          ; 0                          ; 0                        ; 0                         ; 0                         ; 1                         ;
+----------------------------+--------------------------+---------------------------+----------------------------+----------------------------+--------------------------+---------------------------+---------------------------+---------------------------+


Encoding Type:  One-Hot
+------------------------------------------------------------------------------------+
; State Machine - |MYTHRILL_SOC|picorv32_axi:cpu|picorv32:picorv32_core|mem_wordsize ;
+-----------------+-----------------+-----------------+------------------------------+
; Name            ; mem_wordsize.00 ; mem_wordsize.10 ; mem_wordsize.01              ;
+-----------------+-----------------+-----------------+------------------------------+
; mem_wordsize.00 ; 0               ; 0               ; 0                            ;
; mem_wordsize.01 ; 1               ; 0               ; 1                            ;
; mem_wordsize.10 ; 1               ; 1               ; 0                            ;
+-----------------+-----------------+-----------------+------------------------------+


+-----------------------------------------------------------------------------------------------------------------------------------------------------------------------------------------------------------------------------------------------------------------------------------------+
; Registers Removed During Synthesis                                                                                                                                                                                                                                                      ;
+------------------------------------------------------------------------------------------------------------------------------------------------------------------------------------+----------------------------------------------------------------------------------------------------+
; Register name                                                                                                                                                                      ; Reason for Removal                                                                                 ;
+------------------------------------------------------------------------------------------------------------------------------------------------------------------------------------+----------------------------------------------------------------------------------------------------+
; axil_mlp:mlp|MLP:core|layer:l3|neuron:neuron_gen[0].n|bias[0..17]                                                                                                                  ; Stuck at GND due to stuck port data_in                                                             ;
; axil_mlp:mlp|MLP:core|layer:l3|neuron:neuron_gen[0].n|bias[18..21]                                                                                                                 ; Stuck at VCC due to stuck port data_in                                                             ;
; axil_mlp:mlp|MLP:core|layer:l3|neuron:neuron_gen[0].n|bias[22]                                                                                                                     ; Stuck at GND due to stuck port data_in                                                             ;
; axil_mlp:mlp|MLP:core|layer:l3|neuron:neuron_gen[0].n|bias[23]                                                                                                                     ; Stuck at VCC due to stuck port data_in                                                             ;
; axil_mlp:mlp|MLP:core|layer:l3|neuron:neuron_gen[0].n|bias[24]                                                                                                                     ; Stuck at GND due to stuck port data_in                                                             ;
; axil_mlp:mlp|MLP:core|layer:l3|neuron:neuron_gen[0].n|bias[25..27]                                                                                                                 ; Stuck at VCC due to stuck port data_in                                                             ;
; axil_mlp:mlp|MLP:core|layer:l3|neuron:neuron_gen[0].n|bias[28..63]                                                                                                                 ; Stuck at GND due to stuck port data_in                                                             ;
; axil_mlp:mlp|MLP:core|layer:l3|neuron:neuron_gen[0].n|weight_rom:WM|dout[3,4,9]                                                                                                    ; Stuck at VCC due to stuck port data_in                                                             ;
; axil_mlp:mlp|MLP:core|layer:l2|neuron:neuron_gen[3].n|bias[0..16]                                                                                                                  ; Stuck at GND due to stuck port data_in                                                             ;
; axil_mlp:mlp|MLP:core|layer:l2|neuron:neuron_gen[3].n|bias[17]                                                                                                                     ; Stuck at VCC due to stuck port data_in                                                             ;
; axil_mlp:mlp|MLP:core|layer:l2|neuron:neuron_gen[3].n|bias[18..20]                                                                                                                 ; Stuck at GND due to stuck port data_in                                                             ;
; axil_mlp:mlp|MLP:core|layer:l2|neuron:neuron_gen[3].n|bias[21]                                                                                                                     ; Stuck at VCC due to stuck port data_in                                                             ;
; axil_mlp:mlp|MLP:core|layer:l2|neuron:neuron_gen[3].n|bias[22..24]                                                                                                                 ; Stuck at GND due to stuck port data_in                                                             ;
; axil_mlp:mlp|MLP:core|layer:l2|neuron:neuron_gen[3].n|bias[25..63]                                                                                                                 ; Stuck at VCC due to stuck port data_in                                                             ;
; axil_mlp:mlp|MLP:core|layer:l2|neuron:neuron_gen[3].n|weight_rom:WM|dout[0]                                                                                                        ; Stuck at GND due to stuck port data_in                                                             ;
; axil_mlp:mlp|MLP:core|layer:l2|neuron:neuron_gen[3].n|weight_rom:WM|dout[7]                                                                                                        ; Stuck at VCC due to stuck port data_in                                                             ;
; axil_mlp:mlp|MLP:core|layer:l2|neuron:neuron_gen[3].n|weight_rom:WM|dout[13,15]                                                                                                    ; Stuck at GND due to stuck port data_in                                                             ;
; axil_mlp:mlp|MLP:core|layer:l2|neuron:neuron_gen[3].n|weight_rom:WM|dout[16]                                                                                                       ; Stuck at VCC due to stuck port data_in                                                             ;
; axil_mlp:mlp|MLP:core|layer:l2|neuron:neuron_gen[2].n|bias[0..15]                                                                                                                  ; Stuck at GND due to stuck port data_in                                                             ;
; axil_mlp:mlp|MLP:core|layer:l2|neuron:neuron_gen[2].n|bias[16]                                                                                                                     ; Stuck at VCC due to stuck port data_in                                                             ;
; axil_mlp:mlp|MLP:core|layer:l2|neuron:neuron_gen[2].n|bias[17]                                                                                                                     ; Stuck at GND due to stuck port data_in                                                             ;
; axil_mlp:mlp|MLP:core|layer:l2|neuron:neuron_gen[2].n|bias[18]                                                                                                                     ; Stuck at VCC due to stuck port data_in                                                             ;
; axil_mlp:mlp|MLP:core|layer:l2|neuron:neuron_gen[2].n|bias[19,20]                                                                                                                  ; Stuck at GND due to stuck port data_in                                                             ;
; axil_mlp:mlp|MLP:core|layer:l2|neuron:neuron_gen[2].n|bias[21,22]                                                                                                                  ; Stuck at VCC due to stuck port data_in                                                             ;
; axil_mlp:mlp|MLP:core|layer:l2|neuron:neuron_gen[2].n|bias[23]                                                                                                                     ; Stuck at GND due to stuck port data_in                                                             ;
; axil_mlp:mlp|MLP:core|layer:l2|neuron:neuron_gen[2].n|bias[24,25]                                                                                                                  ; Stuck at VCC due to stuck port data_in                                                             ;
; axil_mlp:mlp|MLP:core|layer:l2|neuron:neuron_gen[2].n|bias[26]                                                                                                                     ; Stuck at GND due to stuck port data_in                                                             ;
; axil_mlp:mlp|MLP:core|layer:l2|neuron:neuron_gen[2].n|bias[27,28]                                                                                                                  ; Stuck at VCC due to stuck port data_in                                                             ;
; axil_mlp:mlp|MLP:core|layer:l2|neuron:neuron_gen[2].n|bias[29,30]                                                                                                                  ; Stuck at GND due to stuck port data_in                                                             ;
; axil_mlp:mlp|MLP:core|layer:l2|neuron:neuron_gen[2].n|bias[31..63]                                                                                                                 ; Stuck at VCC due to stuck port data_in                                                             ;
; axil_mlp:mlp|MLP:core|layer:l2|neuron:neuron_gen[2].n|weight_rom:WM|dout[2]                                                                                                        ; Stuck at VCC due to stuck port data_in                                                             ;
; axil_mlp:mlp|MLP:core|layer:l2|neuron:neuron_gen[1].n|bias[0..15]                                                                                                                  ; Stuck at GND due to stuck port data_in                                                             ;
; axil_mlp:mlp|MLP:core|layer:l2|neuron:neuron_gen[1].n|bias[16]                                                                                                                     ; Stuck at VCC due to stuck port data_in                                                             ;
; axil_mlp:mlp|MLP:core|layer:l2|neuron:neuron_gen[1].n|bias[17,18]                                                                                                                  ; Stuck at GND due to stuck port data_in                                                             ;
; axil_mlp:mlp|MLP:core|layer:l2|neuron:neuron_gen[1].n|bias[19..25]                                                                                                                 ; Stuck at VCC due to stuck port data_in                                                             ;
; axil_mlp:mlp|MLP:core|layer:l2|neuron:neuron_gen[1].n|bias[26,27]                                                                                                                  ; Stuck at GND due to stuck port data_in                                                             ;
; axil_mlp:mlp|MLP:core|layer:l2|neuron:neuron_gen[1].n|bias[28]                                                                                                                     ; Stuck at VCC due to stuck port data_in                                                             ;
; axil_mlp:mlp|MLP:core|layer:l2|neuron:neuron_gen[1].n|bias[29]                                                                                                                     ; Stuck at GND due to stuck port data_in                                                             ;
; axil_mlp:mlp|MLP:core|layer:l2|neuron:neuron_gen[1].n|bias[30..63]                                                                                                                 ; Stuck at VCC due to stuck port data_in                                                             ;
; axil_mlp:mlp|MLP:core|layer:l2|neuron:neuron_gen[0].n|bias[0..15]                                                                                                                  ; Stuck at GND due to stuck port data_in                                                             ;
; axil_mlp:mlp|MLP:core|layer:l2|neuron:neuron_gen[0].n|bias[16]                                                                                                                     ; Stuck at VCC due to stuck port data_in                                                             ;
; axil_mlp:mlp|MLP:core|layer:l2|neuron:neuron_gen[0].n|bias[17]                                                                                                                     ; Stuck at GND due to stuck port data_in                                                             ;
; axil_mlp:mlp|MLP:core|layer:l2|neuron:neuron_gen[0].n|bias[18]                                                                                                                     ; Stuck at VCC due to stuck port data_in                                                             ;
; axil_mlp:mlp|MLP:core|layer:l2|neuron:neuron_gen[0].n|bias[19]                                                                                                                     ; Stuck at GND due to stuck port data_in                                                             ;
; axil_mlp:mlp|MLP:core|layer:l2|neuron:neuron_gen[0].n|bias[20,21]                                                                                                                  ; Stuck at VCC due to stuck port data_in                                                             ;
; axil_mlp:mlp|MLP:core|layer:l2|neuron:neuron_gen[0].n|bias[22..24]                                                                                                                 ; Stuck at GND due to stuck port data_in                                                             ;
; axil_mlp:mlp|MLP:core|layer:l2|neuron:neuron_gen[0].n|bias[25,26]                                                                                                                  ; Stuck at VCC due to stuck port data_in                                                             ;
; axil_mlp:mlp|MLP:core|layer:l2|neuron:neuron_gen[0].n|bias[27]                                                                                                                     ; Stuck at GND due to stuck port data_in                                                             ;
; axil_mlp:mlp|MLP:core|layer:l2|neuron:neuron_gen[0].n|bias[28]                                                                                                                     ; Stuck at VCC due to stuck port data_in                                                             ;
; axil_mlp:mlp|MLP:core|layer:l2|neuron:neuron_gen[0].n|bias[29]                                                                                                                     ; Stuck at GND due to stuck port data_in                                                             ;
; axil_mlp:mlp|MLP:core|layer:l2|neuron:neuron_gen[0].n|bias[30..63]                                                                                                                 ; Stuck at VCC due to stuck port data_in                                                             ;
; axil_mlp:mlp|MLP:core|layer:l2|neuron:neuron_gen[0].n|weight_rom:WM|dout[2]                                                                                                        ; Stuck at GND due to stuck port data_in                                                             ;
; axil_mlp:mlp|MLP:core|layer:l1|neuron:neuron_gen[3].n|bias[0..16]                                                                                                                  ; Stuck at GND due to stuck port data_in                                                             ;
; axil_mlp:mlp|MLP:core|layer:l1|neuron:neuron_gen[3].n|bias[17..19]                                                                                                                 ; Stuck at VCC due to stuck port data_in                                                             ;
; axil_mlp:mlp|MLP:core|layer:l1|neuron:neuron_gen[3].n|bias[20]                                                                                                                     ; Stuck at GND due to stuck port data_in                                                             ;
; axil_mlp:mlp|MLP:core|layer:l1|neuron:neuron_gen[3].n|bias[21,22]                                                                                                                  ; Stuck at VCC due to stuck port data_in                                                             ;
; axil_mlp:mlp|MLP:core|layer:l1|neuron:neuron_gen[3].n|bias[23,24]                                                                                                                  ; Stuck at GND due to stuck port data_in                                                             ;
; axil_mlp:mlp|MLP:core|layer:l1|neuron:neuron_gen[3].n|bias[25..27]                                                                                                                 ; Stuck at VCC due to stuck port data_in                                                             ;
; axil_mlp:mlp|MLP:core|layer:l1|neuron:neuron_gen[3].n|bias[28]                                                                                                                     ; Stuck at GND due to stuck port data_in                                                             ;
; axil_mlp:mlp|MLP:core|layer:l1|neuron:neuron_gen[3].n|bias[29..63]                                                                                                                 ; Stuck at VCC due to stuck port data_in                                                             ;
; axil_mlp:mlp|MLP:core|layer:l1|neuron:neuron_gen[3].n|weight_rom:WM|dout[0]                                                                                                        ; Stuck at GND due to stuck port data_in                                                             ;
; axil_mlp:mlp|MLP:core|layer:l1|neuron:neuron_gen[2].n|bias[0..15]                                                                                                                  ; Stuck at GND due to stuck port data_in                                                             ;
; axil_mlp:mlp|MLP:core|layer:l1|neuron:neuron_gen[2].n|bias[16]                                                                                                                     ; Stuck at VCC due to stuck port data_in                                                             ;
; axil_mlp:mlp|MLP:core|layer:l1|neuron:neuron_gen[2].n|bias[17..19]                                                                                                                 ; Stuck at GND due to stuck port data_in                                                             ;
; axil_mlp:mlp|MLP:core|layer:l1|neuron:neuron_gen[2].n|bias[20..27]                                                                                                                 ; Stuck at VCC due to stuck port data_in                                                             ;
; axil_mlp:mlp|MLP:core|layer:l1|neuron:neuron_gen[2].n|bias[28,29]                                                                                                                  ; Stuck at GND due to stuck port data_in                                                             ;
; axil_mlp:mlp|MLP:core|layer:l1|neuron:neuron_gen[2].n|bias[30,31]                                                                                                                  ; Stuck at VCC due to stuck port data_in                                                             ;
; axil_mlp:mlp|MLP:core|layer:l1|neuron:neuron_gen[2].n|bias[32..63]                                                                                                                 ; Stuck at GND due to stuck port data_in                                                             ;
; axil_mlp:mlp|MLP:core|layer:l1|neuron:neuron_gen[2].n|weight_rom:WM|dout[1]                                                                                                        ; Stuck at GND due to stuck port data_in                                                             ;
; axil_mlp:mlp|MLP:core|layer:l1|neuron:neuron_gen[1].n|bias[0..15]                                                                                                                  ; Stuck at GND due to stuck port data_in                                                             ;
; axil_mlp:mlp|MLP:core|layer:l1|neuron:neuron_gen[1].n|bias[16..21]                                                                                                                 ; Stuck at VCC due to stuck port data_in                                                             ;
; axil_mlp:mlp|MLP:core|layer:l1|neuron:neuron_gen[1].n|bias[22]                                                                                                                     ; Stuck at GND due to stuck port data_in                                                             ;
; axil_mlp:mlp|MLP:core|layer:l1|neuron:neuron_gen[1].n|bias[23]                                                                                                                     ; Stuck at VCC due to stuck port data_in                                                             ;
; axil_mlp:mlp|MLP:core|layer:l1|neuron:neuron_gen[1].n|bias[24,25]                                                                                                                  ; Stuck at GND due to stuck port data_in                                                             ;
; axil_mlp:mlp|MLP:core|layer:l1|neuron:neuron_gen[1].n|bias[26,27]                                                                                                                  ; Stuck at VCC due to stuck port data_in                                                             ;
; axil_mlp:mlp|MLP:core|layer:l1|neuron:neuron_gen[1].n|bias[28]                                                                                                                     ; Stuck at GND due to stuck port data_in                                                             ;
; axil_mlp:mlp|MLP:core|layer:l1|neuron:neuron_gen[1].n|bias[29..31]                                                                                                                 ; Stuck at VCC due to stuck port data_in                                                             ;
; axil_mlp:mlp|MLP:core|layer:l1|neuron:neuron_gen[1].n|bias[32..63]                                                                                                                 ; Stuck at GND due to stuck port data_in                                                             ;
; axil_mlp:mlp|MLP:core|layer:l1|neuron:neuron_gen[1].n|weight_rom:WM|dout[13,14,17..31]                                                                                             ; Stuck at GND due to stuck port data_in                                                             ;
; axil_mlp:mlp|MLP:core|layer:l1|neuron:neuron_gen[0].n|bias[0..15]                                                                                                                  ; Stuck at GND due to stuck port data_in                                                             ;
; axil_mlp:mlp|MLP:core|layer:l1|neuron:neuron_gen[0].n|bias[16..18]                                                                                                                 ; Stuck at VCC due to stuck port data_in                                                             ;
; axil_mlp:mlp|MLP:core|layer:l1|neuron:neuron_gen[0].n|bias[19]                                                                                                                     ; Stuck at GND due to stuck port data_in                                                             ;
; axil_mlp:mlp|MLP:core|layer:l1|neuron:neuron_gen[0].n|bias[20..23]                                                                                                                 ; Stuck at VCC due to stuck port data_in                                                             ;
; axil_mlp:mlp|MLP:core|layer:l1|neuron:neuron_gen[0].n|bias[24]                                                                                                                     ; Stuck at GND due to stuck port data_in                                                             ;
; axil_mlp:mlp|MLP:core|layer:l1|neuron:neuron_gen[0].n|bias[25,26]                                                                                                                  ; Stuck at VCC due to stuck port data_in                                                             ;
; axil_mlp:mlp|MLP:core|layer:l1|neuron:neuron_gen[0].n|bias[27]                                                                                                                     ; Stuck at GND due to stuck port data_in                                                             ;
; axil_mlp:mlp|MLP:core|layer:l1|neuron:neuron_gen[0].n|bias[28]                                                                                                                     ; Stuck at VCC due to stuck port data_in                                                             ;
; axil_mlp:mlp|MLP:core|layer:l1|neuron:neuron_gen[0].n|bias[29..31]                                                                                                                 ; Stuck at GND due to stuck port data_in                                                             ;
; axil_mlp:mlp|MLP:core|layer:l1|neuron:neuron_gen[0].n|bias[32..63]                                                                                                                 ; Stuck at VCC due to stuck port data_in                                                             ;
; picorv32_axi:cpu|picorv32:picorv32_core|instr_retirq                                                                                                                               ; Stuck at GND due to stuck port data_in                                                             ;
; picorv32_axi:cpu|picorv32:picorv32_core|instr_waitirq                                                                                                                              ; Stuck at GND due to stuck port data_in                                                             ;
; picorv32_axi:cpu|picorv32:picorv32_core|decoded_imm_j[0]                                                                                                                           ; Stuck at GND due to stuck port data_in                                                             ;
; picorv32_axi:cpu|picorv32:picorv32_core|instr_getq                                                                                                                                 ; Stuck at GND due to stuck port data_in                                                             ;
; picorv32_axi:cpu|picorv32:picorv32_core|instr_setq                                                                                                                                 ; Stuck at GND due to stuck port data_in                                                             ;
; picorv32_axi:cpu|picorv32:picorv32_core|instr_maskirq                                                                                                                              ; Stuck at GND due to stuck port data_in                                                             ;
; picorv32_axi:cpu|picorv32:picorv32_core|instr_timer                                                                                                                                ; Stuck at GND due to stuck port data_in                                                             ;
; picorv32_axi:cpu|picorv32:picorv32_core|do_waitirq                                                                                                                                 ; Stuck at GND due to stuck port data_in                                                             ;
; picorv32_axi:cpu|picorv32:picorv32_core|irq_state[0,1]                                                                                                                             ; Stuck at GND due to stuck port data_in                                                             ;
; picorv32_axi:cpu|picorv32:picorv32_core|picorv32_pcpi_mul:pcpi_mul|rdx[0..3,5..7,9..11,13..15,17..19,21..23,25..27,29..31,33..35,37..39,41..43,45..47,49..51,53..55,57..59,61..63] ; Stuck at GND due to stuck port data_in                                                             ;
; axi_sensor_controller:sensors|ds2331_driver:ds2331|i2c_addr[0..2,4]                                                                                                                ; Stuck at GND due to stuck port data_in                                                             ;
; axi_sensor_controller:sensors|ds2331_driver:ds2331|i2c_data_wr[0,2..7]                                                                                                             ; Stuck at GND due to stuck port data_in                                                             ;
; axil_mlp:mlp|MLP:core|layer:l3|neuron:neuron_gen[0].n|Mult0~mult_ll_pl[0][0]                                                                                                       ; Lost fanout                                                                                        ;
; axil_mlp:mlp|MLP:core|layer:l3|neuron:neuron_gen[0].n|Mult0~mult_ll_pl[0][1]                                                                                                       ; Lost fanout                                                                                        ;
; axil_mlp:mlp|MLP:core|layer:l3|neuron:neuron_gen[0].n|Mult0~mult_ll_pl[0][2]                                                                                                       ; Lost fanout                                                                                        ;
; axil_mlp:mlp|MLP:core|layer:l3|neuron:neuron_gen[0].n|Mult0~mult_ll_pl[0][3]                                                                                                       ; Lost fanout                                                                                        ;
; axil_mlp:mlp|MLP:core|layer:l3|neuron:neuron_gen[0].n|Mult0~mult_ll_pl[0][4]                                                                                                       ; Lost fanout                                                                                        ;
; axil_mlp:mlp|MLP:core|layer:l3|neuron:neuron_gen[0].n|Mult0~mult_ll_pl[0][5]                                                                                                       ; Lost fanout                                                                                        ;
; axil_mlp:mlp|MLP:core|layer:l3|neuron:neuron_gen[0].n|Mult0~mult_ll_pl[0][6]                                                                                                       ; Lost fanout                                                                                        ;
; axil_mlp:mlp|MLP:core|layer:l3|neuron:neuron_gen[0].n|Mult0~mult_ll_pl[0][7]                                                                                                       ; Lost fanout                                                                                        ;
; axil_mlp:mlp|MLP:core|layer:l3|neuron:neuron_gen[0].n|Mult0~mult_ll_pl[0][8]                                                                                                       ; Lost fanout                                                                                        ;
; axil_mlp:mlp|MLP:core|layer:l3|neuron:neuron_gen[0].n|Mult0~mult_ll_pl[0][9]                                                                                                       ; Lost fanout                                                                                        ;
; axil_mlp:mlp|MLP:core|layer:l3|neuron:neuron_gen[0].n|Mult0~mult_ll_pl[0][10]                                                                                                      ; Lost fanout                                                                                        ;
; axil_mlp:mlp|MLP:core|layer:l3|neuron:neuron_gen[0].n|Mult0~mult_ll_pl[0][11]                                                                                                      ; Lost fanout                                                                                        ;
; axil_mlp:mlp|MLP:core|layer:l3|neuron:neuron_gen[0].n|Mult0~mult_ll_pl[0][12]                                                                                                      ; Lost fanout                                                                                        ;
; axil_mlp:mlp|MLP:core|layer:l3|neuron:neuron_gen[0].n|Mult0~mult_ll_pl[0][13]                                                                                                      ; Lost fanout                                                                                        ;
; axil_mlp:mlp|MLP:core|layer:l3|neuron:neuron_gen[0].n|Mult0~mult_ll_pl[0][14]                                                                                                      ; Lost fanout                                                                                        ;
; axil_mlp:mlp|MLP:core|layer:l3|neuron:neuron_gen[0].n|Mult0~mult_ll_pl[0][15]                                                                                                      ; Lost fanout                                                                                        ;
; axil_mlp:mlp|MLP:core|layer:l3|neuron:neuron_gen[0].n|Mult0~mult_ll_pl[0][16]                                                                                                      ; Lost fanout                                                                                        ;
; axil_mlp:mlp|MLP:core|layer:l3|neuron:neuron_gen[0].n|Mult0~mult_ll_pl[0][17]                                                                                                      ; Lost fanout                                                                                        ;
; axil_mlp:mlp|MLP:core|layer:l2|neuron:neuron_gen[3].n|Mult0~mult_ll_pl[0][0]                                                                                                       ; Lost fanout                                                                                        ;
; axil_mlp:mlp|MLP:core|layer:l2|neuron:neuron_gen[3].n|Mult0~mult_ll_pl[0][1]                                                                                                       ; Lost fanout                                                                                        ;
; axil_mlp:mlp|MLP:core|layer:l2|neuron:neuron_gen[3].n|Mult0~mult_ll_pl[0][2]                                                                                                       ; Lost fanout                                                                                        ;
; axil_mlp:mlp|MLP:core|layer:l2|neuron:neuron_gen[3].n|Mult0~mult_ll_pl[0][3]                                                                                                       ; Lost fanout                                                                                        ;
; axil_mlp:mlp|MLP:core|layer:l2|neuron:neuron_gen[3].n|Mult0~mult_ll_pl[0][4]                                                                                                       ; Lost fanout                                                                                        ;
; axil_mlp:mlp|MLP:core|layer:l2|neuron:neuron_gen[3].n|Mult0~mult_ll_pl[0][5]                                                                                                       ; Lost fanout                                                                                        ;
; axil_mlp:mlp|MLP:core|layer:l2|neuron:neuron_gen[3].n|Mult0~mult_ll_pl[0][6]                                                                                                       ; Lost fanout                                                                                        ;
; axil_mlp:mlp|MLP:core|layer:l2|neuron:neuron_gen[3].n|Mult0~mult_ll_pl[0][7]                                                                                                       ; Lost fanout                                                                                        ;
; axil_mlp:mlp|MLP:core|layer:l2|neuron:neuron_gen[3].n|Mult0~mult_ll_pl[0][8]                                                                                                       ; Lost fanout                                                                                        ;
; axil_mlp:mlp|MLP:core|layer:l2|neuron:neuron_gen[3].n|Mult0~mult_ll_pl[0][9]                                                                                                       ; Lost fanout                                                                                        ;
; axil_mlp:mlp|MLP:core|layer:l2|neuron:neuron_gen[3].n|Mult0~mult_ll_pl[0][10]                                                                                                      ; Lost fanout                                                                                        ;
; axil_mlp:mlp|MLP:core|layer:l2|neuron:neuron_gen[3].n|Mult0~mult_ll_pl[0][11]                                                                                                      ; Lost fanout                                                                                        ;
; axil_mlp:mlp|MLP:core|layer:l2|neuron:neuron_gen[3].n|Mult0~mult_ll_pl[0][12]                                                                                                      ; Lost fanout                                                                                        ;
; axil_mlp:mlp|MLP:core|layer:l2|neuron:neuron_gen[3].n|Mult0~mult_ll_pl[0][13]                                                                                                      ; Lost fanout                                                                                        ;
; axil_mlp:mlp|MLP:core|layer:l2|neuron:neuron_gen[3].n|Mult0~mult_ll_pl[0][14]                                                                                                      ; Lost fanout                                                                                        ;
; axil_mlp:mlp|MLP:core|layer:l2|neuron:neuron_gen[3].n|Mult0~mult_ll_pl[0][15]                                                                                                      ; Lost fanout                                                                                        ;
; axil_mlp:mlp|MLP:core|layer:l2|neuron:neuron_gen[3].n|Mult0~mult_ll_pl[0][16]                                                                                                      ; Lost fanout                                                                                        ;
; axil_mlp:mlp|MLP:core|layer:l2|neuron:neuron_gen[3].n|Mult0~mult_ll_pl[0][17]                                                                                                      ; Lost fanout                                                                                        ;
; axil_mlp:mlp|MLP:core|layer:l2|neuron:neuron_gen[2].n|Mult0~mult_ll_pl[0][0]                                                                                                       ; Lost fanout                                                                                        ;
; axil_mlp:mlp|MLP:core|layer:l2|neuron:neuron_gen[2].n|Mult0~mult_ll_pl[0][1]                                                                                                       ; Lost fanout                                                                                        ;
; axil_mlp:mlp|MLP:core|layer:l2|neuron:neuron_gen[2].n|Mult0~mult_ll_pl[0][2]                                                                                                       ; Lost fanout                                                                                        ;
; axil_mlp:mlp|MLP:core|layer:l2|neuron:neuron_gen[2].n|Mult0~mult_ll_pl[0][3]                                                                                                       ; Lost fanout                                                                                        ;
; axil_mlp:mlp|MLP:core|layer:l2|neuron:neuron_gen[2].n|Mult0~mult_ll_pl[0][4]                                                                                                       ; Lost fanout                                                                                        ;
; axil_mlp:mlp|MLP:core|layer:l2|neuron:neuron_gen[2].n|Mult0~mult_ll_pl[0][5]                                                                                                       ; Lost fanout                                                                                        ;
; axil_mlp:mlp|MLP:core|layer:l2|neuron:neuron_gen[2].n|Mult0~mult_ll_pl[0][6]                                                                                                       ; Lost fanout                                                                                        ;
; axil_mlp:mlp|MLP:core|layer:l2|neuron:neuron_gen[2].n|Mult0~mult_ll_pl[0][7]                                                                                                       ; Lost fanout                                                                                        ;
; axil_mlp:mlp|MLP:core|layer:l2|neuron:neuron_gen[2].n|Mult0~mult_ll_pl[0][8]                                                                                                       ; Lost fanout                                                                                        ;
; axil_mlp:mlp|MLP:core|layer:l2|neuron:neuron_gen[2].n|Mult0~mult_ll_pl[0][9]                                                                                                       ; Lost fanout                                                                                        ;
; axil_mlp:mlp|MLP:core|layer:l2|neuron:neuron_gen[2].n|Mult0~mult_ll_pl[0][10]                                                                                                      ; Lost fanout                                                                                        ;
; axil_mlp:mlp|MLP:core|layer:l2|neuron:neuron_gen[2].n|Mult0~mult_ll_pl[0][11]                                                                                                      ; Lost fanout                                                                                        ;
; axil_mlp:mlp|MLP:core|layer:l2|neuron:neuron_gen[2].n|Mult0~mult_ll_pl[0][12]                                                                                                      ; Lost fanout                                                                                        ;
; axil_mlp:mlp|MLP:core|layer:l2|neuron:neuron_gen[2].n|Mult0~mult_ll_pl[0][13]                                                                                                      ; Lost fanout                                                                                        ;
; axil_mlp:mlp|MLP:core|layer:l2|neuron:neuron_gen[2].n|Mult0~mult_ll_pl[0][14]                                                                                                      ; Lost fanout                                                                                        ;
; axil_mlp:mlp|MLP:core|layer:l2|neuron:neuron_gen[2].n|Mult0~mult_ll_pl[0][15]                                                                                                      ; Lost fanout                                                                                        ;
; axil_mlp:mlp|MLP:core|layer:l2|neuron:neuron_gen[2].n|Mult0~mult_ll_pl[0][16]                                                                                                      ; Lost fanout                                                                                        ;
; axil_mlp:mlp|MLP:core|layer:l2|neuron:neuron_gen[2].n|Mult0~mult_ll_pl[0][17]                                                                                                      ; Lost fanout                                                                                        ;
; axil_mlp:mlp|MLP:core|layer:l2|neuron:neuron_gen[1].n|Mult0~mult_ll_pl[0][0]                                                                                                       ; Lost fanout                                                                                        ;
; axil_mlp:mlp|MLP:core|layer:l2|neuron:neuron_gen[1].n|Mult0~mult_ll_pl[0][1]                                                                                                       ; Lost fanout                                                                                        ;
; axil_mlp:mlp|MLP:core|layer:l2|neuron:neuron_gen[1].n|Mult0~mult_ll_pl[0][2]                                                                                                       ; Lost fanout                                                                                        ;
; axil_mlp:mlp|MLP:core|layer:l2|neuron:neuron_gen[1].n|Mult0~mult_ll_pl[0][3]                                                                                                       ; Lost fanout                                                                                        ;
; axil_mlp:mlp|MLP:core|layer:l2|neuron:neuron_gen[1].n|Mult0~mult_ll_pl[0][4]                                                                                                       ; Lost fanout                                                                                        ;
; axil_mlp:mlp|MLP:core|layer:l2|neuron:neuron_gen[1].n|Mult0~mult_ll_pl[0][5]                                                                                                       ; Lost fanout                                                                                        ;
; axil_mlp:mlp|MLP:core|layer:l2|neuron:neuron_gen[1].n|Mult0~mult_ll_pl[0][6]                                                                                                       ; Lost fanout                                                                                        ;
; axil_mlp:mlp|MLP:core|layer:l2|neuron:neuron_gen[1].n|Mult0~mult_ll_pl[0][7]                                                                                                       ; Lost fanout                                                                                        ;
; axil_mlp:mlp|MLP:core|layer:l2|neuron:neuron_gen[1].n|Mult0~mult_ll_pl[0][8]                                                                                                       ; Lost fanout                                                                                        ;
; axil_mlp:mlp|MLP:core|layer:l2|neuron:neuron_gen[1].n|Mult0~mult_ll_pl[0][9]                                                                                                       ; Lost fanout                                                                                        ;
; axil_mlp:mlp|MLP:core|layer:l2|neuron:neuron_gen[1].n|Mult0~mult_ll_pl[0][10]                                                                                                      ; Lost fanout                                                                                        ;
; axil_mlp:mlp|MLP:core|layer:l2|neuron:neuron_gen[1].n|Mult0~mult_ll_pl[0][11]                                                                                                      ; Lost fanout                                                                                        ;
; axil_mlp:mlp|MLP:core|layer:l2|neuron:neuron_gen[1].n|Mult0~mult_ll_pl[0][12]                                                                                                      ; Lost fanout                                                                                        ;
; axil_mlp:mlp|MLP:core|layer:l2|neuron:neuron_gen[1].n|Mult0~mult_ll_pl[0][13]                                                                                                      ; Lost fanout                                                                                        ;
; axil_mlp:mlp|MLP:core|layer:l2|neuron:neuron_gen[1].n|Mult0~mult_ll_pl[0][14]                                                                                                      ; Lost fanout                                                                                        ;
; axil_mlp:mlp|MLP:core|layer:l2|neuron:neuron_gen[1].n|Mult0~mult_ll_pl[0][15]                                                                                                      ; Lost fanout                                                                                        ;
; axil_mlp:mlp|MLP:core|layer:l2|neuron:neuron_gen[1].n|Mult0~mult_ll_pl[0][16]                                                                                                      ; Lost fanout                                                                                        ;
; axil_mlp:mlp|MLP:core|layer:l2|neuron:neuron_gen[1].n|Mult0~mult_ll_pl[0][17]                                                                                                      ; Lost fanout                                                                                        ;
; axil_mlp:mlp|MLP:core|layer:l2|neuron:neuron_gen[0].n|Mult0~mult_ll_pl[0][0]                                                                                                       ; Lost fanout                                                                                        ;
; axil_mlp:mlp|MLP:core|layer:l2|neuron:neuron_gen[0].n|Mult0~mult_ll_pl[0][1]                                                                                                       ; Lost fanout                                                                                        ;
; axil_mlp:mlp|MLP:core|layer:l2|neuron:neuron_gen[0].n|Mult0~mult_ll_pl[0][2]                                                                                                       ; Lost fanout                                                                                        ;
; axil_mlp:mlp|MLP:core|layer:l2|neuron:neuron_gen[0].n|Mult0~mult_ll_pl[0][3]                                                                                                       ; Lost fanout                                                                                        ;
; axil_mlp:mlp|MLP:core|layer:l2|neuron:neuron_gen[0].n|Mult0~mult_ll_pl[0][4]                                                                                                       ; Lost fanout                                                                                        ;
; axil_mlp:mlp|MLP:core|layer:l2|neuron:neuron_gen[0].n|Mult0~mult_ll_pl[0][5]                                                                                                       ; Lost fanout                                                                                        ;
; axil_mlp:mlp|MLP:core|layer:l2|neuron:neuron_gen[0].n|Mult0~mult_ll_pl[0][6]                                                                                                       ; Lost fanout                                                                                        ;
; axil_mlp:mlp|MLP:core|layer:l2|neuron:neuron_gen[0].n|Mult0~mult_ll_pl[0][7]                                                                                                       ; Lost fanout                                                                                        ;
; axil_mlp:mlp|MLP:core|layer:l2|neuron:neuron_gen[0].n|Mult0~mult_ll_pl[0][8]                                                                                                       ; Lost fanout                                                                                        ;
; axil_mlp:mlp|MLP:core|layer:l2|neuron:neuron_gen[0].n|Mult0~mult_ll_pl[0][9]                                                                                                       ; Lost fanout                                                                                        ;
; axil_mlp:mlp|MLP:core|layer:l2|neuron:neuron_gen[0].n|Mult0~mult_ll_pl[0][10]                                                                                                      ; Lost fanout                                                                                        ;
; axil_mlp:mlp|MLP:core|layer:l2|neuron:neuron_gen[0].n|Mult0~mult_ll_pl[0][11]                                                                                                      ; Lost fanout                                                                                        ;
; axil_mlp:mlp|MLP:core|layer:l2|neuron:neuron_gen[0].n|Mult0~mult_ll_pl[0][12]                                                                                                      ; Lost fanout                                                                                        ;
; axil_mlp:mlp|MLP:core|layer:l2|neuron:neuron_gen[0].n|Mult0~mult_ll_pl[0][13]                                                                                                      ; Lost fanout                                                                                        ;
; axil_mlp:mlp|MLP:core|layer:l2|neuron:neuron_gen[0].n|Mult0~mult_ll_pl[0][14]                                                                                                      ; Lost fanout                                                                                        ;
; axil_mlp:mlp|MLP:core|layer:l2|neuron:neuron_gen[0].n|Mult0~mult_ll_pl[0][15]                                                                                                      ; Lost fanout                                                                                        ;
; axil_mlp:mlp|MLP:core|layer:l2|neuron:neuron_gen[0].n|Mult0~mult_ll_pl[0][16]                                                                                                      ; Lost fanout                                                                                        ;
; axil_mlp:mlp|MLP:core|layer:l2|neuron:neuron_gen[0].n|Mult0~mult_ll_pl[0][17]                                                                                                      ; Lost fanout                                                                                        ;
; axil_mlp:mlp|MLP:core|layer:l1|neuron:neuron_gen[3].n|Mult0~mult_ll_pl[0][0]                                                                                                       ; Lost fanout                                                                                        ;
; axil_mlp:mlp|MLP:core|layer:l1|neuron:neuron_gen[3].n|Mult0~mult_ll_pl[0][1]                                                                                                       ; Lost fanout                                                                                        ;
; axil_mlp:mlp|MLP:core|layer:l1|neuron:neuron_gen[3].n|Mult0~mult_ll_pl[0][2]                                                                                                       ; Lost fanout                                                                                        ;
; axil_mlp:mlp|MLP:core|layer:l1|neuron:neuron_gen[3].n|Mult0~mult_ll_pl[0][3]                                                                                                       ; Lost fanout                                                                                        ;
; axil_mlp:mlp|MLP:core|layer:l1|neuron:neuron_gen[3].n|Mult0~mult_ll_pl[0][4]                                                                                                       ; Lost fanout                                                                                        ;
; axil_mlp:mlp|MLP:core|layer:l1|neuron:neuron_gen[3].n|Mult0~mult_ll_pl[0][5]                                                                                                       ; Lost fanout                                                                                        ;
; axil_mlp:mlp|MLP:core|layer:l1|neuron:neuron_gen[3].n|Mult0~mult_ll_pl[0][6]                                                                                                       ; Lost fanout                                                                                        ;
; axil_mlp:mlp|MLP:core|layer:l1|neuron:neuron_gen[3].n|Mult0~mult_ll_pl[0][7]                                                                                                       ; Lost fanout                                                                                        ;
; axil_mlp:mlp|MLP:core|layer:l1|neuron:neuron_gen[3].n|Mult0~mult_ll_pl[0][8]                                                                                                       ; Lost fanout                                                                                        ;
; axil_mlp:mlp|MLP:core|layer:l1|neuron:neuron_gen[3].n|Mult0~mult_ll_pl[0][9]                                                                                                       ; Lost fanout                                                                                        ;
; axil_mlp:mlp|MLP:core|layer:l1|neuron:neuron_gen[3].n|Mult0~mult_ll_pl[0][10]                                                                                                      ; Lost fanout                                                                                        ;
; axil_mlp:mlp|MLP:core|layer:l1|neuron:neuron_gen[3].n|Mult0~mult_ll_pl[0][11]                                                                                                      ; Lost fanout                                                                                        ;
; axil_mlp:mlp|MLP:core|layer:l1|neuron:neuron_gen[3].n|Mult0~mult_ll_pl[0][12]                                                                                                      ; Lost fanout                                                                                        ;
; axil_mlp:mlp|MLP:core|layer:l1|neuron:neuron_gen[3].n|Mult0~mult_ll_pl[0][13]                                                                                                      ; Lost fanout                                                                                        ;
; axil_mlp:mlp|MLP:core|layer:l1|neuron:neuron_gen[3].n|Mult0~mult_ll_pl[0][14]                                                                                                      ; Lost fanout                                                                                        ;
; axil_mlp:mlp|MLP:core|layer:l1|neuron:neuron_gen[3].n|Mult0~mult_ll_pl[0][15]                                                                                                      ; Lost fanout                                                                                        ;
; axil_mlp:mlp|MLP:core|layer:l1|neuron:neuron_gen[3].n|Mult0~mult_ll_pl[0][16]                                                                                                      ; Lost fanout                                                                                        ;
; axil_mlp:mlp|MLP:core|layer:l1|neuron:neuron_gen[3].n|Mult0~mult_ll_pl[0][17]                                                                                                      ; Lost fanout                                                                                        ;
; axil_mlp:mlp|MLP:core|layer:l1|neuron:neuron_gen[2].n|Mult0~mult_ll_pl[0][0]                                                                                                       ; Lost fanout                                                                                        ;
; axil_mlp:mlp|MLP:core|layer:l1|neuron:neuron_gen[2].n|Mult0~mult_ll_pl[0][1]                                                                                                       ; Lost fanout                                                                                        ;
; axil_mlp:mlp|MLP:core|layer:l1|neuron:neuron_gen[2].n|Mult0~mult_ll_pl[0][2]                                                                                                       ; Lost fanout                                                                                        ;
; axil_mlp:mlp|MLP:core|layer:l1|neuron:neuron_gen[2].n|Mult0~mult_ll_pl[0][3]                                                                                                       ; Lost fanout                                                                                        ;
; axil_mlp:mlp|MLP:core|layer:l1|neuron:neuron_gen[2].n|Mult0~mult_ll_pl[0][4]                                                                                                       ; Lost fanout                                                                                        ;
; axil_mlp:mlp|MLP:core|layer:l1|neuron:neuron_gen[2].n|Mult0~mult_ll_pl[0][5]                                                                                                       ; Lost fanout                                                                                        ;
; axil_mlp:mlp|MLP:core|layer:l1|neuron:neuron_gen[2].n|Mult0~mult_ll_pl[0][6]                                                                                                       ; Lost fanout                                                                                        ;
; axil_mlp:mlp|MLP:core|layer:l1|neuron:neuron_gen[2].n|Mult0~mult_ll_pl[0][7]                                                                                                       ; Lost fanout                                                                                        ;
; axil_mlp:mlp|MLP:core|layer:l1|neuron:neuron_gen[2].n|Mult0~mult_ll_pl[0][8]                                                                                                       ; Lost fanout                                                                                        ;
; axil_mlp:mlp|MLP:core|layer:l1|neuron:neuron_gen[2].n|Mult0~mult_ll_pl[0][9]                                                                                                       ; Lost fanout                                                                                        ;
; axil_mlp:mlp|MLP:core|layer:l1|neuron:neuron_gen[2].n|Mult0~mult_ll_pl[0][10]                                                                                                      ; Lost fanout                                                                                        ;
; axil_mlp:mlp|MLP:core|layer:l1|neuron:neuron_gen[2].n|Mult0~mult_ll_pl[0][11]                                                                                                      ; Lost fanout                                                                                        ;
; axil_mlp:mlp|MLP:core|layer:l1|neuron:neuron_gen[2].n|Mult0~mult_ll_pl[0][12]                                                                                                      ; Lost fanout                                                                                        ;
; axil_mlp:mlp|MLP:core|layer:l1|neuron:neuron_gen[2].n|Mult0~mult_ll_pl[0][13]                                                                                                      ; Lost fanout                                                                                        ;
; axil_mlp:mlp|MLP:core|layer:l1|neuron:neuron_gen[2].n|Mult0~mult_ll_pl[0][14]                                                                                                      ; Lost fanout                                                                                        ;
; axil_mlp:mlp|MLP:core|layer:l1|neuron:neuron_gen[2].n|Mult0~mult_ll_pl[0][15]                                                                                                      ; Lost fanout                                                                                        ;
; axil_mlp:mlp|MLP:core|layer:l1|neuron:neuron_gen[2].n|Mult0~mult_ll_pl[0][16]                                                                                                      ; Lost fanout                                                                                        ;
; axil_mlp:mlp|MLP:core|layer:l1|neuron:neuron_gen[2].n|Mult0~mult_ll_pl[0][17]                                                                                                      ; Lost fanout                                                                                        ;
; axil_mlp:mlp|MLP:core|layer:l1|neuron:neuron_gen[0].n|Mult0~mult_ll_pl[0][0]                                                                                                       ; Lost fanout                                                                                        ;
; axil_mlp:mlp|MLP:core|layer:l1|neuron:neuron_gen[0].n|Mult0~mult_ll_pl[0][1]                                                                                                       ; Lost fanout                                                                                        ;
; axil_mlp:mlp|MLP:core|layer:l1|neuron:neuron_gen[0].n|Mult0~mult_ll_pl[0][2]                                                                                                       ; Lost fanout                                                                                        ;
; axil_mlp:mlp|MLP:core|layer:l1|neuron:neuron_gen[0].n|Mult0~mult_ll_pl[0][3]                                                                                                       ; Lost fanout                                                                                        ;
; axil_mlp:mlp|MLP:core|layer:l1|neuron:neuron_gen[0].n|Mult0~mult_ll_pl[0][4]                                                                                                       ; Lost fanout                                                                                        ;
; axil_mlp:mlp|MLP:core|layer:l1|neuron:neuron_gen[0].n|Mult0~mult_ll_pl[0][5]                                                                                                       ; Lost fanout                                                                                        ;
; axil_mlp:mlp|MLP:core|layer:l1|neuron:neuron_gen[0].n|Mult0~mult_ll_pl[0][6]                                                                                                       ; Lost fanout                                                                                        ;
; axil_mlp:mlp|MLP:core|layer:l1|neuron:neuron_gen[0].n|Mult0~mult_ll_pl[0][7]                                                                                                       ; Lost fanout                                                                                        ;
; axil_mlp:mlp|MLP:core|layer:l1|neuron:neuron_gen[0].n|Mult0~mult_ll_pl[0][8]                                                                                                       ; Lost fanout                                                                                        ;
; axil_mlp:mlp|MLP:core|layer:l1|neuron:neuron_gen[0].n|Mult0~mult_ll_pl[0][9]                                                                                                       ; Lost fanout                                                                                        ;
; axil_mlp:mlp|MLP:core|layer:l1|neuron:neuron_gen[0].n|Mult0~mult_ll_pl[0][10]                                                                                                      ; Lost fanout                                                                                        ;
; axil_mlp:mlp|MLP:core|layer:l1|neuron:neuron_gen[0].n|Mult0~mult_ll_pl[0][11]                                                                                                      ; Lost fanout                                                                                        ;
; axil_mlp:mlp|MLP:core|layer:l1|neuron:neuron_gen[0].n|Mult0~mult_ll_pl[0][12]                                                                                                      ; Lost fanout                                                                                        ;
; axil_mlp:mlp|MLP:core|layer:l1|neuron:neuron_gen[0].n|Mult0~mult_ll_pl[0][13]                                                                                                      ; Lost fanout                                                                                        ;
; axil_mlp:mlp|MLP:core|layer:l1|neuron:neuron_gen[0].n|Mult0~mult_ll_pl[0][14]                                                                                                      ; Lost fanout                                                                                        ;
; axil_mlp:mlp|MLP:core|layer:l1|neuron:neuron_gen[0].n|Mult0~mult_ll_pl[0][15]                                                                                                      ; Lost fanout                                                                                        ;
; axil_mlp:mlp|MLP:core|layer:l1|neuron:neuron_gen[0].n|Mult0~mult_ll_pl[0][16]                                                                                                      ; Lost fanout                                                                                        ;
; axil_mlp:mlp|MLP:core|layer:l1|neuron:neuron_gen[0].n|Mult0~mult_ll_pl[0][17]                                                                                                      ; Lost fanout                                                                                        ;
; axil_mlp:mlp|MLP:core|layer:l1|neuron:neuron_gen[0].n|Mult0~mult_lh_pl[0][0]                                                                                                       ; Lost fanout                                                                                        ;
; axil_mlp:mlp|MLP:core|layer:l1|neuron:neuron_gen[0].n|Mult0~mult_hl_pl[0][0]                                                                                                       ; Lost fanout                                                                                        ;
; axil_mlp:mlp|MLP:core|layer:l1|neuron:neuron_gen[0].n|Mult0~mult_lh_pl[0][1]                                                                                                       ; Lost fanout                                                                                        ;
; axil_mlp:mlp|MLP:core|layer:l1|neuron:neuron_gen[0].n|Mult0~mult_hl_pl[0][1]                                                                                                       ; Lost fanout                                                                                        ;
; axil_mlp:mlp|MLP:core|layer:l1|neuron:neuron_gen[0].n|Mult0~mult_lh_pl[0][2]                                                                                                       ; Lost fanout                                                                                        ;
; axil_mlp:mlp|MLP:core|layer:l1|neuron:neuron_gen[0].n|Mult0~mult_hl_pl[0][2]                                                                                                       ; Lost fanout                                                                                        ;
; axil_mlp:mlp|MLP:core|layer:l1|neuron:neuron_gen[0].n|Mult0~mult_lh_pl[0][3]                                                                                                       ; Lost fanout                                                                                        ;
; axil_mlp:mlp|MLP:core|layer:l1|neuron:neuron_gen[0].n|Mult0~mult_hl_pl[0][3]                                                                                                       ; Lost fanout                                                                                        ;
; axil_mlp:mlp|MLP:core|layer:l1|neuron:neuron_gen[0].n|Mult0~mult_lh_pl[0][4]                                                                                                       ; Lost fanout                                                                                        ;
; axil_mlp:mlp|MLP:core|layer:l1|neuron:neuron_gen[0].n|Mult0~mult_hl_pl[0][4]                                                                                                       ; Lost fanout                                                                                        ;
; axil_mlp:mlp|MLP:core|layer:l1|neuron:neuron_gen[0].n|Mult0~mult_lh_pl[0][5]                                                                                                       ; Lost fanout                                                                                        ;
; axil_mlp:mlp|MLP:core|layer:l1|neuron:neuron_gen[0].n|Mult0~mult_hl_pl[0][5]                                                                                                       ; Lost fanout                                                                                        ;
; axil_mlp:mlp|MLP:core|layer:l1|neuron:neuron_gen[0].n|Mult0~mult_lh_pl[0][6]                                                                                                       ; Lost fanout                                                                                        ;
; axil_mlp:mlp|MLP:core|layer:l1|neuron:neuron_gen[0].n|Mult0~mult_hl_pl[0][6]                                                                                                       ; Lost fanout                                                                                        ;
; axil_mlp:mlp|MLP:core|layer:l1|neuron:neuron_gen[0].n|Mult0~mult_lh_pl[0][7]                                                                                                       ; Lost fanout                                                                                        ;
; axil_mlp:mlp|MLP:core|layer:l1|neuron:neuron_gen[0].n|Mult0~mult_hl_pl[0][7]                                                                                                       ; Lost fanout                                                                                        ;
; axil_mlp:mlp|MLP:core|layer:l1|neuron:neuron_gen[0].n|Mult0~mult_lh_pl[0][8]                                                                                                       ; Lost fanout                                                                                        ;
; axil_mlp:mlp|MLP:core|layer:l1|neuron:neuron_gen[0].n|Mult0~mult_hl_pl[0][8]                                                                                                       ; Lost fanout                                                                                        ;
; axil_mlp:mlp|MLP:core|layer:l1|neuron:neuron_gen[0].n|Mult0~mult_lh_pl[0][9]                                                                                                       ; Lost fanout                                                                                        ;
; axil_mlp:mlp|MLP:core|layer:l1|neuron:neuron_gen[0].n|Mult0~mult_hl_pl[0][9]                                                                                                       ; Lost fanout                                                                                        ;
; axil_mlp:mlp|MLP:core|layer:l1|neuron:neuron_gen[0].n|Mult0~mult_lh_pl[0][10]                                                                                                      ; Lost fanout                                                                                        ;
; axil_mlp:mlp|MLP:core|layer:l1|neuron:neuron_gen[0].n|Mult0~mult_hl_pl[0][10]                                                                                                      ; Lost fanout                                                                                        ;
; axil_mlp:mlp|MLP:core|layer:l1|neuron:neuron_gen[0].n|Mult0~mult_lh_pl[0][11]                                                                                                      ; Lost fanout                                                                                        ;
; axil_mlp:mlp|MLP:core|layer:l1|neuron:neuron_gen[0].n|Mult0~mult_hl_pl[0][11]                                                                                                      ; Lost fanout                                                                                        ;
; axil_mlp:mlp|MLP:core|layer:l1|neuron:neuron_gen[0].n|Mult0~mult_lh_pl[0][12]                                                                                                      ; Lost fanout                                                                                        ;
; axil_mlp:mlp|MLP:core|layer:l1|neuron:neuron_gen[0].n|Mult0~mult_hl_pl[0][12]                                                                                                      ; Lost fanout                                                                                        ;
; axil_mlp:mlp|MLP:core|layer:l1|neuron:neuron_gen[0].n|Mult0~mult_lh_pl[0][13]                                                                                                      ; Lost fanout                                                                                        ;
; axil_mlp:mlp|MLP:core|layer:l1|neuron:neuron_gen[0].n|Mult0~mult_hl_pl[0][13]                                                                                                      ; Lost fanout                                                                                        ;
; axil_mlp:mlp|MLP:core|layer:l1|neuron:neuron_gen[0].n|Mult0~mult_lh_pl[0][14]                                                                                                      ; Lost fanout                                                                                        ;
; axil_mlp:mlp|MLP:core|layer:l1|neuron:neuron_gen[0].n|Mult0~mult_hl_pl[0][14]                                                                                                      ; Lost fanout                                                                                        ;
; axil_mlp:mlp|MLP:core|layer:l1|neuron:neuron_gen[0].n|Mult0~mult_lh_pl[0][15]                                                                                                      ; Lost fanout                                                                                        ;
; axil_mlp:mlp|MLP:core|layer:l1|neuron:neuron_gen[0].n|Mult0~mult_hl_pl[0][15]                                                                                                      ; Lost fanout                                                                                        ;
; axil_mlp:mlp|MLP:core|layer:l1|neuron:neuron_gen[0].n|Mult0~mult_lh_pl[0][16]                                                                                                      ; Lost fanout                                                                                        ;
; axil_mlp:mlp|MLP:core|layer:l1|neuron:neuron_gen[0].n|Mult0~mult_hl_pl[0][16]                                                                                                      ; Lost fanout                                                                                        ;
; axil_mlp:mlp|MLP:core|layer:l1|neuron:neuron_gen[0].n|Mult0~mult_lh_pl[0][17]                                                                                                      ; Lost fanout                                                                                        ;
; axil_mlp:mlp|MLP:core|layer:l1|neuron:neuron_gen[0].n|Mult0~mult_hl_pl[0][17]                                                                                                      ; Lost fanout                                                                                        ;
; axil_mlp:mlp|MLP:core|layer:l1|neuron:neuron_gen[0].n|Mult0~mult_lh_pl[0][18]                                                                                                      ; Lost fanout                                                                                        ;
; axil_mlp:mlp|MLP:core|layer:l1|neuron:neuron_gen[0].n|Mult0~mult_hl_pl[0][18]                                                                                                      ; Lost fanout                                                                                        ;
; axil_mlp:mlp|MLP:core|layer:l1|neuron:neuron_gen[0].n|Mult0~mult_lh_pl[0][19]                                                                                                      ; Lost fanout                                                                                        ;
; axil_mlp:mlp|MLP:core|layer:l1|neuron:neuron_gen[0].n|Mult0~mult_hl_pl[0][19]                                                                                                      ; Lost fanout                                                                                        ;
; axil_mlp:mlp|MLP:core|layer:l1|neuron:neuron_gen[0].n|Mult0~mult_lh_pl[0][20]                                                                                                      ; Lost fanout                                                                                        ;
; axil_mlp:mlp|MLP:core|layer:l1|neuron:neuron_gen[0].n|Mult0~mult_hl_pl[0][20]                                                                                                      ; Lost fanout                                                                                        ;
; axil_mlp:mlp|MLP:core|layer:l1|neuron:neuron_gen[0].n|Mult0~mult_lh_pl[0][21]                                                                                                      ; Lost fanout                                                                                        ;
; axil_mlp:mlp|MLP:core|layer:l1|neuron:neuron_gen[0].n|Mult0~mult_hl_pl[0][21]                                                                                                      ; Lost fanout                                                                                        ;
; axil_mlp:mlp|MLP:core|layer:l1|neuron:neuron_gen[0].n|Mult0~mult_lh_pl[0][22]                                                                                                      ; Lost fanout                                                                                        ;
; axil_mlp:mlp|MLP:core|layer:l1|neuron:neuron_gen[0].n|Mult0~mult_hl_pl[0][22]                                                                                                      ; Lost fanout                                                                                        ;
; axil_mlp:mlp|MLP:core|layer:l1|neuron:neuron_gen[0].n|Mult0~mult_lh_pl[0][23]                                                                                                      ; Lost fanout                                                                                        ;
; axil_mlp:mlp|MLP:core|layer:l1|neuron:neuron_gen[0].n|Mult0~mult_hl_pl[0][23]                                                                                                      ; Lost fanout                                                                                        ;
; axil_mlp:mlp|MLP:core|layer:l1|neuron:neuron_gen[0].n|Mult0~mult_lh_pl[0][24]                                                                                                      ; Lost fanout                                                                                        ;
; axil_mlp:mlp|MLP:core|layer:l1|neuron:neuron_gen[0].n|Mult0~mult_hl_pl[0][24]                                                                                                      ; Lost fanout                                                                                        ;
; axil_mlp:mlp|MLP:core|layer:l1|neuron:neuron_gen[0].n|Mult0~mult_lh_pl[0][25]                                                                                                      ; Lost fanout                                                                                        ;
; axil_mlp:mlp|MLP:core|layer:l1|neuron:neuron_gen[0].n|Mult0~mult_hl_pl[0][25]                                                                                                      ; Lost fanout                                                                                        ;
; axil_mlp:mlp|MLP:core|layer:l1|neuron:neuron_gen[0].n|Mult0~mult_lh_pl[0][26]                                                                                                      ; Lost fanout                                                                                        ;
; axil_mlp:mlp|MLP:core|layer:l1|neuron:neuron_gen[0].n|Mult0~mult_hl_pl[0][26]                                                                                                      ; Lost fanout                                                                                        ;
; axil_mlp:mlp|MLP:core|layer:l1|neuron:neuron_gen[0].n|Mult0~mult_lh_pl[0][27]                                                                                                      ; Lost fanout                                                                                        ;
; axil_mlp:mlp|MLP:core|layer:l1|neuron:neuron_gen[0].n|Mult0~mult_hl_pl[0][27]                                                                                                      ; Lost fanout                                                                                        ;
; axil_mlp:mlp|MLP:core|layer:l1|neuron:neuron_gen[0].n|Mult0~mult_lh_pl[0][28]                                                                                                      ; Lost fanout                                                                                        ;
; axil_mlp:mlp|MLP:core|layer:l1|neuron:neuron_gen[0].n|Mult0~mult_hl_pl[0][28]                                                                                                      ; Lost fanout                                                                                        ;
; axil_mlp:mlp|MLP:core|layer:l1|neuron:neuron_gen[0].n|Mult0~mult_lh_pl[0][29]                                                                                                      ; Lost fanout                                                                                        ;
; axil_mlp:mlp|MLP:core|layer:l1|neuron:neuron_gen[0].n|Mult0~mult_hl_pl[0][29]                                                                                                      ; Lost fanout                                                                                        ;
; axil_mlp:mlp|MLP:core|layer:l1|neuron:neuron_gen[0].n|Mult0~mult_lh_pl[0][30]                                                                                                      ; Lost fanout                                                                                        ;
; axil_mlp:mlp|MLP:core|layer:l1|neuron:neuron_gen[0].n|Mult0~mult_hl_pl[0][30]                                                                                                      ; Lost fanout                                                                                        ;
; axil_mlp:mlp|MLP:core|layer:l1|neuron:neuron_gen[0].n|Mult0~mult_lh_pl[0][31]                                                                                                      ; Lost fanout                                                                                        ;
; axil_mlp:mlp|MLP:core|layer:l1|neuron:neuron_gen[0].n|Mult0~mult_hl_pl[0][31]                                                                                                      ; Lost fanout                                                                                        ;
; axil_mlp:mlp|MLP:core|layer:l1|neuron:neuron_gen[2].n|Mult0~mult_lh_pl[0][0]                                                                                                       ; Lost fanout                                                                                        ;
; axil_mlp:mlp|MLP:core|layer:l1|neuron:neuron_gen[2].n|Mult0~mult_hl_pl[0][0]                                                                                                       ; Lost fanout                                                                                        ;
; axil_mlp:mlp|MLP:core|layer:l1|neuron:neuron_gen[2].n|Mult0~mult_lh_pl[0][1]                                                                                                       ; Lost fanout                                                                                        ;
; axil_mlp:mlp|MLP:core|layer:l1|neuron:neuron_gen[2].n|Mult0~mult_hl_pl[0][1]                                                                                                       ; Lost fanout                                                                                        ;
; axil_mlp:mlp|MLP:core|layer:l1|neuron:neuron_gen[2].n|Mult0~mult_lh_pl[0][2]                                                                                                       ; Lost fanout                                                                                        ;
; axil_mlp:mlp|MLP:core|layer:l1|neuron:neuron_gen[2].n|Mult0~mult_hl_pl[0][2]                                                                                                       ; Lost fanout                                                                                        ;
; axil_mlp:mlp|MLP:core|layer:l1|neuron:neuron_gen[2].n|Mult0~mult_lh_pl[0][3]                                                                                                       ; Lost fanout                                                                                        ;
; axil_mlp:mlp|MLP:core|layer:l1|neuron:neuron_gen[2].n|Mult0~mult_hl_pl[0][3]                                                                                                       ; Lost fanout                                                                                        ;
; axil_mlp:mlp|MLP:core|layer:l1|neuron:neuron_gen[2].n|Mult0~mult_lh_pl[0][4]                                                                                                       ; Lost fanout                                                                                        ;
; axil_mlp:mlp|MLP:core|layer:l1|neuron:neuron_gen[2].n|Mult0~mult_hl_pl[0][4]                                                                                                       ; Lost fanout                                                                                        ;
; axil_mlp:mlp|MLP:core|layer:l1|neuron:neuron_gen[2].n|Mult0~mult_lh_pl[0][5]                                                                                                       ; Lost fanout                                                                                        ;
; axil_mlp:mlp|MLP:core|layer:l1|neuron:neuron_gen[2].n|Mult0~mult_hl_pl[0][5]                                                                                                       ; Lost fanout                                                                                        ;
; axil_mlp:mlp|MLP:core|layer:l1|neuron:neuron_gen[2].n|Mult0~mult_lh_pl[0][6]                                                                                                       ; Lost fanout                                                                                        ;
; axil_mlp:mlp|MLP:core|layer:l1|neuron:neuron_gen[2].n|Mult0~mult_hl_pl[0][6]                                                                                                       ; Lost fanout                                                                                        ;
; axil_mlp:mlp|MLP:core|layer:l1|neuron:neuron_gen[2].n|Mult0~mult_lh_pl[0][7]                                                                                                       ; Lost fanout                                                                                        ;
; axil_mlp:mlp|MLP:core|layer:l1|neuron:neuron_gen[2].n|Mult0~mult_hl_pl[0][7]                                                                                                       ; Lost fanout                                                                                        ;
; axil_mlp:mlp|MLP:core|layer:l1|neuron:neuron_gen[2].n|Mult0~mult_lh_pl[0][8]                                                                                                       ; Lost fanout                                                                                        ;
; axil_mlp:mlp|MLP:core|layer:l1|neuron:neuron_gen[2].n|Mult0~mult_hl_pl[0][8]                                                                                                       ; Lost fanout                                                                                        ;
; axil_mlp:mlp|MLP:core|layer:l1|neuron:neuron_gen[2].n|Mult0~mult_lh_pl[0][9]                                                                                                       ; Lost fanout                                                                                        ;
; axil_mlp:mlp|MLP:core|layer:l1|neuron:neuron_gen[2].n|Mult0~mult_hl_pl[0][9]                                                                                                       ; Lost fanout                                                                                        ;
; axil_mlp:mlp|MLP:core|layer:l1|neuron:neuron_gen[2].n|Mult0~mult_lh_pl[0][10]                                                                                                      ; Lost fanout                                                                                        ;
; axil_mlp:mlp|MLP:core|layer:l1|neuron:neuron_gen[2].n|Mult0~mult_hl_pl[0][10]                                                                                                      ; Lost fanout                                                                                        ;
; axil_mlp:mlp|MLP:core|layer:l1|neuron:neuron_gen[2].n|Mult0~mult_lh_pl[0][11]                                                                                                      ; Lost fanout                                                                                        ;
; axil_mlp:mlp|MLP:core|layer:l1|neuron:neuron_gen[2].n|Mult0~mult_hl_pl[0][11]                                                                                                      ; Lost fanout                                                                                        ;
; axil_mlp:mlp|MLP:core|layer:l1|neuron:neuron_gen[2].n|Mult0~mult_lh_pl[0][12]                                                                                                      ; Lost fanout                                                                                        ;
; axil_mlp:mlp|MLP:core|layer:l1|neuron:neuron_gen[2].n|Mult0~mult_hl_pl[0][12]                                                                                                      ; Lost fanout                                                                                        ;
; axil_mlp:mlp|MLP:core|layer:l1|neuron:neuron_gen[2].n|Mult0~mult_lh_pl[0][13]                                                                                                      ; Lost fanout                                                                                        ;
; axil_mlp:mlp|MLP:core|layer:l1|neuron:neuron_gen[2].n|Mult0~mult_hl_pl[0][13]                                                                                                      ; Lost fanout                                                                                        ;
; axil_mlp:mlp|MLP:core|layer:l1|neuron:neuron_gen[2].n|Mult0~mult_lh_pl[0][14]                                                                                                      ; Lost fanout                                                                                        ;
; axil_mlp:mlp|MLP:core|layer:l1|neuron:neuron_gen[2].n|Mult0~mult_hl_pl[0][14]                                                                                                      ; Lost fanout                                                                                        ;
; axil_mlp:mlp|MLP:core|layer:l1|neuron:neuron_gen[2].n|Mult0~mult_lh_pl[0][15]                                                                                                      ; Lost fanout                                                                                        ;
; axil_mlp:mlp|MLP:core|layer:l1|neuron:neuron_gen[2].n|Mult0~mult_hl_pl[0][15]                                                                                                      ; Lost fanout                                                                                        ;
; axil_mlp:mlp|MLP:core|layer:l1|neuron:neuron_gen[2].n|Mult0~mult_lh_pl[0][16]                                                                                                      ; Lost fanout                                                                                        ;
; axil_mlp:mlp|MLP:core|layer:l1|neuron:neuron_gen[2].n|Mult0~mult_hl_pl[0][16]                                                                                                      ; Lost fanout                                                                                        ;
; axil_mlp:mlp|MLP:core|layer:l1|neuron:neuron_gen[2].n|Mult0~mult_lh_pl[0][17]                                                                                                      ; Lost fanout                                                                                        ;
; axil_mlp:mlp|MLP:core|layer:l1|neuron:neuron_gen[2].n|Mult0~mult_hl_pl[0][17]                                                                                                      ; Lost fanout                                                                                        ;
; axil_mlp:mlp|MLP:core|layer:l1|neuron:neuron_gen[2].n|Mult0~mult_lh_pl[0][18]                                                                                                      ; Lost fanout                                                                                        ;
; axil_mlp:mlp|MLP:core|layer:l1|neuron:neuron_gen[2].n|Mult0~mult_hl_pl[0][18]                                                                                                      ; Lost fanout                                                                                        ;
; axil_mlp:mlp|MLP:core|layer:l1|neuron:neuron_gen[2].n|Mult0~mult_lh_pl[0][19]                                                                                                      ; Lost fanout                                                                                        ;
; axil_mlp:mlp|MLP:core|layer:l1|neuron:neuron_gen[2].n|Mult0~mult_hl_pl[0][19]                                                                                                      ; Lost fanout                                                                                        ;
; axil_mlp:mlp|MLP:core|layer:l1|neuron:neuron_gen[2].n|Mult0~mult_lh_pl[0][20]                                                                                                      ; Lost fanout                                                                                        ;
; axil_mlp:mlp|MLP:core|layer:l1|neuron:neuron_gen[2].n|Mult0~mult_hl_pl[0][20]                                                                                                      ; Lost fanout                                                                                        ;
; axil_mlp:mlp|MLP:core|layer:l1|neuron:neuron_gen[2].n|Mult0~mult_lh_pl[0][21]                                                                                                      ; Lost fanout                                                                                        ;
; axil_mlp:mlp|MLP:core|layer:l1|neuron:neuron_gen[2].n|Mult0~mult_hl_pl[0][21]                                                                                                      ; Lost fanout                                                                                        ;
; axil_mlp:mlp|MLP:core|layer:l1|neuron:neuron_gen[2].n|Mult0~mult_lh_pl[0][22]                                                                                                      ; Lost fanout                                                                                        ;
; axil_mlp:mlp|MLP:core|layer:l1|neuron:neuron_gen[2].n|Mult0~mult_hl_pl[0][22]                                                                                                      ; Lost fanout                                                                                        ;
; axil_mlp:mlp|MLP:core|layer:l1|neuron:neuron_gen[2].n|Mult0~mult_lh_pl[0][23]                                                                                                      ; Lost fanout                                                                                        ;
; axil_mlp:mlp|MLP:core|layer:l1|neuron:neuron_gen[2].n|Mult0~mult_hl_pl[0][23]                                                                                                      ; Lost fanout                                                                                        ;
; axil_mlp:mlp|MLP:core|layer:l1|neuron:neuron_gen[2].n|Mult0~mult_lh_pl[0][24]                                                                                                      ; Lost fanout                                                                                        ;
; axil_mlp:mlp|MLP:core|layer:l1|neuron:neuron_gen[2].n|Mult0~mult_hl_pl[0][24]                                                                                                      ; Lost fanout                                                                                        ;
; axil_mlp:mlp|MLP:core|layer:l1|neuron:neuron_gen[2].n|Mult0~mult_lh_pl[0][25]                                                                                                      ; Lost fanout                                                                                        ;
; axil_mlp:mlp|MLP:core|layer:l1|neuron:neuron_gen[2].n|Mult0~mult_hl_pl[0][25]                                                                                                      ; Lost fanout                                                                                        ;
; axil_mlp:mlp|MLP:core|layer:l1|neuron:neuron_gen[2].n|Mult0~mult_lh_pl[0][26]                                                                                                      ; Lost fanout                                                                                        ;
; axil_mlp:mlp|MLP:core|layer:l1|neuron:neuron_gen[2].n|Mult0~mult_hl_pl[0][26]                                                                                                      ; Lost fanout                                                                                        ;
; axil_mlp:mlp|MLP:core|layer:l1|neuron:neuron_gen[2].n|Mult0~mult_lh_pl[0][27]                                                                                                      ; Lost fanout                                                                                        ;
; axil_mlp:mlp|MLP:core|layer:l1|neuron:neuron_gen[2].n|Mult0~mult_hl_pl[0][27]                                                                                                      ; Lost fanout                                                                                        ;
; axil_mlp:mlp|MLP:core|layer:l1|neuron:neuron_gen[2].n|Mult0~mult_lh_pl[0][28]                                                                                                      ; Lost fanout                                                                                        ;
; axil_mlp:mlp|MLP:core|layer:l1|neuron:neuron_gen[2].n|Mult0~mult_hl_pl[0][28]                                                                                                      ; Lost fanout                                                                                        ;
; axil_mlp:mlp|MLP:core|layer:l1|neuron:neuron_gen[2].n|Mult0~mult_lh_pl[0][29]                                                                                                      ; Lost fanout                                                                                        ;
; axil_mlp:mlp|MLP:core|layer:l1|neuron:neuron_gen[2].n|Mult0~mult_hl_pl[0][29]                                                                                                      ; Lost fanout                                                                                        ;
; axil_mlp:mlp|MLP:core|layer:l1|neuron:neuron_gen[2].n|Mult0~mult_lh_pl[0][30]                                                                                                      ; Lost fanout                                                                                        ;
; axil_mlp:mlp|MLP:core|layer:l1|neuron:neuron_gen[2].n|Mult0~mult_hl_pl[0][30]                                                                                                      ; Lost fanout                                                                                        ;
; axil_mlp:mlp|MLP:core|layer:l1|neuron:neuron_gen[2].n|Mult0~mult_lh_pl[0][31]                                                                                                      ; Lost fanout                                                                                        ;
; axil_mlp:mlp|MLP:core|layer:l1|neuron:neuron_gen[2].n|Mult0~mult_hl_pl[0][31]                                                                                                      ; Lost fanout                                                                                        ;
; axil_mlp:mlp|MLP:core|layer:l1|neuron:neuron_gen[3].n|Mult0~mult_lh_pl[0][0]                                                                                                       ; Lost fanout                                                                                        ;
; axil_mlp:mlp|MLP:core|layer:l1|neuron:neuron_gen[3].n|Mult0~mult_hl_pl[0][0]                                                                                                       ; Lost fanout                                                                                        ;
; axil_mlp:mlp|MLP:core|layer:l1|neuron:neuron_gen[3].n|Mult0~mult_lh_pl[0][1]                                                                                                       ; Lost fanout                                                                                        ;
; axil_mlp:mlp|MLP:core|layer:l1|neuron:neuron_gen[3].n|Mult0~mult_hl_pl[0][1]                                                                                                       ; Lost fanout                                                                                        ;
; axil_mlp:mlp|MLP:core|layer:l1|neuron:neuron_gen[3].n|Mult0~mult_lh_pl[0][2]                                                                                                       ; Lost fanout                                                                                        ;
; axil_mlp:mlp|MLP:core|layer:l1|neuron:neuron_gen[3].n|Mult0~mult_hl_pl[0][2]                                                                                                       ; Lost fanout                                                                                        ;
; axil_mlp:mlp|MLP:core|layer:l1|neuron:neuron_gen[3].n|Mult0~mult_lh_pl[0][3]                                                                                                       ; Lost fanout                                                                                        ;
; axil_mlp:mlp|MLP:core|layer:l1|neuron:neuron_gen[3].n|Mult0~mult_hl_pl[0][3]                                                                                                       ; Lost fanout                                                                                        ;
; axil_mlp:mlp|MLP:core|layer:l1|neuron:neuron_gen[3].n|Mult0~mult_lh_pl[0][4]                                                                                                       ; Lost fanout                                                                                        ;
; axil_mlp:mlp|MLP:core|layer:l1|neuron:neuron_gen[3].n|Mult0~mult_hl_pl[0][4]                                                                                                       ; Lost fanout                                                                                        ;
; axil_mlp:mlp|MLP:core|layer:l1|neuron:neuron_gen[3].n|Mult0~mult_lh_pl[0][5]                                                                                                       ; Lost fanout                                                                                        ;
; axil_mlp:mlp|MLP:core|layer:l1|neuron:neuron_gen[3].n|Mult0~mult_hl_pl[0][5]                                                                                                       ; Lost fanout                                                                                        ;
; axil_mlp:mlp|MLP:core|layer:l1|neuron:neuron_gen[3].n|Mult0~mult_lh_pl[0][6]                                                                                                       ; Lost fanout                                                                                        ;
; axil_mlp:mlp|MLP:core|layer:l1|neuron:neuron_gen[3].n|Mult0~mult_hl_pl[0][6]                                                                                                       ; Lost fanout                                                                                        ;
; axil_mlp:mlp|MLP:core|layer:l1|neuron:neuron_gen[3].n|Mult0~mult_lh_pl[0][7]                                                                                                       ; Lost fanout                                                                                        ;
; axil_mlp:mlp|MLP:core|layer:l1|neuron:neuron_gen[3].n|Mult0~mult_hl_pl[0][7]                                                                                                       ; Lost fanout                                                                                        ;
; axil_mlp:mlp|MLP:core|layer:l1|neuron:neuron_gen[3].n|Mult0~mult_lh_pl[0][8]                                                                                                       ; Lost fanout                                                                                        ;
; axil_mlp:mlp|MLP:core|layer:l1|neuron:neuron_gen[3].n|Mult0~mult_hl_pl[0][8]                                                                                                       ; Lost fanout                                                                                        ;
; axil_mlp:mlp|MLP:core|layer:l1|neuron:neuron_gen[3].n|Mult0~mult_lh_pl[0][9]                                                                                                       ; Lost fanout                                                                                        ;
; axil_mlp:mlp|MLP:core|layer:l1|neuron:neuron_gen[3].n|Mult0~mult_hl_pl[0][9]                                                                                                       ; Lost fanout                                                                                        ;
; axil_mlp:mlp|MLP:core|layer:l1|neuron:neuron_gen[3].n|Mult0~mult_lh_pl[0][10]                                                                                                      ; Lost fanout                                                                                        ;
; axil_mlp:mlp|MLP:core|layer:l1|neuron:neuron_gen[3].n|Mult0~mult_hl_pl[0][10]                                                                                                      ; Lost fanout                                                                                        ;
; axil_mlp:mlp|MLP:core|layer:l1|neuron:neuron_gen[3].n|Mult0~mult_lh_pl[0][11]                                                                                                      ; Lost fanout                                                                                        ;
; axil_mlp:mlp|MLP:core|layer:l1|neuron:neuron_gen[3].n|Mult0~mult_hl_pl[0][11]                                                                                                      ; Lost fanout                                                                                        ;
; axil_mlp:mlp|MLP:core|layer:l1|neuron:neuron_gen[3].n|Mult0~mult_lh_pl[0][12]                                                                                                      ; Lost fanout                                                                                        ;
; axil_mlp:mlp|MLP:core|layer:l1|neuron:neuron_gen[3].n|Mult0~mult_hl_pl[0][12]                                                                                                      ; Lost fanout                                                                                        ;
; axil_mlp:mlp|MLP:core|layer:l1|neuron:neuron_gen[3].n|Mult0~mult_lh_pl[0][13]                                                                                                      ; Lost fanout                                                                                        ;
; axil_mlp:mlp|MLP:core|layer:l1|neuron:neuron_gen[3].n|Mult0~mult_hl_pl[0][13]                                                                                                      ; Lost fanout                                                                                        ;
; axil_mlp:mlp|MLP:core|layer:l1|neuron:neuron_gen[3].n|Mult0~mult_lh_pl[0][14]                                                                                                      ; Lost fanout                                                                                        ;
; axil_mlp:mlp|MLP:core|layer:l1|neuron:neuron_gen[3].n|Mult0~mult_hl_pl[0][14]                                                                                                      ; Lost fanout                                                                                        ;
; axil_mlp:mlp|MLP:core|layer:l1|neuron:neuron_gen[3].n|Mult0~mult_lh_pl[0][15]                                                                                                      ; Lost fanout                                                                                        ;
; axil_mlp:mlp|MLP:core|layer:l1|neuron:neuron_gen[3].n|Mult0~mult_hl_pl[0][15]                                                                                                      ; Lost fanout                                                                                        ;
; axil_mlp:mlp|MLP:core|layer:l1|neuron:neuron_gen[3].n|Mult0~mult_lh_pl[0][16]                                                                                                      ; Lost fanout                                                                                        ;
; axil_mlp:mlp|MLP:core|layer:l1|neuron:neuron_gen[3].n|Mult0~mult_hl_pl[0][16]                                                                                                      ; Lost fanout                                                                                        ;
; axil_mlp:mlp|MLP:core|layer:l1|neuron:neuron_gen[3].n|Mult0~mult_lh_pl[0][17]                                                                                                      ; Lost fanout                                                                                        ;
; axil_mlp:mlp|MLP:core|layer:l1|neuron:neuron_gen[3].n|Mult0~mult_hl_pl[0][17]                                                                                                      ; Lost fanout                                                                                        ;
; axil_mlp:mlp|MLP:core|layer:l1|neuron:neuron_gen[3].n|Mult0~mult_lh_pl[0][18]                                                                                                      ; Lost fanout                                                                                        ;
; axil_mlp:mlp|MLP:core|layer:l1|neuron:neuron_gen[3].n|Mult0~mult_hl_pl[0][18]                                                                                                      ; Lost fanout                                                                                        ;
; axil_mlp:mlp|MLP:core|layer:l1|neuron:neuron_gen[3].n|Mult0~mult_lh_pl[0][19]                                                                                                      ; Lost fanout                                                                                        ;
; axil_mlp:mlp|MLP:core|layer:l1|neuron:neuron_gen[3].n|Mult0~mult_hl_pl[0][19]                                                                                                      ; Lost fanout                                                                                        ;
; axil_mlp:mlp|MLP:core|layer:l1|neuron:neuron_gen[3].n|Mult0~mult_lh_pl[0][20]                                                                                                      ; Lost fanout                                                                                        ;
; axil_mlp:mlp|MLP:core|layer:l1|neuron:neuron_gen[3].n|Mult0~mult_hl_pl[0][20]                                                                                                      ; Lost fanout                                                                                        ;
; axil_mlp:mlp|MLP:core|layer:l1|neuron:neuron_gen[3].n|Mult0~mult_lh_pl[0][21]                                                                                                      ; Lost fanout                                                                                        ;
; axil_mlp:mlp|MLP:core|layer:l1|neuron:neuron_gen[3].n|Mult0~mult_hl_pl[0][21]                                                                                                      ; Lost fanout                                                                                        ;
; axil_mlp:mlp|MLP:core|layer:l1|neuron:neuron_gen[3].n|Mult0~mult_lh_pl[0][22]                                                                                                      ; Lost fanout                                                                                        ;
; axil_mlp:mlp|MLP:core|layer:l1|neuron:neuron_gen[3].n|Mult0~mult_hl_pl[0][22]                                                                                                      ; Lost fanout                                                                                        ;
; axil_mlp:mlp|MLP:core|layer:l1|neuron:neuron_gen[3].n|Mult0~mult_lh_pl[0][23]                                                                                                      ; Lost fanout                                                                                        ;
; axil_mlp:mlp|MLP:core|layer:l1|neuron:neuron_gen[3].n|Mult0~mult_hl_pl[0][23]                                                                                                      ; Lost fanout                                                                                        ;
; axil_mlp:mlp|MLP:core|layer:l1|neuron:neuron_gen[3].n|Mult0~mult_lh_pl[0][24]                                                                                                      ; Lost fanout                                                                                        ;
; axil_mlp:mlp|MLP:core|layer:l1|neuron:neuron_gen[3].n|Mult0~mult_hl_pl[0][24]                                                                                                      ; Lost fanout                                                                                        ;
; axil_mlp:mlp|MLP:core|layer:l1|neuron:neuron_gen[3].n|Mult0~mult_lh_pl[0][25]                                                                                                      ; Lost fanout                                                                                        ;
; axil_mlp:mlp|MLP:core|layer:l1|neuron:neuron_gen[3].n|Mult0~mult_hl_pl[0][25]                                                                                                      ; Lost fanout                                                                                        ;
; axil_mlp:mlp|MLP:core|layer:l1|neuron:neuron_gen[3].n|Mult0~mult_lh_pl[0][26]                                                                                                      ; Lost fanout                                                                                        ;
; axil_mlp:mlp|MLP:core|layer:l1|neuron:neuron_gen[3].n|Mult0~mult_hl_pl[0][26]                                                                                                      ; Lost fanout                                                                                        ;
; axil_mlp:mlp|MLP:core|layer:l1|neuron:neuron_gen[3].n|Mult0~mult_lh_pl[0][27]                                                                                                      ; Lost fanout                                                                                        ;
; axil_mlp:mlp|MLP:core|layer:l1|neuron:neuron_gen[3].n|Mult0~mult_hl_pl[0][27]                                                                                                      ; Lost fanout                                                                                        ;
; axil_mlp:mlp|MLP:core|layer:l1|neuron:neuron_gen[3].n|Mult0~mult_lh_pl[0][28]                                                                                                      ; Lost fanout                                                                                        ;
; axil_mlp:mlp|MLP:core|layer:l1|neuron:neuron_gen[3].n|Mult0~mult_hl_pl[0][28]                                                                                                      ; Lost fanout                                                                                        ;
; axil_mlp:mlp|MLP:core|layer:l1|neuron:neuron_gen[3].n|Mult0~mult_lh_pl[0][29]                                                                                                      ; Lost fanout                                                                                        ;
; axil_mlp:mlp|MLP:core|layer:l1|neuron:neuron_gen[3].n|Mult0~mult_hl_pl[0][29]                                                                                                      ; Lost fanout                                                                                        ;
; axil_mlp:mlp|MLP:core|layer:l1|neuron:neuron_gen[3].n|Mult0~mult_lh_pl[0][30]                                                                                                      ; Lost fanout                                                                                        ;
; axil_mlp:mlp|MLP:core|layer:l1|neuron:neuron_gen[3].n|Mult0~mult_hl_pl[0][30]                                                                                                      ; Lost fanout                                                                                        ;
; axil_mlp:mlp|MLP:core|layer:l1|neuron:neuron_gen[3].n|Mult0~mult_lh_pl[0][31]                                                                                                      ; Lost fanout                                                                                        ;
; axil_mlp:mlp|MLP:core|layer:l1|neuron:neuron_gen[3].n|Mult0~mult_hl_pl[0][31]                                                                                                      ; Lost fanout                                                                                        ;
; axil_mlp:mlp|MLP:core|layer:l2|neuron:neuron_gen[0].n|Mult0~mult_lh_pl[0][0]                                                                                                       ; Lost fanout                                                                                        ;
; axil_mlp:mlp|MLP:core|layer:l2|neuron:neuron_gen[0].n|Mult0~mult_hl_pl[0][0]                                                                                                       ; Lost fanout                                                                                        ;
; axil_mlp:mlp|MLP:core|layer:l2|neuron:neuron_gen[0].n|Mult0~mult_lh_pl[0][1]                                                                                                       ; Lost fanout                                                                                        ;
; axil_mlp:mlp|MLP:core|layer:l2|neuron:neuron_gen[0].n|Mult0~mult_hl_pl[0][1]                                                                                                       ; Lost fanout                                                                                        ;
; axil_mlp:mlp|MLP:core|layer:l2|neuron:neuron_gen[0].n|Mult0~mult_lh_pl[0][2]                                                                                                       ; Lost fanout                                                                                        ;
; axil_mlp:mlp|MLP:core|layer:l2|neuron:neuron_gen[0].n|Mult0~mult_hl_pl[0][2]                                                                                                       ; Lost fanout                                                                                        ;
; axil_mlp:mlp|MLP:core|layer:l2|neuron:neuron_gen[0].n|Mult0~mult_lh_pl[0][3]                                                                                                       ; Lost fanout                                                                                        ;
; axil_mlp:mlp|MLP:core|layer:l2|neuron:neuron_gen[0].n|Mult0~mult_hl_pl[0][3]                                                                                                       ; Lost fanout                                                                                        ;
; axil_mlp:mlp|MLP:core|layer:l2|neuron:neuron_gen[0].n|Mult0~mult_lh_pl[0][4]                                                                                                       ; Lost fanout                                                                                        ;
; axil_mlp:mlp|MLP:core|layer:l2|neuron:neuron_gen[0].n|Mult0~mult_hl_pl[0][4]                                                                                                       ; Lost fanout                                                                                        ;
; axil_mlp:mlp|MLP:core|layer:l2|neuron:neuron_gen[0].n|Mult0~mult_lh_pl[0][5]                                                                                                       ; Lost fanout                                                                                        ;
; axil_mlp:mlp|MLP:core|layer:l2|neuron:neuron_gen[0].n|Mult0~mult_hl_pl[0][5]                                                                                                       ; Lost fanout                                                                                        ;
; axil_mlp:mlp|MLP:core|layer:l2|neuron:neuron_gen[0].n|Mult0~mult_lh_pl[0][6]                                                                                                       ; Lost fanout                                                                                        ;
; axil_mlp:mlp|MLP:core|layer:l2|neuron:neuron_gen[0].n|Mult0~mult_hl_pl[0][6]                                                                                                       ; Lost fanout                                                                                        ;
; axil_mlp:mlp|MLP:core|layer:l2|neuron:neuron_gen[0].n|Mult0~mult_lh_pl[0][7]                                                                                                       ; Lost fanout                                                                                        ;
; axil_mlp:mlp|MLP:core|layer:l2|neuron:neuron_gen[0].n|Mult0~mult_hl_pl[0][7]                                                                                                       ; Lost fanout                                                                                        ;
; axil_mlp:mlp|MLP:core|layer:l2|neuron:neuron_gen[0].n|Mult0~mult_lh_pl[0][8]                                                                                                       ; Lost fanout                                                                                        ;
; axil_mlp:mlp|MLP:core|layer:l2|neuron:neuron_gen[0].n|Mult0~mult_hl_pl[0][8]                                                                                                       ; Lost fanout                                                                                        ;
; axil_mlp:mlp|MLP:core|layer:l2|neuron:neuron_gen[0].n|Mult0~mult_lh_pl[0][9]                                                                                                       ; Lost fanout                                                                                        ;
; axil_mlp:mlp|MLP:core|layer:l2|neuron:neuron_gen[0].n|Mult0~mult_hl_pl[0][9]                                                                                                       ; Lost fanout                                                                                        ;
; axil_mlp:mlp|MLP:core|layer:l2|neuron:neuron_gen[0].n|Mult0~mult_lh_pl[0][10]                                                                                                      ; Lost fanout                                                                                        ;
; axil_mlp:mlp|MLP:core|layer:l2|neuron:neuron_gen[0].n|Mult0~mult_hl_pl[0][10]                                                                                                      ; Lost fanout                                                                                        ;
; axil_mlp:mlp|MLP:core|layer:l2|neuron:neuron_gen[0].n|Mult0~mult_lh_pl[0][11]                                                                                                      ; Lost fanout                                                                                        ;
; axil_mlp:mlp|MLP:core|layer:l2|neuron:neuron_gen[0].n|Mult0~mult_hl_pl[0][11]                                                                                                      ; Lost fanout                                                                                        ;
; axil_mlp:mlp|MLP:core|layer:l2|neuron:neuron_gen[0].n|Mult0~mult_lh_pl[0][12]                                                                                                      ; Lost fanout                                                                                        ;
; axil_mlp:mlp|MLP:core|layer:l2|neuron:neuron_gen[0].n|Mult0~mult_hl_pl[0][12]                                                                                                      ; Lost fanout                                                                                        ;
; axil_mlp:mlp|MLP:core|layer:l2|neuron:neuron_gen[0].n|Mult0~mult_lh_pl[0][13]                                                                                                      ; Lost fanout                                                                                        ;
; axil_mlp:mlp|MLP:core|layer:l2|neuron:neuron_gen[0].n|Mult0~mult_hl_pl[0][13]                                                                                                      ; Lost fanout                                                                                        ;
; axil_mlp:mlp|MLP:core|layer:l2|neuron:neuron_gen[0].n|Mult0~mult_lh_pl[0][14]                                                                                                      ; Lost fanout                                                                                        ;
; axil_mlp:mlp|MLP:core|layer:l2|neuron:neuron_gen[0].n|Mult0~mult_hl_pl[0][14]                                                                                                      ; Lost fanout                                                                                        ;
; axil_mlp:mlp|MLP:core|layer:l2|neuron:neuron_gen[0].n|Mult0~mult_lh_pl[0][15]                                                                                                      ; Lost fanout                                                                                        ;
; axil_mlp:mlp|MLP:core|layer:l2|neuron:neuron_gen[0].n|Mult0~mult_hl_pl[0][15]                                                                                                      ; Lost fanout                                                                                        ;
; axil_mlp:mlp|MLP:core|layer:l2|neuron:neuron_gen[0].n|Mult0~mult_lh_pl[0][16]                                                                                                      ; Lost fanout                                                                                        ;
; axil_mlp:mlp|MLP:core|layer:l2|neuron:neuron_gen[0].n|Mult0~mult_hl_pl[0][16]                                                                                                      ; Lost fanout                                                                                        ;
; axil_mlp:mlp|MLP:core|layer:l2|neuron:neuron_gen[0].n|Mult0~mult_lh_pl[0][17]                                                                                                      ; Lost fanout                                                                                        ;
; axil_mlp:mlp|MLP:core|layer:l2|neuron:neuron_gen[0].n|Mult0~mult_hl_pl[0][17]                                                                                                      ; Lost fanout                                                                                        ;
; axil_mlp:mlp|MLP:core|layer:l2|neuron:neuron_gen[0].n|Mult0~mult_lh_pl[0][18]                                                                                                      ; Lost fanout                                                                                        ;
; axil_mlp:mlp|MLP:core|layer:l2|neuron:neuron_gen[0].n|Mult0~mult_hl_pl[0][18]                                                                                                      ; Lost fanout                                                                                        ;
; axil_mlp:mlp|MLP:core|layer:l2|neuron:neuron_gen[0].n|Mult0~mult_lh_pl[0][19]                                                                                                      ; Lost fanout                                                                                        ;
; axil_mlp:mlp|MLP:core|layer:l2|neuron:neuron_gen[0].n|Mult0~mult_hl_pl[0][19]                                                                                                      ; Lost fanout                                                                                        ;
; axil_mlp:mlp|MLP:core|layer:l2|neuron:neuron_gen[0].n|Mult0~mult_lh_pl[0][20]                                                                                                      ; Lost fanout                                                                                        ;
; axil_mlp:mlp|MLP:core|layer:l2|neuron:neuron_gen[0].n|Mult0~mult_hl_pl[0][20]                                                                                                      ; Lost fanout                                                                                        ;
; axil_mlp:mlp|MLP:core|layer:l2|neuron:neuron_gen[0].n|Mult0~mult_lh_pl[0][21]                                                                                                      ; Lost fanout                                                                                        ;
; axil_mlp:mlp|MLP:core|layer:l2|neuron:neuron_gen[0].n|Mult0~mult_hl_pl[0][21]                                                                                                      ; Lost fanout                                                                                        ;
; axil_mlp:mlp|MLP:core|layer:l2|neuron:neuron_gen[0].n|Mult0~mult_lh_pl[0][22]                                                                                                      ; Lost fanout                                                                                        ;
; axil_mlp:mlp|MLP:core|layer:l2|neuron:neuron_gen[0].n|Mult0~mult_hl_pl[0][22]                                                                                                      ; Lost fanout                                                                                        ;
; axil_mlp:mlp|MLP:core|layer:l2|neuron:neuron_gen[0].n|Mult0~mult_lh_pl[0][23]                                                                                                      ; Lost fanout                                                                                        ;
; axil_mlp:mlp|MLP:core|layer:l2|neuron:neuron_gen[0].n|Mult0~mult_hl_pl[0][23]                                                                                                      ; Lost fanout                                                                                        ;
; axil_mlp:mlp|MLP:core|layer:l2|neuron:neuron_gen[0].n|Mult0~mult_lh_pl[0][24]                                                                                                      ; Lost fanout                                                                                        ;
; axil_mlp:mlp|MLP:core|layer:l2|neuron:neuron_gen[0].n|Mult0~mult_hl_pl[0][24]                                                                                                      ; Lost fanout                                                                                        ;
; axil_mlp:mlp|MLP:core|layer:l2|neuron:neuron_gen[0].n|Mult0~mult_lh_pl[0][25]                                                                                                      ; Lost fanout                                                                                        ;
; axil_mlp:mlp|MLP:core|layer:l2|neuron:neuron_gen[0].n|Mult0~mult_hl_pl[0][25]                                                                                                      ; Lost fanout                                                                                        ;
; axil_mlp:mlp|MLP:core|layer:l2|neuron:neuron_gen[0].n|Mult0~mult_lh_pl[0][26]                                                                                                      ; Lost fanout                                                                                        ;
; axil_mlp:mlp|MLP:core|layer:l2|neuron:neuron_gen[0].n|Mult0~mult_hl_pl[0][26]                                                                                                      ; Lost fanout                                                                                        ;
; axil_mlp:mlp|MLP:core|layer:l2|neuron:neuron_gen[0].n|Mult0~mult_lh_pl[0][27]                                                                                                      ; Lost fanout                                                                                        ;
; axil_mlp:mlp|MLP:core|layer:l2|neuron:neuron_gen[0].n|Mult0~mult_hl_pl[0][27]                                                                                                      ; Lost fanout                                                                                        ;
; axil_mlp:mlp|MLP:core|layer:l2|neuron:neuron_gen[0].n|Mult0~mult_lh_pl[0][28]                                                                                                      ; Lost fanout                                                                                        ;
; axil_mlp:mlp|MLP:core|layer:l2|neuron:neuron_gen[0].n|Mult0~mult_hl_pl[0][28]                                                                                                      ; Lost fanout                                                                                        ;
; axil_mlp:mlp|MLP:core|layer:l2|neuron:neuron_gen[0].n|Mult0~mult_lh_pl[0][29]                                                                                                      ; Lost fanout                                                                                        ;
; axil_mlp:mlp|MLP:core|layer:l2|neuron:neuron_gen[0].n|Mult0~mult_hl_pl[0][29]                                                                                                      ; Lost fanout                                                                                        ;
; axil_mlp:mlp|MLP:core|layer:l2|neuron:neuron_gen[0].n|Mult0~mult_lh_pl[0][30]                                                                                                      ; Lost fanout                                                                                        ;
; axil_mlp:mlp|MLP:core|layer:l2|neuron:neuron_gen[0].n|Mult0~mult_hl_pl[0][30]                                                                                                      ; Lost fanout                                                                                        ;
; axil_mlp:mlp|MLP:core|layer:l2|neuron:neuron_gen[0].n|Mult0~mult_lh_pl[0][31]                                                                                                      ; Lost fanout                                                                                        ;
; axil_mlp:mlp|MLP:core|layer:l2|neuron:neuron_gen[0].n|Mult0~mult_hl_pl[0][31]                                                                                                      ; Lost fanout                                                                                        ;
; axil_mlp:mlp|MLP:core|layer:l2|neuron:neuron_gen[1].n|Mult0~mult_lh_pl[0][0]                                                                                                       ; Lost fanout                                                                                        ;
; axil_mlp:mlp|MLP:core|layer:l2|neuron:neuron_gen[1].n|Mult0~mult_hl_pl[0][0]                                                                                                       ; Lost fanout                                                                                        ;
; axil_mlp:mlp|MLP:core|layer:l2|neuron:neuron_gen[1].n|Mult0~mult_lh_pl[0][1]                                                                                                       ; Lost fanout                                                                                        ;
; axil_mlp:mlp|MLP:core|layer:l2|neuron:neuron_gen[1].n|Mult0~mult_hl_pl[0][1]                                                                                                       ; Lost fanout                                                                                        ;
; axil_mlp:mlp|MLP:core|layer:l2|neuron:neuron_gen[1].n|Mult0~mult_lh_pl[0][2]                                                                                                       ; Lost fanout                                                                                        ;
; axil_mlp:mlp|MLP:core|layer:l2|neuron:neuron_gen[1].n|Mult0~mult_hl_pl[0][2]                                                                                                       ; Lost fanout                                                                                        ;
; axil_mlp:mlp|MLP:core|layer:l2|neuron:neuron_gen[1].n|Mult0~mult_lh_pl[0][3]                                                                                                       ; Lost fanout                                                                                        ;
; axil_mlp:mlp|MLP:core|layer:l2|neuron:neuron_gen[1].n|Mult0~mult_hl_pl[0][3]                                                                                                       ; Lost fanout                                                                                        ;
; axil_mlp:mlp|MLP:core|layer:l2|neuron:neuron_gen[1].n|Mult0~mult_lh_pl[0][4]                                                                                                       ; Lost fanout                                                                                        ;
; axil_mlp:mlp|MLP:core|layer:l2|neuron:neuron_gen[1].n|Mult0~mult_hl_pl[0][4]                                                                                                       ; Lost fanout                                                                                        ;
; axil_mlp:mlp|MLP:core|layer:l2|neuron:neuron_gen[1].n|Mult0~mult_lh_pl[0][5]                                                                                                       ; Lost fanout                                                                                        ;
; axil_mlp:mlp|MLP:core|layer:l2|neuron:neuron_gen[1].n|Mult0~mult_hl_pl[0][5]                                                                                                       ; Lost fanout                                                                                        ;
; axil_mlp:mlp|MLP:core|layer:l2|neuron:neuron_gen[1].n|Mult0~mult_lh_pl[0][6]                                                                                                       ; Lost fanout                                                                                        ;
; axil_mlp:mlp|MLP:core|layer:l2|neuron:neuron_gen[1].n|Mult0~mult_hl_pl[0][6]                                                                                                       ; Lost fanout                                                                                        ;
; axil_mlp:mlp|MLP:core|layer:l2|neuron:neuron_gen[1].n|Mult0~mult_lh_pl[0][7]                                                                                                       ; Lost fanout                                                                                        ;
; axil_mlp:mlp|MLP:core|layer:l2|neuron:neuron_gen[1].n|Mult0~mult_hl_pl[0][7]                                                                                                       ; Lost fanout                                                                                        ;
; axil_mlp:mlp|MLP:core|layer:l2|neuron:neuron_gen[1].n|Mult0~mult_lh_pl[0][8]                                                                                                       ; Lost fanout                                                                                        ;
; axil_mlp:mlp|MLP:core|layer:l2|neuron:neuron_gen[1].n|Mult0~mult_hl_pl[0][8]                                                                                                       ; Lost fanout                                                                                        ;
; axil_mlp:mlp|MLP:core|layer:l2|neuron:neuron_gen[1].n|Mult0~mult_lh_pl[0][9]                                                                                                       ; Lost fanout                                                                                        ;
; axil_mlp:mlp|MLP:core|layer:l2|neuron:neuron_gen[1].n|Mult0~mult_hl_pl[0][9]                                                                                                       ; Lost fanout                                                                                        ;
; axil_mlp:mlp|MLP:core|layer:l2|neuron:neuron_gen[1].n|Mult0~mult_lh_pl[0][10]                                                                                                      ; Lost fanout                                                                                        ;
; axil_mlp:mlp|MLP:core|layer:l2|neuron:neuron_gen[1].n|Mult0~mult_hl_pl[0][10]                                                                                                      ; Lost fanout                                                                                        ;
; axil_mlp:mlp|MLP:core|layer:l2|neuron:neuron_gen[1].n|Mult0~mult_lh_pl[0][11]                                                                                                      ; Lost fanout                                                                                        ;
; axil_mlp:mlp|MLP:core|layer:l2|neuron:neuron_gen[1].n|Mult0~mult_hl_pl[0][11]                                                                                                      ; Lost fanout                                                                                        ;
; axil_mlp:mlp|MLP:core|layer:l2|neuron:neuron_gen[1].n|Mult0~mult_lh_pl[0][12]                                                                                                      ; Lost fanout                                                                                        ;
; axil_mlp:mlp|MLP:core|layer:l2|neuron:neuron_gen[1].n|Mult0~mult_hl_pl[0][12]                                                                                                      ; Lost fanout                                                                                        ;
; axil_mlp:mlp|MLP:core|layer:l2|neuron:neuron_gen[1].n|Mult0~mult_lh_pl[0][13]                                                                                                      ; Lost fanout                                                                                        ;
; axil_mlp:mlp|MLP:core|layer:l2|neuron:neuron_gen[1].n|Mult0~mult_hl_pl[0][13]                                                                                                      ; Lost fanout                                                                                        ;
; axil_mlp:mlp|MLP:core|layer:l2|neuron:neuron_gen[1].n|Mult0~mult_lh_pl[0][14]                                                                                                      ; Lost fanout                                                                                        ;
; axil_mlp:mlp|MLP:core|layer:l2|neuron:neuron_gen[1].n|Mult0~mult_hl_pl[0][14]                                                                                                      ; Lost fanout                                                                                        ;
; axil_mlp:mlp|MLP:core|layer:l2|neuron:neuron_gen[1].n|Mult0~mult_lh_pl[0][15]                                                                                                      ; Lost fanout                                                                                        ;
; axil_mlp:mlp|MLP:core|layer:l2|neuron:neuron_gen[1].n|Mult0~mult_hl_pl[0][15]                                                                                                      ; Lost fanout                                                                                        ;
; axil_mlp:mlp|MLP:core|layer:l2|neuron:neuron_gen[1].n|Mult0~mult_lh_pl[0][16]                                                                                                      ; Lost fanout                                                                                        ;
; axil_mlp:mlp|MLP:core|layer:l2|neuron:neuron_gen[1].n|Mult0~mult_hl_pl[0][16]                                                                                                      ; Lost fanout                                                                                        ;
; axil_mlp:mlp|MLP:core|layer:l2|neuron:neuron_gen[1].n|Mult0~mult_lh_pl[0][17]                                                                                                      ; Lost fanout                                                                                        ;
; axil_mlp:mlp|MLP:core|layer:l2|neuron:neuron_gen[1].n|Mult0~mult_hl_pl[0][17]                                                                                                      ; Lost fanout                                                                                        ;
; axil_mlp:mlp|MLP:core|layer:l2|neuron:neuron_gen[1].n|Mult0~mult_lh_pl[0][18]                                                                                                      ; Lost fanout                                                                                        ;
; axil_mlp:mlp|MLP:core|layer:l2|neuron:neuron_gen[1].n|Mult0~mult_hl_pl[0][18]                                                                                                      ; Lost fanout                                                                                        ;
; axil_mlp:mlp|MLP:core|layer:l2|neuron:neuron_gen[1].n|Mult0~mult_lh_pl[0][19]                                                                                                      ; Lost fanout                                                                                        ;
; axil_mlp:mlp|MLP:core|layer:l2|neuron:neuron_gen[1].n|Mult0~mult_hl_pl[0][19]                                                                                                      ; Lost fanout                                                                                        ;
; axil_mlp:mlp|MLP:core|layer:l2|neuron:neuron_gen[1].n|Mult0~mult_lh_pl[0][20]                                                                                                      ; Lost fanout                                                                                        ;
; axil_mlp:mlp|MLP:core|layer:l2|neuron:neuron_gen[1].n|Mult0~mult_hl_pl[0][20]                                                                                                      ; Lost fanout                                                                                        ;
; axil_mlp:mlp|MLP:core|layer:l2|neuron:neuron_gen[1].n|Mult0~mult_lh_pl[0][21]                                                                                                      ; Lost fanout                                                                                        ;
; axil_mlp:mlp|MLP:core|layer:l2|neuron:neuron_gen[1].n|Mult0~mult_hl_pl[0][21]                                                                                                      ; Lost fanout                                                                                        ;
; axil_mlp:mlp|MLP:core|layer:l2|neuron:neuron_gen[1].n|Mult0~mult_lh_pl[0][22]                                                                                                      ; Lost fanout                                                                                        ;
; axil_mlp:mlp|MLP:core|layer:l2|neuron:neuron_gen[1].n|Mult0~mult_hl_pl[0][22]                                                                                                      ; Lost fanout                                                                                        ;
; axil_mlp:mlp|MLP:core|layer:l2|neuron:neuron_gen[1].n|Mult0~mult_lh_pl[0][23]                                                                                                      ; Lost fanout                                                                                        ;
; axil_mlp:mlp|MLP:core|layer:l2|neuron:neuron_gen[1].n|Mult0~mult_hl_pl[0][23]                                                                                                      ; Lost fanout                                                                                        ;
; axil_mlp:mlp|MLP:core|layer:l2|neuron:neuron_gen[1].n|Mult0~mult_lh_pl[0][24]                                                                                                      ; Lost fanout                                                                                        ;
; axil_mlp:mlp|MLP:core|layer:l2|neuron:neuron_gen[1].n|Mult0~mult_hl_pl[0][24]                                                                                                      ; Lost fanout                                                                                        ;
; axil_mlp:mlp|MLP:core|layer:l2|neuron:neuron_gen[1].n|Mult0~mult_lh_pl[0][25]                                                                                                      ; Lost fanout                                                                                        ;
; axil_mlp:mlp|MLP:core|layer:l2|neuron:neuron_gen[1].n|Mult0~mult_hl_pl[0][25]                                                                                                      ; Lost fanout                                                                                        ;
; axil_mlp:mlp|MLP:core|layer:l2|neuron:neuron_gen[1].n|Mult0~mult_lh_pl[0][26]                                                                                                      ; Lost fanout                                                                                        ;
; axil_mlp:mlp|MLP:core|layer:l2|neuron:neuron_gen[1].n|Mult0~mult_hl_pl[0][26]                                                                                                      ; Lost fanout                                                                                        ;
; axil_mlp:mlp|MLP:core|layer:l2|neuron:neuron_gen[1].n|Mult0~mult_lh_pl[0][27]                                                                                                      ; Lost fanout                                                                                        ;
; axil_mlp:mlp|MLP:core|layer:l2|neuron:neuron_gen[1].n|Mult0~mult_hl_pl[0][27]                                                                                                      ; Lost fanout                                                                                        ;
; axil_mlp:mlp|MLP:core|layer:l2|neuron:neuron_gen[1].n|Mult0~mult_lh_pl[0][28]                                                                                                      ; Lost fanout                                                                                        ;
; axil_mlp:mlp|MLP:core|layer:l2|neuron:neuron_gen[1].n|Mult0~mult_hl_pl[0][28]                                                                                                      ; Lost fanout                                                                                        ;
; axil_mlp:mlp|MLP:core|layer:l2|neuron:neuron_gen[1].n|Mult0~mult_lh_pl[0][29]                                                                                                      ; Lost fanout                                                                                        ;
; axil_mlp:mlp|MLP:core|layer:l2|neuron:neuron_gen[1].n|Mult0~mult_hl_pl[0][29]                                                                                                      ; Lost fanout                                                                                        ;
; axil_mlp:mlp|MLP:core|layer:l2|neuron:neuron_gen[1].n|Mult0~mult_lh_pl[0][30]                                                                                                      ; Lost fanout                                                                                        ;
; axil_mlp:mlp|MLP:core|layer:l2|neuron:neuron_gen[1].n|Mult0~mult_hl_pl[0][30]                                                                                                      ; Lost fanout                                                                                        ;
; axil_mlp:mlp|MLP:core|layer:l2|neuron:neuron_gen[1].n|Mult0~mult_lh_pl[0][31]                                                                                                      ; Lost fanout                                                                                        ;
; axil_mlp:mlp|MLP:core|layer:l2|neuron:neuron_gen[1].n|Mult0~mult_hl_pl[0][31]                                                                                                      ; Lost fanout                                                                                        ;
; axil_mlp:mlp|MLP:core|layer:l2|neuron:neuron_gen[2].n|Mult0~mult_lh_pl[0][0]                                                                                                       ; Lost fanout                                                                                        ;
; axil_mlp:mlp|MLP:core|layer:l2|neuron:neuron_gen[2].n|Mult0~mult_hl_pl[0][0]                                                                                                       ; Lost fanout                                                                                        ;
; axil_mlp:mlp|MLP:core|layer:l2|neuron:neuron_gen[2].n|Mult0~mult_lh_pl[0][1]                                                                                                       ; Lost fanout                                                                                        ;
; axil_mlp:mlp|MLP:core|layer:l2|neuron:neuron_gen[2].n|Mult0~mult_hl_pl[0][1]                                                                                                       ; Lost fanout                                                                                        ;
; axil_mlp:mlp|MLP:core|layer:l2|neuron:neuron_gen[2].n|Mult0~mult_lh_pl[0][2]                                                                                                       ; Lost fanout                                                                                        ;
; axil_mlp:mlp|MLP:core|layer:l2|neuron:neuron_gen[2].n|Mult0~mult_hl_pl[0][2]                                                                                                       ; Lost fanout                                                                                        ;
; axil_mlp:mlp|MLP:core|layer:l2|neuron:neuron_gen[2].n|Mult0~mult_lh_pl[0][3]                                                                                                       ; Lost fanout                                                                                        ;
; axil_mlp:mlp|MLP:core|layer:l2|neuron:neuron_gen[2].n|Mult0~mult_hl_pl[0][3]                                                                                                       ; Lost fanout                                                                                        ;
; axil_mlp:mlp|MLP:core|layer:l2|neuron:neuron_gen[2].n|Mult0~mult_lh_pl[0][4]                                                                                                       ; Lost fanout                                                                                        ;
; axil_mlp:mlp|MLP:core|layer:l2|neuron:neuron_gen[2].n|Mult0~mult_hl_pl[0][4]                                                                                                       ; Lost fanout                                                                                        ;
; axil_mlp:mlp|MLP:core|layer:l2|neuron:neuron_gen[2].n|Mult0~mult_lh_pl[0][5]                                                                                                       ; Lost fanout                                                                                        ;
; axil_mlp:mlp|MLP:core|layer:l2|neuron:neuron_gen[2].n|Mult0~mult_hl_pl[0][5]                                                                                                       ; Lost fanout                                                                                        ;
; axil_mlp:mlp|MLP:core|layer:l2|neuron:neuron_gen[2].n|Mult0~mult_lh_pl[0][6]                                                                                                       ; Lost fanout                                                                                        ;
; axil_mlp:mlp|MLP:core|layer:l2|neuron:neuron_gen[2].n|Mult0~mult_hl_pl[0][6]                                                                                                       ; Lost fanout                                                                                        ;
; axil_mlp:mlp|MLP:core|layer:l2|neuron:neuron_gen[2].n|Mult0~mult_lh_pl[0][7]                                                                                                       ; Lost fanout                                                                                        ;
; axil_mlp:mlp|MLP:core|layer:l2|neuron:neuron_gen[2].n|Mult0~mult_hl_pl[0][7]                                                                                                       ; Lost fanout                                                                                        ;
; axil_mlp:mlp|MLP:core|layer:l2|neuron:neuron_gen[2].n|Mult0~mult_lh_pl[0][8]                                                                                                       ; Lost fanout                                                                                        ;
; axil_mlp:mlp|MLP:core|layer:l2|neuron:neuron_gen[2].n|Mult0~mult_hl_pl[0][8]                                                                                                       ; Lost fanout                                                                                        ;
; axil_mlp:mlp|MLP:core|layer:l2|neuron:neuron_gen[2].n|Mult0~mult_lh_pl[0][9]                                                                                                       ; Lost fanout                                                                                        ;
; axil_mlp:mlp|MLP:core|layer:l2|neuron:neuron_gen[2].n|Mult0~mult_hl_pl[0][9]                                                                                                       ; Lost fanout                                                                                        ;
; axil_mlp:mlp|MLP:core|layer:l2|neuron:neuron_gen[2].n|Mult0~mult_lh_pl[0][10]                                                                                                      ; Lost fanout                                                                                        ;
; axil_mlp:mlp|MLP:core|layer:l2|neuron:neuron_gen[2].n|Mult0~mult_hl_pl[0][10]                                                                                                      ; Lost fanout                                                                                        ;
; axil_mlp:mlp|MLP:core|layer:l2|neuron:neuron_gen[2].n|Mult0~mult_lh_pl[0][11]                                                                                                      ; Lost fanout                                                                                        ;
; axil_mlp:mlp|MLP:core|layer:l2|neuron:neuron_gen[2].n|Mult0~mult_hl_pl[0][11]                                                                                                      ; Lost fanout                                                                                        ;
; axil_mlp:mlp|MLP:core|layer:l2|neuron:neuron_gen[2].n|Mult0~mult_lh_pl[0][12]                                                                                                      ; Lost fanout                                                                                        ;
; axil_mlp:mlp|MLP:core|layer:l2|neuron:neuron_gen[2].n|Mult0~mult_hl_pl[0][12]                                                                                                      ; Lost fanout                                                                                        ;
; axil_mlp:mlp|MLP:core|layer:l2|neuron:neuron_gen[2].n|Mult0~mult_lh_pl[0][13]                                                                                                      ; Lost fanout                                                                                        ;
; axil_mlp:mlp|MLP:core|layer:l2|neuron:neuron_gen[2].n|Mult0~mult_hl_pl[0][13]                                                                                                      ; Lost fanout                                                                                        ;
; axil_mlp:mlp|MLP:core|layer:l2|neuron:neuron_gen[2].n|Mult0~mult_lh_pl[0][14]                                                                                                      ; Lost fanout                                                                                        ;
; axil_mlp:mlp|MLP:core|layer:l2|neuron:neuron_gen[2].n|Mult0~mult_hl_pl[0][14]                                                                                                      ; Lost fanout                                                                                        ;
; axil_mlp:mlp|MLP:core|layer:l2|neuron:neuron_gen[2].n|Mult0~mult_lh_pl[0][15]                                                                                                      ; Lost fanout                                                                                        ;
; axil_mlp:mlp|MLP:core|layer:l2|neuron:neuron_gen[2].n|Mult0~mult_hl_pl[0][15]                                                                                                      ; Lost fanout                                                                                        ;
; axil_mlp:mlp|MLP:core|layer:l2|neuron:neuron_gen[2].n|Mult0~mult_lh_pl[0][16]                                                                                                      ; Lost fanout                                                                                        ;
; axil_mlp:mlp|MLP:core|layer:l2|neuron:neuron_gen[2].n|Mult0~mult_hl_pl[0][16]                                                                                                      ; Lost fanout                                                                                        ;
; axil_mlp:mlp|MLP:core|layer:l2|neuron:neuron_gen[2].n|Mult0~mult_lh_pl[0][17]                                                                                                      ; Lost fanout                                                                                        ;
; axil_mlp:mlp|MLP:core|layer:l2|neuron:neuron_gen[2].n|Mult0~mult_hl_pl[0][17]                                                                                                      ; Lost fanout                                                                                        ;
; axil_mlp:mlp|MLP:core|layer:l2|neuron:neuron_gen[2].n|Mult0~mult_lh_pl[0][18]                                                                                                      ; Lost fanout                                                                                        ;
; axil_mlp:mlp|MLP:core|layer:l2|neuron:neuron_gen[2].n|Mult0~mult_hl_pl[0][18]                                                                                                      ; Lost fanout                                                                                        ;
; axil_mlp:mlp|MLP:core|layer:l2|neuron:neuron_gen[2].n|Mult0~mult_lh_pl[0][19]                                                                                                      ; Lost fanout                                                                                        ;
; axil_mlp:mlp|MLP:core|layer:l2|neuron:neuron_gen[2].n|Mult0~mult_hl_pl[0][19]                                                                                                      ; Lost fanout                                                                                        ;
; axil_mlp:mlp|MLP:core|layer:l2|neuron:neuron_gen[2].n|Mult0~mult_lh_pl[0][20]                                                                                                      ; Lost fanout                                                                                        ;
; axil_mlp:mlp|MLP:core|layer:l2|neuron:neuron_gen[2].n|Mult0~mult_hl_pl[0][20]                                                                                                      ; Lost fanout                                                                                        ;
; axil_mlp:mlp|MLP:core|layer:l2|neuron:neuron_gen[2].n|Mult0~mult_lh_pl[0][21]                                                                                                      ; Lost fanout                                                                                        ;
; axil_mlp:mlp|MLP:core|layer:l2|neuron:neuron_gen[2].n|Mult0~mult_hl_pl[0][21]                                                                                                      ; Lost fanout                                                                                        ;
; axil_mlp:mlp|MLP:core|layer:l2|neuron:neuron_gen[2].n|Mult0~mult_lh_pl[0][22]                                                                                                      ; Lost fanout                                                                                        ;
; axil_mlp:mlp|MLP:core|layer:l2|neuron:neuron_gen[2].n|Mult0~mult_hl_pl[0][22]                                                                                                      ; Lost fanout                                                                                        ;
; axil_mlp:mlp|MLP:core|layer:l2|neuron:neuron_gen[2].n|Mult0~mult_lh_pl[0][23]                                                                                                      ; Lost fanout                                                                                        ;
; axil_mlp:mlp|MLP:core|layer:l2|neuron:neuron_gen[2].n|Mult0~mult_hl_pl[0][23]                                                                                                      ; Lost fanout                                                                                        ;
; axil_mlp:mlp|MLP:core|layer:l2|neuron:neuron_gen[2].n|Mult0~mult_lh_pl[0][24]                                                                                                      ; Lost fanout                                                                                        ;
; axil_mlp:mlp|MLP:core|layer:l2|neuron:neuron_gen[2].n|Mult0~mult_hl_pl[0][24]                                                                                                      ; Lost fanout                                                                                        ;
; axil_mlp:mlp|MLP:core|layer:l2|neuron:neuron_gen[2].n|Mult0~mult_lh_pl[0][25]                                                                                                      ; Lost fanout                                                                                        ;
; axil_mlp:mlp|MLP:core|layer:l2|neuron:neuron_gen[2].n|Mult0~mult_hl_pl[0][25]                                                                                                      ; Lost fanout                                                                                        ;
; axil_mlp:mlp|MLP:core|layer:l2|neuron:neuron_gen[2].n|Mult0~mult_lh_pl[0][26]                                                                                                      ; Lost fanout                                                                                        ;
; axil_mlp:mlp|MLP:core|layer:l2|neuron:neuron_gen[2].n|Mult0~mult_hl_pl[0][26]                                                                                                      ; Lost fanout                                                                                        ;
; axil_mlp:mlp|MLP:core|layer:l2|neuron:neuron_gen[2].n|Mult0~mult_lh_pl[0][27]                                                                                                      ; Lost fanout                                                                                        ;
; axil_mlp:mlp|MLP:core|layer:l2|neuron:neuron_gen[2].n|Mult0~mult_hl_pl[0][27]                                                                                                      ; Lost fanout                                                                                        ;
; axil_mlp:mlp|MLP:core|layer:l2|neuron:neuron_gen[2].n|Mult0~mult_lh_pl[0][28]                                                                                                      ; Lost fanout                                                                                        ;
; axil_mlp:mlp|MLP:core|layer:l2|neuron:neuron_gen[2].n|Mult0~mult_hl_pl[0][28]                                                                                                      ; Lost fanout                                                                                        ;
; axil_mlp:mlp|MLP:core|layer:l2|neuron:neuron_gen[2].n|Mult0~mult_lh_pl[0][29]                                                                                                      ; Lost fanout                                                                                        ;
; axil_mlp:mlp|MLP:core|layer:l2|neuron:neuron_gen[2].n|Mult0~mult_hl_pl[0][29]                                                                                                      ; Lost fanout                                                                                        ;
; axil_mlp:mlp|MLP:core|layer:l2|neuron:neuron_gen[2].n|Mult0~mult_lh_pl[0][30]                                                                                                      ; Lost fanout                                                                                        ;
; axil_mlp:mlp|MLP:core|layer:l2|neuron:neuron_gen[2].n|Mult0~mult_hl_pl[0][30]                                                                                                      ; Lost fanout                                                                                        ;
; axil_mlp:mlp|MLP:core|layer:l2|neuron:neuron_gen[2].n|Mult0~mult_lh_pl[0][31]                                                                                                      ; Lost fanout                                                                                        ;
; axil_mlp:mlp|MLP:core|layer:l2|neuron:neuron_gen[2].n|Mult0~mult_hl_pl[0][31]                                                                                                      ; Lost fanout                                                                                        ;
; axil_mlp:mlp|MLP:core|layer:l2|neuron:neuron_gen[3].n|Mult0~mult_lh_pl[0][0]                                                                                                       ; Lost fanout                                                                                        ;
; axil_mlp:mlp|MLP:core|layer:l2|neuron:neuron_gen[3].n|Mult0~mult_hl_pl[0][0]                                                                                                       ; Lost fanout                                                                                        ;
; axil_mlp:mlp|MLP:core|layer:l2|neuron:neuron_gen[3].n|Mult0~mult_lh_pl[0][1]                                                                                                       ; Lost fanout                                                                                        ;
; axil_mlp:mlp|MLP:core|layer:l2|neuron:neuron_gen[3].n|Mult0~mult_hl_pl[0][1]                                                                                                       ; Lost fanout                                                                                        ;
; axil_mlp:mlp|MLP:core|layer:l2|neuron:neuron_gen[3].n|Mult0~mult_lh_pl[0][2]                                                                                                       ; Lost fanout                                                                                        ;
; axil_mlp:mlp|MLP:core|layer:l2|neuron:neuron_gen[3].n|Mult0~mult_hl_pl[0][2]                                                                                                       ; Lost fanout                                                                                        ;
; axil_mlp:mlp|MLP:core|layer:l2|neuron:neuron_gen[3].n|Mult0~mult_lh_pl[0][3]                                                                                                       ; Lost fanout                                                                                        ;
; axil_mlp:mlp|MLP:core|layer:l2|neuron:neuron_gen[3].n|Mult0~mult_hl_pl[0][3]                                                                                                       ; Lost fanout                                                                                        ;
; axil_mlp:mlp|MLP:core|layer:l2|neuron:neuron_gen[3].n|Mult0~mult_lh_pl[0][4]                                                                                                       ; Lost fanout                                                                                        ;
; axil_mlp:mlp|MLP:core|layer:l2|neuron:neuron_gen[3].n|Mult0~mult_hl_pl[0][4]                                                                                                       ; Lost fanout                                                                                        ;
; axil_mlp:mlp|MLP:core|layer:l2|neuron:neuron_gen[3].n|Mult0~mult_lh_pl[0][5]                                                                                                       ; Lost fanout                                                                                        ;
; axil_mlp:mlp|MLP:core|layer:l2|neuron:neuron_gen[3].n|Mult0~mult_hl_pl[0][5]                                                                                                       ; Lost fanout                                                                                        ;
; axil_mlp:mlp|MLP:core|layer:l2|neuron:neuron_gen[3].n|Mult0~mult_lh_pl[0][6]                                                                                                       ; Lost fanout                                                                                        ;
; axil_mlp:mlp|MLP:core|layer:l2|neuron:neuron_gen[3].n|Mult0~mult_hl_pl[0][6]                                                                                                       ; Lost fanout                                                                                        ;
; axil_mlp:mlp|MLP:core|layer:l2|neuron:neuron_gen[3].n|Mult0~mult_lh_pl[0][7]                                                                                                       ; Lost fanout                                                                                        ;
; axil_mlp:mlp|MLP:core|layer:l2|neuron:neuron_gen[3].n|Mult0~mult_hl_pl[0][7]                                                                                                       ; Lost fanout                                                                                        ;
; axil_mlp:mlp|MLP:core|layer:l2|neuron:neuron_gen[3].n|Mult0~mult_lh_pl[0][8]                                                                                                       ; Lost fanout                                                                                        ;
; axil_mlp:mlp|MLP:core|layer:l2|neuron:neuron_gen[3].n|Mult0~mult_hl_pl[0][8]                                                                                                       ; Lost fanout                                                                                        ;
; axil_mlp:mlp|MLP:core|layer:l2|neuron:neuron_gen[3].n|Mult0~mult_lh_pl[0][9]                                                                                                       ; Lost fanout                                                                                        ;
; axil_mlp:mlp|MLP:core|layer:l2|neuron:neuron_gen[3].n|Mult0~mult_hl_pl[0][9]                                                                                                       ; Lost fanout                                                                                        ;
; axil_mlp:mlp|MLP:core|layer:l2|neuron:neuron_gen[3].n|Mult0~mult_lh_pl[0][10]                                                                                                      ; Lost fanout                                                                                        ;
; axil_mlp:mlp|MLP:core|layer:l2|neuron:neuron_gen[3].n|Mult0~mult_hl_pl[0][10]                                                                                                      ; Lost fanout                                                                                        ;
; axil_mlp:mlp|MLP:core|layer:l2|neuron:neuron_gen[3].n|Mult0~mult_lh_pl[0][11]                                                                                                      ; Lost fanout                                                                                        ;
; axil_mlp:mlp|MLP:core|layer:l2|neuron:neuron_gen[3].n|Mult0~mult_hl_pl[0][11]                                                                                                      ; Lost fanout                                                                                        ;
; axil_mlp:mlp|MLP:core|layer:l2|neuron:neuron_gen[3].n|Mult0~mult_lh_pl[0][12]                                                                                                      ; Lost fanout                                                                                        ;
; axil_mlp:mlp|MLP:core|layer:l2|neuron:neuron_gen[3].n|Mult0~mult_hl_pl[0][12]                                                                                                      ; Lost fanout                                                                                        ;
; axil_mlp:mlp|MLP:core|layer:l2|neuron:neuron_gen[3].n|Mult0~mult_lh_pl[0][13]                                                                                                      ; Lost fanout                                                                                        ;
; axil_mlp:mlp|MLP:core|layer:l2|neuron:neuron_gen[3].n|Mult0~mult_hl_pl[0][13]                                                                                                      ; Lost fanout                                                                                        ;
; axil_mlp:mlp|MLP:core|layer:l2|neuron:neuron_gen[3].n|Mult0~mult_lh_pl[0][14]                                                                                                      ; Lost fanout                                                                                        ;
; axil_mlp:mlp|MLP:core|layer:l2|neuron:neuron_gen[3].n|Mult0~mult_hl_pl[0][14]                                                                                                      ; Lost fanout                                                                                        ;
; axil_mlp:mlp|MLP:core|layer:l2|neuron:neuron_gen[3].n|Mult0~mult_lh_pl[0][15]                                                                                                      ; Lost fanout                                                                                        ;
; axil_mlp:mlp|MLP:core|layer:l2|neuron:neuron_gen[3].n|Mult0~mult_hl_pl[0][15]                                                                                                      ; Lost fanout                                                                                        ;
; axil_mlp:mlp|MLP:core|layer:l2|neuron:neuron_gen[3].n|Mult0~mult_lh_pl[0][16]                                                                                                      ; Lost fanout                                                                                        ;
; axil_mlp:mlp|MLP:core|layer:l2|neuron:neuron_gen[3].n|Mult0~mult_hl_pl[0][16]                                                                                                      ; Lost fanout                                                                                        ;
; axil_mlp:mlp|MLP:core|layer:l2|neuron:neuron_gen[3].n|Mult0~mult_lh_pl[0][17]                                                                                                      ; Lost fanout                                                                                        ;
; axil_mlp:mlp|MLP:core|layer:l2|neuron:neuron_gen[3].n|Mult0~mult_hl_pl[0][17]                                                                                                      ; Lost fanout                                                                                        ;
; axil_mlp:mlp|MLP:core|layer:l2|neuron:neuron_gen[3].n|Mult0~mult_lh_pl[0][18]                                                                                                      ; Lost fanout                                                                                        ;
; axil_mlp:mlp|MLP:core|layer:l2|neuron:neuron_gen[3].n|Mult0~mult_hl_pl[0][18]                                                                                                      ; Lost fanout                                                                                        ;
; axil_mlp:mlp|MLP:core|layer:l2|neuron:neuron_gen[3].n|Mult0~mult_lh_pl[0][19]                                                                                                      ; Lost fanout                                                                                        ;
; axil_mlp:mlp|MLP:core|layer:l2|neuron:neuron_gen[3].n|Mult0~mult_hl_pl[0][19]                                                                                                      ; Lost fanout                                                                                        ;
; axil_mlp:mlp|MLP:core|layer:l2|neuron:neuron_gen[3].n|Mult0~mult_lh_pl[0][20]                                                                                                      ; Lost fanout                                                                                        ;
; axil_mlp:mlp|MLP:core|layer:l2|neuron:neuron_gen[3].n|Mult0~mult_hl_pl[0][20]                                                                                                      ; Lost fanout                                                                                        ;
; axil_mlp:mlp|MLP:core|layer:l2|neuron:neuron_gen[3].n|Mult0~mult_lh_pl[0][21]                                                                                                      ; Lost fanout                                                                                        ;
; axil_mlp:mlp|MLP:core|layer:l2|neuron:neuron_gen[3].n|Mult0~mult_hl_pl[0][21]                                                                                                      ; Lost fanout                                                                                        ;
; axil_mlp:mlp|MLP:core|layer:l2|neuron:neuron_gen[3].n|Mult0~mult_lh_pl[0][22]                                                                                                      ; Lost fanout                                                                                        ;
; axil_mlp:mlp|MLP:core|layer:l2|neuron:neuron_gen[3].n|Mult0~mult_hl_pl[0][22]                                                                                                      ; Lost fanout                                                                                        ;
; axil_mlp:mlp|MLP:core|layer:l2|neuron:neuron_gen[3].n|Mult0~mult_lh_pl[0][23]                                                                                                      ; Lost fanout                                                                                        ;
; axil_mlp:mlp|MLP:core|layer:l2|neuron:neuron_gen[3].n|Mult0~mult_hl_pl[0][23]                                                                                                      ; Lost fanout                                                                                        ;
; axil_mlp:mlp|MLP:core|layer:l2|neuron:neuron_gen[3].n|Mult0~mult_lh_pl[0][24]                                                                                                      ; Lost fanout                                                                                        ;
; axil_mlp:mlp|MLP:core|layer:l2|neuron:neuron_gen[3].n|Mult0~mult_hl_pl[0][24]                                                                                                      ; Lost fanout                                                                                        ;
; axil_mlp:mlp|MLP:core|layer:l2|neuron:neuron_gen[3].n|Mult0~mult_lh_pl[0][25]                                                                                                      ; Lost fanout                                                                                        ;
; axil_mlp:mlp|MLP:core|layer:l2|neuron:neuron_gen[3].n|Mult0~mult_hl_pl[0][25]                                                                                                      ; Lost fanout                                                                                        ;
; axil_mlp:mlp|MLP:core|layer:l2|neuron:neuron_gen[3].n|Mult0~mult_lh_pl[0][26]                                                                                                      ; Lost fanout                                                                                        ;
; axil_mlp:mlp|MLP:core|layer:l2|neuron:neuron_gen[3].n|Mult0~mult_hl_pl[0][26]                                                                                                      ; Lost fanout                                                                                        ;
; axil_mlp:mlp|MLP:core|layer:l2|neuron:neuron_gen[3].n|Mult0~mult_lh_pl[0][27]                                                                                                      ; Lost fanout                                                                                        ;
; axil_mlp:mlp|MLP:core|layer:l2|neuron:neuron_gen[3].n|Mult0~mult_hl_pl[0][27]                                                                                                      ; Lost fanout                                                                                        ;
; axil_mlp:mlp|MLP:core|layer:l2|neuron:neuron_gen[3].n|Mult0~mult_lh_pl[0][28]                                                                                                      ; Lost fanout                                                                                        ;
; axil_mlp:mlp|MLP:core|layer:l2|neuron:neuron_gen[3].n|Mult0~mult_hl_pl[0][28]                                                                                                      ; Lost fanout                                                                                        ;
; axil_mlp:mlp|MLP:core|layer:l2|neuron:neuron_gen[3].n|Mult0~mult_lh_pl[0][29]                                                                                                      ; Lost fanout                                                                                        ;
; axil_mlp:mlp|MLP:core|layer:l2|neuron:neuron_gen[3].n|Mult0~mult_hl_pl[0][29]                                                                                                      ; Lost fanout                                                                                        ;
; axil_mlp:mlp|MLP:core|layer:l2|neuron:neuron_gen[3].n|Mult0~mult_lh_pl[0][30]                                                                                                      ; Lost fanout                                                                                        ;
; axil_mlp:mlp|MLP:core|layer:l2|neuron:neuron_gen[3].n|Mult0~mult_hl_pl[0][30]                                                                                                      ; Lost fanout                                                                                        ;
; axil_mlp:mlp|MLP:core|layer:l2|neuron:neuron_gen[3].n|Mult0~mult_lh_pl[0][31]                                                                                                      ; Lost fanout                                                                                        ;
; axil_mlp:mlp|MLP:core|layer:l2|neuron:neuron_gen[3].n|Mult0~mult_hl_pl[0][31]                                                                                                      ; Lost fanout                                                                                        ;
; axil_mlp:mlp|MLP:core|layer:l3|neuron:neuron_gen[0].n|Mult0~mult_lh_pl[0][0]                                                                                                       ; Lost fanout                                                                                        ;
; axil_mlp:mlp|MLP:core|layer:l3|neuron:neuron_gen[0].n|Mult0~mult_hl_pl[0][0]                                                                                                       ; Lost fanout                                                                                        ;
; axil_mlp:mlp|MLP:core|layer:l3|neuron:neuron_gen[0].n|Mult0~mult_lh_pl[0][1]                                                                                                       ; Lost fanout                                                                                        ;
; axil_mlp:mlp|MLP:core|layer:l3|neuron:neuron_gen[0].n|Mult0~mult_hl_pl[0][1]                                                                                                       ; Lost fanout                                                                                        ;
; axil_mlp:mlp|MLP:core|layer:l3|neuron:neuron_gen[0].n|Mult0~mult_lh_pl[0][2]                                                                                                       ; Lost fanout                                                                                        ;
; axil_mlp:mlp|MLP:core|layer:l3|neuron:neuron_gen[0].n|Mult0~mult_hl_pl[0][2]                                                                                                       ; Lost fanout                                                                                        ;
; axil_mlp:mlp|MLP:core|layer:l3|neuron:neuron_gen[0].n|Mult0~mult_lh_pl[0][3]                                                                                                       ; Lost fanout                                                                                        ;
; axil_mlp:mlp|MLP:core|layer:l3|neuron:neuron_gen[0].n|Mult0~mult_hl_pl[0][3]                                                                                                       ; Lost fanout                                                                                        ;
; axil_mlp:mlp|MLP:core|layer:l3|neuron:neuron_gen[0].n|Mult0~mult_lh_pl[0][4]                                                                                                       ; Lost fanout                                                                                        ;
; axil_mlp:mlp|MLP:core|layer:l3|neuron:neuron_gen[0].n|Mult0~mult_hl_pl[0][4]                                                                                                       ; Lost fanout                                                                                        ;
; axil_mlp:mlp|MLP:core|layer:l3|neuron:neuron_gen[0].n|Mult0~mult_lh_pl[0][5]                                                                                                       ; Lost fanout                                                                                        ;
; axil_mlp:mlp|MLP:core|layer:l3|neuron:neuron_gen[0].n|Mult0~mult_hl_pl[0][5]                                                                                                       ; Lost fanout                                                                                        ;
; axil_mlp:mlp|MLP:core|layer:l3|neuron:neuron_gen[0].n|Mult0~mult_lh_pl[0][6]                                                                                                       ; Lost fanout                                                                                        ;
; axil_mlp:mlp|MLP:core|layer:l3|neuron:neuron_gen[0].n|Mult0~mult_hl_pl[0][6]                                                                                                       ; Lost fanout                                                                                        ;
; axil_mlp:mlp|MLP:core|layer:l3|neuron:neuron_gen[0].n|Mult0~mult_lh_pl[0][7]                                                                                                       ; Lost fanout                                                                                        ;
; axil_mlp:mlp|MLP:core|layer:l3|neuron:neuron_gen[0].n|Mult0~mult_hl_pl[0][7]                                                                                                       ; Lost fanout                                                                                        ;
; axil_mlp:mlp|MLP:core|layer:l3|neuron:neuron_gen[0].n|Mult0~mult_lh_pl[0][8]                                                                                                       ; Lost fanout                                                                                        ;
; axil_mlp:mlp|MLP:core|layer:l3|neuron:neuron_gen[0].n|Mult0~mult_hl_pl[0][8]                                                                                                       ; Lost fanout                                                                                        ;
; axil_mlp:mlp|MLP:core|layer:l3|neuron:neuron_gen[0].n|Mult0~mult_lh_pl[0][9]                                                                                                       ; Lost fanout                                                                                        ;
; axil_mlp:mlp|MLP:core|layer:l3|neuron:neuron_gen[0].n|Mult0~mult_hl_pl[0][9]                                                                                                       ; Lost fanout                                                                                        ;
; axil_mlp:mlp|MLP:core|layer:l3|neuron:neuron_gen[0].n|Mult0~mult_lh_pl[0][10]                                                                                                      ; Lost fanout                                                                                        ;
; axil_mlp:mlp|MLP:core|layer:l3|neuron:neuron_gen[0].n|Mult0~mult_hl_pl[0][10]                                                                                                      ; Lost fanout                                                                                        ;
; axil_mlp:mlp|MLP:core|layer:l3|neuron:neuron_gen[0].n|Mult0~mult_lh_pl[0][11]                                                                                                      ; Lost fanout                                                                                        ;
; axil_mlp:mlp|MLP:core|layer:l3|neuron:neuron_gen[0].n|Mult0~mult_hl_pl[0][11]                                                                                                      ; Lost fanout                                                                                        ;
; axil_mlp:mlp|MLP:core|layer:l3|neuron:neuron_gen[0].n|Mult0~mult_lh_pl[0][12]                                                                                                      ; Lost fanout                                                                                        ;
; axil_mlp:mlp|MLP:core|layer:l3|neuron:neuron_gen[0].n|Mult0~mult_hl_pl[0][12]                                                                                                      ; Lost fanout                                                                                        ;
; axil_mlp:mlp|MLP:core|layer:l3|neuron:neuron_gen[0].n|Mult0~mult_lh_pl[0][13]                                                                                                      ; Lost fanout                                                                                        ;
; axil_mlp:mlp|MLP:core|layer:l3|neuron:neuron_gen[0].n|Mult0~mult_hl_pl[0][13]                                                                                                      ; Lost fanout                                                                                        ;
; axil_mlp:mlp|MLP:core|layer:l3|neuron:neuron_gen[0].n|Mult0~mult_lh_pl[0][14]                                                                                                      ; Lost fanout                                                                                        ;
; axil_mlp:mlp|MLP:core|layer:l3|neuron:neuron_gen[0].n|Mult0~mult_hl_pl[0][14]                                                                                                      ; Lost fanout                                                                                        ;
; axil_mlp:mlp|MLP:core|layer:l3|neuron:neuron_gen[0].n|Mult0~mult_lh_pl[0][15]                                                                                                      ; Lost fanout                                                                                        ;
; axil_mlp:mlp|MLP:core|layer:l3|neuron:neuron_gen[0].n|Mult0~mult_hl_pl[0][15]                                                                                                      ; Lost fanout                                                                                        ;
; axil_mlp:mlp|MLP:core|layer:l3|neuron:neuron_gen[0].n|Mult0~mult_lh_pl[0][16]                                                                                                      ; Lost fanout                                                                                        ;
; axil_mlp:mlp|MLP:core|layer:l3|neuron:neuron_gen[0].n|Mult0~mult_hl_pl[0][16]                                                                                                      ; Lost fanout                                                                                        ;
; axil_mlp:mlp|MLP:core|layer:l3|neuron:neuron_gen[0].n|Mult0~mult_lh_pl[0][17]                                                                                                      ; Lost fanout                                                                                        ;
; axil_mlp:mlp|MLP:core|layer:l3|neuron:neuron_gen[0].n|Mult0~mult_hl_pl[0][17]                                                                                                      ; Lost fanout                                                                                        ;
; axil_mlp:mlp|MLP:core|layer:l3|neuron:neuron_gen[0].n|Mult0~mult_lh_pl[0][18]                                                                                                      ; Lost fanout                                                                                        ;
; axil_mlp:mlp|MLP:core|layer:l3|neuron:neuron_gen[0].n|Mult0~mult_hl_pl[0][18]                                                                                                      ; Lost fanout                                                                                        ;
; axil_mlp:mlp|MLP:core|layer:l3|neuron:neuron_gen[0].n|Mult0~mult_lh_pl[0][19]                                                                                                      ; Lost fanout                                                                                        ;
; axil_mlp:mlp|MLP:core|layer:l3|neuron:neuron_gen[0].n|Mult0~mult_hl_pl[0][19]                                                                                                      ; Lost fanout                                                                                        ;
; axil_mlp:mlp|MLP:core|layer:l3|neuron:neuron_gen[0].n|Mult0~mult_lh_pl[0][20]                                                                                                      ; Lost fanout                                                                                        ;
; axil_mlp:mlp|MLP:core|layer:l3|neuron:neuron_gen[0].n|Mult0~mult_hl_pl[0][20]                                                                                                      ; Lost fanout                                                                                        ;
; axil_mlp:mlp|MLP:core|layer:l3|neuron:neuron_gen[0].n|Mult0~mult_lh_pl[0][21]                                                                                                      ; Lost fanout                                                                                        ;
; axil_mlp:mlp|MLP:core|layer:l3|neuron:neuron_gen[0].n|Mult0~mult_hl_pl[0][21]                                                                                                      ; Lost fanout                                                                                        ;
; axil_mlp:mlp|MLP:core|layer:l3|neuron:neuron_gen[0].n|Mult0~mult_lh_pl[0][22]                                                                                                      ; Lost fanout                                                                                        ;
; axil_mlp:mlp|MLP:core|layer:l3|neuron:neuron_gen[0].n|Mult0~mult_hl_pl[0][22]                                                                                                      ; Lost fanout                                                                                        ;
; axil_mlp:mlp|MLP:core|layer:l3|neuron:neuron_gen[0].n|Mult0~mult_lh_pl[0][23]                                                                                                      ; Lost fanout                                                                                        ;
; axil_mlp:mlp|MLP:core|layer:l3|neuron:neuron_gen[0].n|Mult0~mult_hl_pl[0][23]                                                                                                      ; Lost fanout                                                                                        ;
; axil_mlp:mlp|MLP:core|layer:l3|neuron:neuron_gen[0].n|Mult0~mult_lh_pl[0][24]                                                                                                      ; Lost fanout                                                                                        ;
; axil_mlp:mlp|MLP:core|layer:l3|neuron:neuron_gen[0].n|Mult0~mult_hl_pl[0][24]                                                                                                      ; Lost fanout                                                                                        ;
; axil_mlp:mlp|MLP:core|layer:l3|neuron:neuron_gen[0].n|Mult0~mult_lh_pl[0][25]                                                                                                      ; Lost fanout                                                                                        ;
; axil_mlp:mlp|MLP:core|layer:l3|neuron:neuron_gen[0].n|Mult0~mult_hl_pl[0][25]                                                                                                      ; Lost fanout                                                                                        ;
; axil_mlp:mlp|MLP:core|layer:l3|neuron:neuron_gen[0].n|Mult0~mult_lh_pl[0][26]                                                                                                      ; Lost fanout                                                                                        ;
; axil_mlp:mlp|MLP:core|layer:l3|neuron:neuron_gen[0].n|Mult0~mult_hl_pl[0][26]                                                                                                      ; Lost fanout                                                                                        ;
; axil_mlp:mlp|MLP:core|layer:l3|neuron:neuron_gen[0].n|Mult0~mult_lh_pl[0][27]                                                                                                      ; Lost fanout                                                                                        ;
; axil_mlp:mlp|MLP:core|layer:l3|neuron:neuron_gen[0].n|Mult0~mult_hl_pl[0][27]                                                                                                      ; Lost fanout                                                                                        ;
; axil_mlp:mlp|MLP:core|layer:l3|neuron:neuron_gen[0].n|Mult0~mult_lh_pl[0][28]                                                                                                      ; Lost fanout                                                                                        ;
; axil_mlp:mlp|MLP:core|layer:l3|neuron:neuron_gen[0].n|Mult0~mult_hl_pl[0][28]                                                                                                      ; Lost fanout                                                                                        ;
; axil_mlp:mlp|MLP:core|layer:l3|neuron:neuron_gen[0].n|Mult0~mult_lh_pl[0][29]                                                                                                      ; Lost fanout                                                                                        ;
; axil_mlp:mlp|MLP:core|layer:l3|neuron:neuron_gen[0].n|Mult0~mult_hl_pl[0][29]                                                                                                      ; Lost fanout                                                                                        ;
; axil_mlp:mlp|MLP:core|layer:l3|neuron:neuron_gen[0].n|Mult0~mult_lh_pl[0][30]                                                                                                      ; Lost fanout                                                                                        ;
; axil_mlp:mlp|MLP:core|layer:l3|neuron:neuron_gen[0].n|Mult0~mult_hl_pl[0][30]                                                                                                      ; Lost fanout                                                                                        ;
; axil_mlp:mlp|MLP:core|layer:l3|neuron:neuron_gen[0].n|Mult0~mult_lh_pl[0][31]                                                                                                      ; Lost fanout                                                                                        ;
; axil_mlp:mlp|MLP:core|layer:l3|neuron:neuron_gen[0].n|Mult0~mult_hl_pl[0][31]                                                                                                      ; Lost fanout                                                                                        ;
; axil_mlp:mlp|MLP:core|layer:l1|neuron:neuron_gen[0].n|Mult0~add_lh_hlmac_pl[0][33]                                                                                                 ; Lost fanout                                                                                        ;
; axil_mlp:mlp|MLP:core|layer:l1|neuron:neuron_gen[0].n|Mult0~add_lh_hlmac_pl[0][34]                                                                                                 ; Lost fanout                                                                                        ;
; axil_mlp:mlp|MLP:core|layer:l1|neuron:neuron_gen[0].n|Mult0~add_lh_hlmac_pl[0][35]                                                                                                 ; Lost fanout                                                                                        ;
; axil_mlp:mlp|MLP:core|layer:l1|neuron:neuron_gen[0].n|Mult0~add_lh_hlmac_pl[0][36]                                                                                                 ; Lost fanout                                                                                        ;
; axil_mlp:mlp|MLP:core|layer:l1|neuron:neuron_gen[0].n|Mult0~add_lh_hlmac_pl[0][37]                                                                                                 ; Lost fanout                                                                                        ;
; axil_mlp:mlp|MLP:core|layer:l1|neuron:neuron_gen[2].n|Mult0~add_lh_hlmac_pl[0][33]                                                                                                 ; Lost fanout                                                                                        ;
; axil_mlp:mlp|MLP:core|layer:l1|neuron:neuron_gen[2].n|Mult0~add_lh_hlmac_pl[0][34]                                                                                                 ; Lost fanout                                                                                        ;
; axil_mlp:mlp|MLP:core|layer:l1|neuron:neuron_gen[2].n|Mult0~add_lh_hlmac_pl[0][35]                                                                                                 ; Lost fanout                                                                                        ;
; axil_mlp:mlp|MLP:core|layer:l1|neuron:neuron_gen[2].n|Mult0~add_lh_hlmac_pl[0][36]                                                                                                 ; Lost fanout                                                                                        ;
; axil_mlp:mlp|MLP:core|layer:l1|neuron:neuron_gen[2].n|Mult0~add_lh_hlmac_pl[0][37]                                                                                                 ; Lost fanout                                                                                        ;
; axil_mlp:mlp|MLP:core|layer:l1|neuron:neuron_gen[3].n|Mult0~add_lh_hlmac_pl[0][33]                                                                                                 ; Lost fanout                                                                                        ;
; axil_mlp:mlp|MLP:core|layer:l1|neuron:neuron_gen[3].n|Mult0~add_lh_hlmac_pl[0][34]                                                                                                 ; Lost fanout                                                                                        ;
; axil_mlp:mlp|MLP:core|layer:l1|neuron:neuron_gen[3].n|Mult0~add_lh_hlmac_pl[0][35]                                                                                                 ; Lost fanout                                                                                        ;
; axil_mlp:mlp|MLP:core|layer:l1|neuron:neuron_gen[3].n|Mult0~add_lh_hlmac_pl[0][36]                                                                                                 ; Lost fanout                                                                                        ;
; axil_mlp:mlp|MLP:core|layer:l1|neuron:neuron_gen[3].n|Mult0~add_lh_hlmac_pl[0][37]                                                                                                 ; Lost fanout                                                                                        ;
; axil_mlp:mlp|MLP:core|layer:l2|neuron:neuron_gen[0].n|Mult0~add_lh_hlmac_pl[0][33]                                                                                                 ; Lost fanout                                                                                        ;
; axil_mlp:mlp|MLP:core|layer:l2|neuron:neuron_gen[0].n|Mult0~add_lh_hlmac_pl[0][34]                                                                                                 ; Lost fanout                                                                                        ;
; axil_mlp:mlp|MLP:core|layer:l2|neuron:neuron_gen[0].n|Mult0~add_lh_hlmac_pl[0][35]                                                                                                 ; Lost fanout                                                                                        ;
; axil_mlp:mlp|MLP:core|layer:l2|neuron:neuron_gen[0].n|Mult0~add_lh_hlmac_pl[0][36]                                                                                                 ; Lost fanout                                                                                        ;
; axil_mlp:mlp|MLP:core|layer:l2|neuron:neuron_gen[0].n|Mult0~add_lh_hlmac_pl[0][37]                                                                                                 ; Lost fanout                                                                                        ;
; axil_mlp:mlp|MLP:core|layer:l2|neuron:neuron_gen[1].n|Mult0~add_lh_hlmac_pl[0][33]                                                                                                 ; Lost fanout                                                                                        ;
; axil_mlp:mlp|MLP:core|layer:l2|neuron:neuron_gen[1].n|Mult0~add_lh_hlmac_pl[0][34]                                                                                                 ; Lost fanout                                                                                        ;
; axil_mlp:mlp|MLP:core|layer:l2|neuron:neuron_gen[1].n|Mult0~add_lh_hlmac_pl[0][35]                                                                                                 ; Lost fanout                                                                                        ;
; axil_mlp:mlp|MLP:core|layer:l2|neuron:neuron_gen[1].n|Mult0~add_lh_hlmac_pl[0][36]                                                                                                 ; Lost fanout                                                                                        ;
; axil_mlp:mlp|MLP:core|layer:l2|neuron:neuron_gen[1].n|Mult0~add_lh_hlmac_pl[0][37]                                                                                                 ; Lost fanout                                                                                        ;
; axil_mlp:mlp|MLP:core|layer:l2|neuron:neuron_gen[2].n|Mult0~add_lh_hlmac_pl[0][33]                                                                                                 ; Lost fanout                                                                                        ;
; axil_mlp:mlp|MLP:core|layer:l2|neuron:neuron_gen[2].n|Mult0~add_lh_hlmac_pl[0][34]                                                                                                 ; Lost fanout                                                                                        ;
; axil_mlp:mlp|MLP:core|layer:l2|neuron:neuron_gen[2].n|Mult0~add_lh_hlmac_pl[0][35]                                                                                                 ; Lost fanout                                                                                        ;
; axil_mlp:mlp|MLP:core|layer:l2|neuron:neuron_gen[2].n|Mult0~add_lh_hlmac_pl[0][36]                                                                                                 ; Lost fanout                                                                                        ;
; axil_mlp:mlp|MLP:core|layer:l2|neuron:neuron_gen[2].n|Mult0~add_lh_hlmac_pl[0][37]                                                                                                 ; Lost fanout                                                                                        ;
; axil_mlp:mlp|MLP:core|layer:l2|neuron:neuron_gen[3].n|Mult0~add_lh_hlmac_pl[0][33]                                                                                                 ; Lost fanout                                                                                        ;
; axil_mlp:mlp|MLP:core|layer:l2|neuron:neuron_gen[3].n|Mult0~add_lh_hlmac_pl[0][34]                                                                                                 ; Lost fanout                                                                                        ;
; axil_mlp:mlp|MLP:core|layer:l2|neuron:neuron_gen[3].n|Mult0~add_lh_hlmac_pl[0][35]                                                                                                 ; Lost fanout                                                                                        ;
; axil_mlp:mlp|MLP:core|layer:l2|neuron:neuron_gen[3].n|Mult0~add_lh_hlmac_pl[0][36]                                                                                                 ; Lost fanout                                                                                        ;
; axil_mlp:mlp|MLP:core|layer:l2|neuron:neuron_gen[3].n|Mult0~add_lh_hlmac_pl[0][37]                                                                                                 ; Lost fanout                                                                                        ;
; axil_mlp:mlp|MLP:core|layer:l3|neuron:neuron_gen[0].n|Mult0~add_lh_hlmac_pl[0][33]                                                                                                 ; Lost fanout                                                                                        ;
; axil_mlp:mlp|MLP:core|layer:l3|neuron:neuron_gen[0].n|Mult0~add_lh_hlmac_pl[0][34]                                                                                                 ; Lost fanout                                                                                        ;
; axil_mlp:mlp|MLP:core|layer:l3|neuron:neuron_gen[0].n|Mult0~add_lh_hlmac_pl[0][35]                                                                                                 ; Lost fanout                                                                                        ;
; axil_mlp:mlp|MLP:core|layer:l3|neuron:neuron_gen[0].n|Mult0~add_lh_hlmac_pl[0][36]                                                                                                 ; Lost fanout                                                                                        ;
; axil_mlp:mlp|MLP:core|layer:l3|neuron:neuron_gen[0].n|Mult0~add_lh_hlmac_pl[0][37]                                                                                                 ; Lost fanout                                                                                        ;
; axil_mlp:mlp|MLP:core|layer:l3|neuron:neuron_gen[0].n|weight_rom:WM|dout[8,12]                                                                                                     ; Merged with axil_mlp:mlp|MLP:core|layer:l3|neuron:neuron_gen[0].n|weight_rom:WM|dout[2]            ;
; axil_mlp:mlp|MLP:core|layer:l3|neuron:neuron_gen[0].n|weight_rom:WM|dout[13,14]                                                                                                    ; Merged with axil_mlp:mlp|MLP:core|layer:l3|neuron:neuron_gen[0].n|weight_rom:WM|dout[1]            ;
; axil_mlp:mlp|MLP:core|layer:l3|neuron:neuron_gen[0].n|weight_rom:WM|dout[16..31]                                                                                                   ; Merged with axil_mlp:mlp|MLP:core|layer:l3|neuron:neuron_gen[0].n|weight_rom:WM|dout[0]            ;
; axil_mlp:mlp|MLP:core|layer:l3|neuron:neuron_gen[0].n|weight_rom:WM|dout[10]                                                                                                       ; Merged with axil_mlp:mlp|MLP:core|layer:l3|neuron:neuron_gen[0].n|weight_rom:WM|dout[5]            ;
; axil_mlp:mlp|MLP:core|layer:l3|neuron:neuron_gen[0].n|weight_rom:WM|dout[11]                                                                                                       ; Merged with axil_mlp:mlp|MLP:core|layer:l3|neuron:neuron_gen[0].n|weight_rom:WM|dout[7]            ;
; axil_mlp:mlp|MLP:core|layer:l2|neuron:neuron_gen[0].n|myinputd[31]                                                                                                                 ; Merged with axil_mlp:mlp|MLP:core|layer:l2|neuron:neuron_gen[3].n|myinputd[31]                     ;
; axil_mlp:mlp|MLP:core|layer:l2|neuron:neuron_gen[1].n|myinputd[31]                                                                                                                 ; Merged with axil_mlp:mlp|MLP:core|layer:l2|neuron:neuron_gen[3].n|myinputd[31]                     ;
; axil_mlp:mlp|MLP:core|layer:l2|neuron:neuron_gen[2].n|myinputd[31]                                                                                                                 ; Merged with axil_mlp:mlp|MLP:core|layer:l2|neuron:neuron_gen[3].n|myinputd[31]                     ;
; axil_mlp:mlp|MLP:core|layer:l2|neuron:neuron_gen[0].n|myinputd[30]                                                                                                                 ; Merged with axil_mlp:mlp|MLP:core|layer:l2|neuron:neuron_gen[3].n|myinputd[30]                     ;
; axil_mlp:mlp|MLP:core|layer:l2|neuron:neuron_gen[1].n|myinputd[30]                                                                                                                 ; Merged with axil_mlp:mlp|MLP:core|layer:l2|neuron:neuron_gen[3].n|myinputd[30]                     ;
; axil_mlp:mlp|MLP:core|layer:l2|neuron:neuron_gen[2].n|myinputd[30]                                                                                                                 ; Merged with axil_mlp:mlp|MLP:core|layer:l2|neuron:neuron_gen[3].n|myinputd[30]                     ;
; axil_mlp:mlp|MLP:core|layer:l2|neuron:neuron_gen[0].n|myinputd[29]                                                                                                                 ; Merged with axil_mlp:mlp|MLP:core|layer:l2|neuron:neuron_gen[3].n|myinputd[29]                     ;
; axil_mlp:mlp|MLP:core|layer:l2|neuron:neuron_gen[1].n|myinputd[29]                                                                                                                 ; Merged with axil_mlp:mlp|MLP:core|layer:l2|neuron:neuron_gen[3].n|myinputd[29]                     ;
; axil_mlp:mlp|MLP:core|layer:l2|neuron:neuron_gen[2].n|myinputd[29]                                                                                                                 ; Merged with axil_mlp:mlp|MLP:core|layer:l2|neuron:neuron_gen[3].n|myinputd[29]                     ;
; axil_mlp:mlp|MLP:core|layer:l2|neuron:neuron_gen[0].n|myinputd[28]                                                                                                                 ; Merged with axil_mlp:mlp|MLP:core|layer:l2|neuron:neuron_gen[3].n|myinputd[28]                     ;
; axil_mlp:mlp|MLP:core|layer:l2|neuron:neuron_gen[1].n|myinputd[28]                                                                                                                 ; Merged with axil_mlp:mlp|MLP:core|layer:l2|neuron:neuron_gen[3].n|myinputd[28]                     ;
; axil_mlp:mlp|MLP:core|layer:l2|neuron:neuron_gen[2].n|myinputd[28]                                                                                                                 ; Merged with axil_mlp:mlp|MLP:core|layer:l2|neuron:neuron_gen[3].n|myinputd[28]                     ;
; axil_mlp:mlp|MLP:core|layer:l2|neuron:neuron_gen[0].n|myinputd[27]                                                                                                                 ; Merged with axil_mlp:mlp|MLP:core|layer:l2|neuron:neuron_gen[3].n|myinputd[27]                     ;
; axil_mlp:mlp|MLP:core|layer:l2|neuron:neuron_gen[1].n|myinputd[27]                                                                                                                 ; Merged with axil_mlp:mlp|MLP:core|layer:l2|neuron:neuron_gen[3].n|myinputd[27]                     ;
; axil_mlp:mlp|MLP:core|layer:l2|neuron:neuron_gen[2].n|myinputd[27]                                                                                                                 ; Merged with axil_mlp:mlp|MLP:core|layer:l2|neuron:neuron_gen[3].n|myinputd[27]                     ;
; axil_mlp:mlp|MLP:core|layer:l2|neuron:neuron_gen[0].n|myinputd[26]                                                                                                                 ; Merged with axil_mlp:mlp|MLP:core|layer:l2|neuron:neuron_gen[3].n|myinputd[26]                     ;
; axil_mlp:mlp|MLP:core|layer:l2|neuron:neuron_gen[1].n|myinputd[26]                                                                                                                 ; Merged with axil_mlp:mlp|MLP:core|layer:l2|neuron:neuron_gen[3].n|myinputd[26]                     ;
; axil_mlp:mlp|MLP:core|layer:l2|neuron:neuron_gen[2].n|myinputd[26]                                                                                                                 ; Merged with axil_mlp:mlp|MLP:core|layer:l2|neuron:neuron_gen[3].n|myinputd[26]                     ;
; axil_mlp:mlp|MLP:core|layer:l2|neuron:neuron_gen[0].n|myinputd[25]                                                                                                                 ; Merged with axil_mlp:mlp|MLP:core|layer:l2|neuron:neuron_gen[3].n|myinputd[25]                     ;
; axil_mlp:mlp|MLP:core|layer:l2|neuron:neuron_gen[1].n|myinputd[25]                                                                                                                 ; Merged with axil_mlp:mlp|MLP:core|layer:l2|neuron:neuron_gen[3].n|myinputd[25]                     ;
; axil_mlp:mlp|MLP:core|layer:l2|neuron:neuron_gen[2].n|myinputd[25]                                                                                                                 ; Merged with axil_mlp:mlp|MLP:core|layer:l2|neuron:neuron_gen[3].n|myinputd[25]                     ;
; axil_mlp:mlp|MLP:core|layer:l2|neuron:neuron_gen[0].n|myinputd[24]                                                                                                                 ; Merged with axil_mlp:mlp|MLP:core|layer:l2|neuron:neuron_gen[3].n|myinputd[24]                     ;
; axil_mlp:mlp|MLP:core|layer:l2|neuron:neuron_gen[1].n|myinputd[24]                                                                                                                 ; Merged with axil_mlp:mlp|MLP:core|layer:l2|neuron:neuron_gen[3].n|myinputd[24]                     ;
; axil_mlp:mlp|MLP:core|layer:l2|neuron:neuron_gen[2].n|myinputd[24]                                                                                                                 ; Merged with axil_mlp:mlp|MLP:core|layer:l2|neuron:neuron_gen[3].n|myinputd[24]                     ;
; axil_mlp:mlp|MLP:core|layer:l2|neuron:neuron_gen[0].n|myinputd[23]                                                                                                                 ; Merged with axil_mlp:mlp|MLP:core|layer:l2|neuron:neuron_gen[3].n|myinputd[23]                     ;
; axil_mlp:mlp|MLP:core|layer:l2|neuron:neuron_gen[1].n|myinputd[23]                                                                                                                 ; Merged with axil_mlp:mlp|MLP:core|layer:l2|neuron:neuron_gen[3].n|myinputd[23]                     ;
; axil_mlp:mlp|MLP:core|layer:l2|neuron:neuron_gen[2].n|myinputd[23]                                                                                                                 ; Merged with axil_mlp:mlp|MLP:core|layer:l2|neuron:neuron_gen[3].n|myinputd[23]                     ;
; axil_mlp:mlp|MLP:core|layer:l2|neuron:neuron_gen[0].n|myinputd[22]                                                                                                                 ; Merged with axil_mlp:mlp|MLP:core|layer:l2|neuron:neuron_gen[3].n|myinputd[22]                     ;
; axil_mlp:mlp|MLP:core|layer:l2|neuron:neuron_gen[1].n|myinputd[22]                                                                                                                 ; Merged with axil_mlp:mlp|MLP:core|layer:l2|neuron:neuron_gen[3].n|myinputd[22]                     ;
; axil_mlp:mlp|MLP:core|layer:l2|neuron:neuron_gen[2].n|myinputd[22]                                                                                                                 ; Merged with axil_mlp:mlp|MLP:core|layer:l2|neuron:neuron_gen[3].n|myinputd[22]                     ;
; axil_mlp:mlp|MLP:core|layer:l2|neuron:neuron_gen[0].n|myinputd[21]                                                                                                                 ; Merged with axil_mlp:mlp|MLP:core|layer:l2|neuron:neuron_gen[3].n|myinputd[21]                     ;
; axil_mlp:mlp|MLP:core|layer:l2|neuron:neuron_gen[1].n|myinputd[21]                                                                                                                 ; Merged with axil_mlp:mlp|MLP:core|layer:l2|neuron:neuron_gen[3].n|myinputd[21]                     ;
; axil_mlp:mlp|MLP:core|layer:l2|neuron:neuron_gen[2].n|myinputd[21]                                                                                                                 ; Merged with axil_mlp:mlp|MLP:core|layer:l2|neuron:neuron_gen[3].n|myinputd[21]                     ;
; axil_mlp:mlp|MLP:core|layer:l2|neuron:neuron_gen[0].n|myinputd[20]                                                                                                                 ; Merged with axil_mlp:mlp|MLP:core|layer:l2|neuron:neuron_gen[3].n|myinputd[20]                     ;
; axil_mlp:mlp|MLP:core|layer:l2|neuron:neuron_gen[1].n|myinputd[20]                                                                                                                 ; Merged with axil_mlp:mlp|MLP:core|layer:l2|neuron:neuron_gen[3].n|myinputd[20]                     ;
; axil_mlp:mlp|MLP:core|layer:l2|neuron:neuron_gen[2].n|myinputd[20]                                                                                                                 ; Merged with axil_mlp:mlp|MLP:core|layer:l2|neuron:neuron_gen[3].n|myinputd[20]                     ;
; axil_mlp:mlp|MLP:core|layer:l2|neuron:neuron_gen[0].n|myinputd[19]                                                                                                                 ; Merged with axil_mlp:mlp|MLP:core|layer:l2|neuron:neuron_gen[3].n|myinputd[19]                     ;
; axil_mlp:mlp|MLP:core|layer:l2|neuron:neuron_gen[1].n|myinputd[19]                                                                                                                 ; Merged with axil_mlp:mlp|MLP:core|layer:l2|neuron:neuron_gen[3].n|myinputd[19]                     ;
; axil_mlp:mlp|MLP:core|layer:l2|neuron:neuron_gen[2].n|myinputd[19]                                                                                                                 ; Merged with axil_mlp:mlp|MLP:core|layer:l2|neuron:neuron_gen[3].n|myinputd[19]                     ;
; axil_mlp:mlp|MLP:core|layer:l2|neuron:neuron_gen[0].n|myinputd[18]                                                                                                                 ; Merged with axil_mlp:mlp|MLP:core|layer:l2|neuron:neuron_gen[3].n|myinputd[18]                     ;
; axil_mlp:mlp|MLP:core|layer:l2|neuron:neuron_gen[1].n|myinputd[18]                                                                                                                 ; Merged with axil_mlp:mlp|MLP:core|layer:l2|neuron:neuron_gen[3].n|myinputd[18]                     ;
; axil_mlp:mlp|MLP:core|layer:l2|neuron:neuron_gen[2].n|myinputd[18]                                                                                                                 ; Merged with axil_mlp:mlp|MLP:core|layer:l2|neuron:neuron_gen[3].n|myinputd[18]                     ;
; axil_mlp:mlp|MLP:core|layer:l2|neuron:neuron_gen[0].n|myinputd[17]                                                                                                                 ; Merged with axil_mlp:mlp|MLP:core|layer:l2|neuron:neuron_gen[3].n|myinputd[17]                     ;
; axil_mlp:mlp|MLP:core|layer:l2|neuron:neuron_gen[1].n|myinputd[17]                                                                                                                 ; Merged with axil_mlp:mlp|MLP:core|layer:l2|neuron:neuron_gen[3].n|myinputd[17]                     ;
; axil_mlp:mlp|MLP:core|layer:l2|neuron:neuron_gen[2].n|myinputd[17]                                                                                                                 ; Merged with axil_mlp:mlp|MLP:core|layer:l2|neuron:neuron_gen[3].n|myinputd[17]                     ;
; axil_mlp:mlp|MLP:core|layer:l2|neuron:neuron_gen[0].n|myinputd[16]                                                                                                                 ; Merged with axil_mlp:mlp|MLP:core|layer:l2|neuron:neuron_gen[3].n|myinputd[16]                     ;
; axil_mlp:mlp|MLP:core|layer:l2|neuron:neuron_gen[1].n|myinputd[16]                                                                                                                 ; Merged with axil_mlp:mlp|MLP:core|layer:l2|neuron:neuron_gen[3].n|myinputd[16]                     ;
; axil_mlp:mlp|MLP:core|layer:l2|neuron:neuron_gen[2].n|myinputd[16]                                                                                                                 ; Merged with axil_mlp:mlp|MLP:core|layer:l2|neuron:neuron_gen[3].n|myinputd[16]                     ;
; axil_mlp:mlp|MLP:core|layer:l2|neuron:neuron_gen[0].n|myinputd[15]                                                                                                                 ; Merged with axil_mlp:mlp|MLP:core|layer:l2|neuron:neuron_gen[3].n|myinputd[15]                     ;
; axil_mlp:mlp|MLP:core|layer:l2|neuron:neuron_gen[1].n|myinputd[15]                                                                                                                 ; Merged with axil_mlp:mlp|MLP:core|layer:l2|neuron:neuron_gen[3].n|myinputd[15]                     ;
; axil_mlp:mlp|MLP:core|layer:l2|neuron:neuron_gen[2].n|myinputd[15]                                                                                                                 ; Merged with axil_mlp:mlp|MLP:core|layer:l2|neuron:neuron_gen[3].n|myinputd[15]                     ;
; axil_mlp:mlp|MLP:core|layer:l2|neuron:neuron_gen[0].n|myinputd[14]                                                                                                                 ; Merged with axil_mlp:mlp|MLP:core|layer:l2|neuron:neuron_gen[3].n|myinputd[14]                     ;
; axil_mlp:mlp|MLP:core|layer:l2|neuron:neuron_gen[1].n|myinputd[14]                                                                                                                 ; Merged with axil_mlp:mlp|MLP:core|layer:l2|neuron:neuron_gen[3].n|myinputd[14]                     ;
; axil_mlp:mlp|MLP:core|layer:l2|neuron:neuron_gen[2].n|myinputd[14]                                                                                                                 ; Merged with axil_mlp:mlp|MLP:core|layer:l2|neuron:neuron_gen[3].n|myinputd[14]                     ;
; axil_mlp:mlp|MLP:core|layer:l2|neuron:neuron_gen[0].n|myinputd[13]                                                                                                                 ; Merged with axil_mlp:mlp|MLP:core|layer:l2|neuron:neuron_gen[3].n|myinputd[13]                     ;
; axil_mlp:mlp|MLP:core|layer:l2|neuron:neuron_gen[1].n|myinputd[13]                                                                                                                 ; Merged with axil_mlp:mlp|MLP:core|layer:l2|neuron:neuron_gen[3].n|myinputd[13]                     ;
; axil_mlp:mlp|MLP:core|layer:l2|neuron:neuron_gen[2].n|myinputd[13]                                                                                                                 ; Merged with axil_mlp:mlp|MLP:core|layer:l2|neuron:neuron_gen[3].n|myinputd[13]                     ;
; axil_mlp:mlp|MLP:core|layer:l2|neuron:neuron_gen[0].n|myinputd[12]                                                                                                                 ; Merged with axil_mlp:mlp|MLP:core|layer:l2|neuron:neuron_gen[3].n|myinputd[12]                     ;
; axil_mlp:mlp|MLP:core|layer:l2|neuron:neuron_gen[1].n|myinputd[12]                                                                                                                 ; Merged with axil_mlp:mlp|MLP:core|layer:l2|neuron:neuron_gen[3].n|myinputd[12]                     ;
; axil_mlp:mlp|MLP:core|layer:l2|neuron:neuron_gen[2].n|myinputd[12]                                                                                                                 ; Merged with axil_mlp:mlp|MLP:core|layer:l2|neuron:neuron_gen[3].n|myinputd[12]                     ;
; axil_mlp:mlp|MLP:core|layer:l2|neuron:neuron_gen[0].n|myinputd[11]                                                                                                                 ; Merged with axil_mlp:mlp|MLP:core|layer:l2|neuron:neuron_gen[3].n|myinputd[11]                     ;
; axil_mlp:mlp|MLP:core|layer:l2|neuron:neuron_gen[1].n|myinputd[11]                                                                                                                 ; Merged with axil_mlp:mlp|MLP:core|layer:l2|neuron:neuron_gen[3].n|myinputd[11]                     ;
; axil_mlp:mlp|MLP:core|layer:l2|neuron:neuron_gen[2].n|myinputd[11]                                                                                                                 ; Merged with axil_mlp:mlp|MLP:core|layer:l2|neuron:neuron_gen[3].n|myinputd[11]                     ;
; axil_mlp:mlp|MLP:core|layer:l2|neuron:neuron_gen[0].n|myinputd[10]                                                                                                                 ; Merged with axil_mlp:mlp|MLP:core|layer:l2|neuron:neuron_gen[3].n|myinputd[10]                     ;
; axil_mlp:mlp|MLP:core|layer:l2|neuron:neuron_gen[1].n|myinputd[10]                                                                                                                 ; Merged with axil_mlp:mlp|MLP:core|layer:l2|neuron:neuron_gen[3].n|myinputd[10]                     ;
; axil_mlp:mlp|MLP:core|layer:l2|neuron:neuron_gen[2].n|myinputd[10]                                                                                                                 ; Merged with axil_mlp:mlp|MLP:core|layer:l2|neuron:neuron_gen[3].n|myinputd[10]                     ;
; axil_mlp:mlp|MLP:core|layer:l2|neuron:neuron_gen[0].n|myinputd[9]                                                                                                                  ; Merged with axil_mlp:mlp|MLP:core|layer:l2|neuron:neuron_gen[3].n|myinputd[9]                      ;
; axil_mlp:mlp|MLP:core|layer:l2|neuron:neuron_gen[1].n|myinputd[9]                                                                                                                  ; Merged with axil_mlp:mlp|MLP:core|layer:l2|neuron:neuron_gen[3].n|myinputd[9]                      ;
; axil_mlp:mlp|MLP:core|layer:l2|neuron:neuron_gen[2].n|myinputd[9]                                                                                                                  ; Merged with axil_mlp:mlp|MLP:core|layer:l2|neuron:neuron_gen[3].n|myinputd[9]                      ;
; axil_mlp:mlp|MLP:core|layer:l2|neuron:neuron_gen[0].n|myinputd[8]                                                                                                                  ; Merged with axil_mlp:mlp|MLP:core|layer:l2|neuron:neuron_gen[3].n|myinputd[8]                      ;
; axil_mlp:mlp|MLP:core|layer:l2|neuron:neuron_gen[1].n|myinputd[8]                                                                                                                  ; Merged with axil_mlp:mlp|MLP:core|layer:l2|neuron:neuron_gen[3].n|myinputd[8]                      ;
; axil_mlp:mlp|MLP:core|layer:l2|neuron:neuron_gen[2].n|myinputd[8]                                                                                                                  ; Merged with axil_mlp:mlp|MLP:core|layer:l2|neuron:neuron_gen[3].n|myinputd[8]                      ;
; axil_mlp:mlp|MLP:core|layer:l2|neuron:neuron_gen[0].n|myinputd[7]                                                                                                                  ; Merged with axil_mlp:mlp|MLP:core|layer:l2|neuron:neuron_gen[3].n|myinputd[7]                      ;
; axil_mlp:mlp|MLP:core|layer:l2|neuron:neuron_gen[1].n|myinputd[7]                                                                                                                  ; Merged with axil_mlp:mlp|MLP:core|layer:l2|neuron:neuron_gen[3].n|myinputd[7]                      ;
; axil_mlp:mlp|MLP:core|layer:l2|neuron:neuron_gen[2].n|myinputd[7]                                                                                                                  ; Merged with axil_mlp:mlp|MLP:core|layer:l2|neuron:neuron_gen[3].n|myinputd[7]                      ;
; axil_mlp:mlp|MLP:core|layer:l2|neuron:neuron_gen[0].n|myinputd[6]                                                                                                                  ; Merged with axil_mlp:mlp|MLP:core|layer:l2|neuron:neuron_gen[3].n|myinputd[6]                      ;
; axil_mlp:mlp|MLP:core|layer:l2|neuron:neuron_gen[1].n|myinputd[6]                                                                                                                  ; Merged with axil_mlp:mlp|MLP:core|layer:l2|neuron:neuron_gen[3].n|myinputd[6]                      ;
; axil_mlp:mlp|MLP:core|layer:l2|neuron:neuron_gen[2].n|myinputd[6]                                                                                                                  ; Merged with axil_mlp:mlp|MLP:core|layer:l2|neuron:neuron_gen[3].n|myinputd[6]                      ;
; axil_mlp:mlp|MLP:core|layer:l2|neuron:neuron_gen[0].n|myinputd[5]                                                                                                                  ; Merged with axil_mlp:mlp|MLP:core|layer:l2|neuron:neuron_gen[3].n|myinputd[5]                      ;
; axil_mlp:mlp|MLP:core|layer:l2|neuron:neuron_gen[1].n|myinputd[5]                                                                                                                  ; Merged with axil_mlp:mlp|MLP:core|layer:l2|neuron:neuron_gen[3].n|myinputd[5]                      ;
; axil_mlp:mlp|MLP:core|layer:l2|neuron:neuron_gen[2].n|myinputd[5]                                                                                                                  ; Merged with axil_mlp:mlp|MLP:core|layer:l2|neuron:neuron_gen[3].n|myinputd[5]                      ;
; axil_mlp:mlp|MLP:core|layer:l2|neuron:neuron_gen[0].n|myinputd[4]                                                                                                                  ; Merged with axil_mlp:mlp|MLP:core|layer:l2|neuron:neuron_gen[3].n|myinputd[4]                      ;
; axil_mlp:mlp|MLP:core|layer:l2|neuron:neuron_gen[1].n|myinputd[4]                                                                                                                  ; Merged with axil_mlp:mlp|MLP:core|layer:l2|neuron:neuron_gen[3].n|myinputd[4]                      ;
; axil_mlp:mlp|MLP:core|layer:l2|neuron:neuron_gen[2].n|myinputd[4]                                                                                                                  ; Merged with axil_mlp:mlp|MLP:core|layer:l2|neuron:neuron_gen[3].n|myinputd[4]                      ;
; axil_mlp:mlp|MLP:core|layer:l2|neuron:neuron_gen[0].n|myinputd[3]                                                                                                                  ; Merged with axil_mlp:mlp|MLP:core|layer:l2|neuron:neuron_gen[3].n|myinputd[3]                      ;
; axil_mlp:mlp|MLP:core|layer:l2|neuron:neuron_gen[1].n|myinputd[3]                                                                                                                  ; Merged with axil_mlp:mlp|MLP:core|layer:l2|neuron:neuron_gen[3].n|myinputd[3]                      ;
; axil_mlp:mlp|MLP:core|layer:l2|neuron:neuron_gen[2].n|myinputd[3]                                                                                                                  ; Merged with axil_mlp:mlp|MLP:core|layer:l2|neuron:neuron_gen[3].n|myinputd[3]                      ;
; axil_mlp:mlp|MLP:core|layer:l2|neuron:neuron_gen[0].n|myinputd[2]                                                                                                                  ; Merged with axil_mlp:mlp|MLP:core|layer:l2|neuron:neuron_gen[3].n|myinputd[2]                      ;
; axil_mlp:mlp|MLP:core|layer:l2|neuron:neuron_gen[1].n|myinputd[2]                                                                                                                  ; Merged with axil_mlp:mlp|MLP:core|layer:l2|neuron:neuron_gen[3].n|myinputd[2]                      ;
; axil_mlp:mlp|MLP:core|layer:l2|neuron:neuron_gen[2].n|myinputd[2]                                                                                                                  ; Merged with axil_mlp:mlp|MLP:core|layer:l2|neuron:neuron_gen[3].n|myinputd[2]                      ;
; axil_mlp:mlp|MLP:core|layer:l2|neuron:neuron_gen[0].n|myinputd[1]                                                                                                                  ; Merged with axil_mlp:mlp|MLP:core|layer:l2|neuron:neuron_gen[3].n|myinputd[1]                      ;
; axil_mlp:mlp|MLP:core|layer:l2|neuron:neuron_gen[1].n|myinputd[1]                                                                                                                  ; Merged with axil_mlp:mlp|MLP:core|layer:l2|neuron:neuron_gen[3].n|myinputd[1]                      ;
; axil_mlp:mlp|MLP:core|layer:l2|neuron:neuron_gen[2].n|myinputd[1]                                                                                                                  ; Merged with axil_mlp:mlp|MLP:core|layer:l2|neuron:neuron_gen[3].n|myinputd[1]                      ;
; axil_mlp:mlp|MLP:core|layer:l2|neuron:neuron_gen[0].n|myinputd[0]                                                                                                                  ; Merged with axil_mlp:mlp|MLP:core|layer:l2|neuron:neuron_gen[3].n|myinputd[0]                      ;
; axil_mlp:mlp|MLP:core|layer:l2|neuron:neuron_gen[1].n|myinputd[0]                                                                                                                  ; Merged with axil_mlp:mlp|MLP:core|layer:l2|neuron:neuron_gen[3].n|myinputd[0]                      ;
; axil_mlp:mlp|MLP:core|layer:l2|neuron:neuron_gen[2].n|myinputd[0]                                                                                                                  ; Merged with axil_mlp:mlp|MLP:core|layer:l2|neuron:neuron_gen[3].n|myinputd[0]                      ;
; axil_mlp:mlp|MLP:core|layer:l2|neuron:neuron_gen[0].n|weight_valid                                                                                                                 ; Merged with axil_mlp:mlp|MLP:core|layer:l2|neuron:neuron_gen[3].n|weight_valid                     ;
; axil_mlp:mlp|MLP:core|layer:l2|neuron:neuron_gen[1].n|weight_valid                                                                                                                 ; Merged with axil_mlp:mlp|MLP:core|layer:l2|neuron:neuron_gen[3].n|weight_valid                     ;
; axil_mlp:mlp|MLP:core|layer:l2|neuron:neuron_gen[2].n|weight_valid                                                                                                                 ; Merged with axil_mlp:mlp|MLP:core|layer:l2|neuron:neuron_gen[3].n|weight_valid                     ;
; axil_mlp:mlp|MLP:core|layer:l2|neuron:neuron_gen[0].n|mult_valid                                                                                                                   ; Merged with axil_mlp:mlp|MLP:core|layer:l2|neuron:neuron_gen[3].n|mult_valid                       ;
; axil_mlp:mlp|MLP:core|layer:l2|neuron:neuron_gen[1].n|mult_valid                                                                                                                   ; Merged with axil_mlp:mlp|MLP:core|layer:l2|neuron:neuron_gen[3].n|mult_valid                       ;
; axil_mlp:mlp|MLP:core|layer:l2|neuron:neuron_gen[2].n|mult_valid                                                                                                                   ; Merged with axil_mlp:mlp|MLP:core|layer:l2|neuron:neuron_gen[3].n|mult_valid                       ;
; axil_mlp:mlp|MLP:core|layer:l2|neuron:neuron_gen[0].n|muxValid_d                                                                                                                   ; Merged with axil_mlp:mlp|MLP:core|layer:l2|neuron:neuron_gen[3].n|muxValid_d                       ;
; axil_mlp:mlp|MLP:core|layer:l2|neuron:neuron_gen[1].n|muxValid_d                                                                                                                   ; Merged with axil_mlp:mlp|MLP:core|layer:l2|neuron:neuron_gen[3].n|muxValid_d                       ;
; axil_mlp:mlp|MLP:core|layer:l2|neuron:neuron_gen[2].n|muxValid_d                                                                                                                   ; Merged with axil_mlp:mlp|MLP:core|layer:l2|neuron:neuron_gen[3].n|muxValid_d                       ;
; axil_mlp:mlp|MLP:core|layer:l2|neuron:neuron_gen[3].n|weight_rom:WM|dout[4..6,9]                                                                                                   ; Merged with axil_mlp:mlp|MLP:core|layer:l2|neuron:neuron_gen[3].n|weight_rom:WM|dout[1]            ;
; axil_mlp:mlp|MLP:core|layer:l2|neuron:neuron_gen[3].n|weight_rom:WM|dout[11]                                                                                                       ; Merged with axil_mlp:mlp|MLP:core|layer:l2|neuron:neuron_gen[3].n|weight_rom:WM|dout[3]            ;
; axil_mlp:mlp|MLP:core|layer:l2|neuron:neuron_gen[3].n|weight_rom:WM|dout[14]                                                                                                       ; Merged with axil_mlp:mlp|MLP:core|layer:l2|neuron:neuron_gen[3].n|weight_rom:WM|dout[8]            ;
; axil_mlp:mlp|MLP:core|layer:l2|neuron:neuron_gen[3].n|weight_rom:WM|dout[17..31]                                                                                                   ; Merged with axil_mlp:mlp|MLP:core|layer:l2|neuron:neuron_gen[3].n|weight_rom:WM|dout[12]           ;
; axil_mlp:mlp|MLP:core|layer:l2|neuron:neuron_gen[2].n|weight_rom:WM|dout[1,13]                                                                                                     ; Merged with axil_mlp:mlp|MLP:core|layer:l2|neuron:neuron_gen[2].n|weight_rom:WM|dout[6]            ;
; axil_mlp:mlp|MLP:core|layer:l2|neuron:neuron_gen[2].n|weight_rom:WM|dout[11,15]                                                                                                    ; Merged with axil_mlp:mlp|MLP:core|layer:l2|neuron:neuron_gen[2].n|weight_rom:WM|dout[5]            ;
; axil_mlp:mlp|MLP:core|layer:l2|neuron:neuron_gen[2].n|weight_rom:WM|dout[0,7,12]                                                                                                   ; Merged with axil_mlp:mlp|MLP:core|layer:l2|neuron:neuron_gen[2].n|weight_rom:WM|dout[4]            ;
; axil_mlp:mlp|MLP:core|layer:l2|neuron:neuron_gen[2].n|weight_rom:WM|dout[10,16]                                                                                                    ; Merged with axil_mlp:mlp|MLP:core|layer:l2|neuron:neuron_gen[2].n|weight_rom:WM|dout[3]            ;
; axil_mlp:mlp|MLP:core|layer:l2|neuron:neuron_gen[2].n|weight_rom:WM|dout[14]                                                                                                       ; Merged with axil_mlp:mlp|MLP:core|layer:l2|neuron:neuron_gen[2].n|weight_rom:WM|dout[9]            ;
; axil_mlp:mlp|MLP:core|layer:l2|neuron:neuron_gen[2].n|weight_rom:WM|dout[18..31]                                                                                                   ; Merged with axil_mlp:mlp|MLP:core|layer:l2|neuron:neuron_gen[2].n|weight_rom:WM|dout[17]           ;
; axil_mlp:mlp|MLP:core|layer:l2|neuron:neuron_gen[1].n|weight_rom:WM|dout[4]                                                                                                        ; Merged with axil_mlp:mlp|MLP:core|layer:l2|neuron:neuron_gen[1].n|weight_rom:WM|dout[7]            ;
; axil_mlp:mlp|MLP:core|layer:l2|neuron:neuron_gen[1].n|weight_rom:WM|dout[9,10]                                                                                                     ; Merged with axil_mlp:mlp|MLP:core|layer:l2|neuron:neuron_gen[1].n|weight_rom:WM|dout[6]            ;
; axil_mlp:mlp|MLP:core|layer:l2|neuron:neuron_gen[1].n|weight_rom:WM|dout[15..31]                                                                                                   ; Merged with axil_mlp:mlp|MLP:core|layer:l2|neuron:neuron_gen[1].n|weight_rom:WM|dout[5]            ;
; axil_mlp:mlp|MLP:core|layer:l2|neuron:neuron_gen[1].n|weight_rom:WM|dout[0,11]                                                                                                     ; Merged with axil_mlp:mlp|MLP:core|layer:l2|neuron:neuron_gen[1].n|weight_rom:WM|dout[2]            ;
; axil_mlp:mlp|MLP:core|layer:l2|neuron:neuron_gen[1].n|weight_rom:WM|dout[8,13]                                                                                                     ; Merged with axil_mlp:mlp|MLP:core|layer:l2|neuron:neuron_gen[1].n|weight_rom:WM|dout[1]            ;
; axil_mlp:mlp|MLP:core|layer:l2|neuron:neuron_gen[1].n|weight_rom:WM|dout[14]                                                                                                       ; Merged with axil_mlp:mlp|MLP:core|layer:l2|neuron:neuron_gen[1].n|weight_rom:WM|dout[12]           ;
; axil_mlp:mlp|MLP:core|layer:l2|neuron:neuron_gen[0].n|weight_rom:WM|dout[0,5,11,13]                                                                                                ; Merged with axil_mlp:mlp|MLP:core|layer:l2|neuron:neuron_gen[0].n|weight_rom:WM|dout[6]            ;
; axil_mlp:mlp|MLP:core|layer:l2|neuron:neuron_gen[0].n|weight_rom:WM|dout[3,10]                                                                                                     ; Merged with axil_mlp:mlp|MLP:core|layer:l2|neuron:neuron_gen[0].n|weight_rom:WM|dout[4]            ;
; axil_mlp:mlp|MLP:core|layer:l2|neuron:neuron_gen[0].n|weight_rom:WM|dout[14,16..31]                                                                                                ; Merged with axil_mlp:mlp|MLP:core|layer:l2|neuron:neuron_gen[0].n|weight_rom:WM|dout[1]            ;
; axil_mlp:mlp|MLP:core|layer:l2|neuron:neuron_gen[0].n|weight_rom:WM|dout[9]                                                                                                        ; Merged with axil_mlp:mlp|MLP:core|layer:l2|neuron:neuron_gen[0].n|weight_rom:WM|dout[8]            ;
; axil_mlp:mlp|MLP:core|layer:l2|neuron:neuron_gen[0].n|weight_rom:WM|dout[15]                                                                                                       ; Merged with axil_mlp:mlp|MLP:core|layer:l2|neuron:neuron_gen[0].n|weight_rom:WM|dout[12]           ;
; axil_mlp:mlp|MLP:core|layer:l1|neuron:neuron_gen[0].n|myinputd[31]                                                                                                                 ; Merged with axil_mlp:mlp|MLP:core|layer:l1|neuron:neuron_gen[3].n|myinputd[31]                     ;
; axil_mlp:mlp|MLP:core|layer:l1|neuron:neuron_gen[1].n|myinputd[31]                                                                                                                 ; Merged with axil_mlp:mlp|MLP:core|layer:l1|neuron:neuron_gen[3].n|myinputd[31]                     ;
; axil_mlp:mlp|MLP:core|layer:l1|neuron:neuron_gen[2].n|myinputd[31]                                                                                                                 ; Merged with axil_mlp:mlp|MLP:core|layer:l1|neuron:neuron_gen[3].n|myinputd[31]                     ;
; axil_mlp:mlp|MLP:core|layer:l1|neuron:neuron_gen[0].n|myinputd[30]                                                                                                                 ; Merged with axil_mlp:mlp|MLP:core|layer:l1|neuron:neuron_gen[3].n|myinputd[30]                     ;
; axil_mlp:mlp|MLP:core|layer:l1|neuron:neuron_gen[1].n|myinputd[30]                                                                                                                 ; Merged with axil_mlp:mlp|MLP:core|layer:l1|neuron:neuron_gen[3].n|myinputd[30]                     ;
; axil_mlp:mlp|MLP:core|layer:l1|neuron:neuron_gen[2].n|myinputd[30]                                                                                                                 ; Merged with axil_mlp:mlp|MLP:core|layer:l1|neuron:neuron_gen[3].n|myinputd[30]                     ;
; axil_mlp:mlp|MLP:core|layer:l1|neuron:neuron_gen[0].n|myinputd[29]                                                                                                                 ; Merged with axil_mlp:mlp|MLP:core|layer:l1|neuron:neuron_gen[3].n|myinputd[29]                     ;
; axil_mlp:mlp|MLP:core|layer:l1|neuron:neuron_gen[1].n|myinputd[29]                                                                                                                 ; Merged with axil_mlp:mlp|MLP:core|layer:l1|neuron:neuron_gen[3].n|myinputd[29]                     ;
; axil_mlp:mlp|MLP:core|layer:l1|neuron:neuron_gen[2].n|myinputd[29]                                                                                                                 ; Merged with axil_mlp:mlp|MLP:core|layer:l1|neuron:neuron_gen[3].n|myinputd[29]                     ;
; axil_mlp:mlp|MLP:core|layer:l1|neuron:neuron_gen[0].n|myinputd[28]                                                                                                                 ; Merged with axil_mlp:mlp|MLP:core|layer:l1|neuron:neuron_gen[3].n|myinputd[28]                     ;
; axil_mlp:mlp|MLP:core|layer:l1|neuron:neuron_gen[1].n|myinputd[28]                                                                                                                 ; Merged with axil_mlp:mlp|MLP:core|layer:l1|neuron:neuron_gen[3].n|myinputd[28]                     ;
; axil_mlp:mlp|MLP:core|layer:l1|neuron:neuron_gen[2].n|myinputd[28]                                                                                                                 ; Merged with axil_mlp:mlp|MLP:core|layer:l1|neuron:neuron_gen[3].n|myinputd[28]                     ;
; axil_mlp:mlp|MLP:core|layer:l1|neuron:neuron_gen[0].n|myinputd[27]                                                                                                                 ; Merged with axil_mlp:mlp|MLP:core|layer:l1|neuron:neuron_gen[3].n|myinputd[27]                     ;
; axil_mlp:mlp|MLP:core|layer:l1|neuron:neuron_gen[1].n|myinputd[27]                                                                                                                 ; Merged with axil_mlp:mlp|MLP:core|layer:l1|neuron:neuron_gen[3].n|myinputd[27]                     ;
; axil_mlp:mlp|MLP:core|layer:l1|neuron:neuron_gen[2].n|myinputd[27]                                                                                                                 ; Merged with axil_mlp:mlp|MLP:core|layer:l1|neuron:neuron_gen[3].n|myinputd[27]                     ;
; axil_mlp:mlp|MLP:core|layer:l1|neuron:neuron_gen[0].n|myinputd[26]                                                                                                                 ; Merged with axil_mlp:mlp|MLP:core|layer:l1|neuron:neuron_gen[3].n|myinputd[26]                     ;
; axil_mlp:mlp|MLP:core|layer:l1|neuron:neuron_gen[1].n|myinputd[26]                                                                                                                 ; Merged with axil_mlp:mlp|MLP:core|layer:l1|neuron:neuron_gen[3].n|myinputd[26]                     ;
; axil_mlp:mlp|MLP:core|layer:l1|neuron:neuron_gen[2].n|myinputd[26]                                                                                                                 ; Merged with axil_mlp:mlp|MLP:core|layer:l1|neuron:neuron_gen[3].n|myinputd[26]                     ;
; axil_mlp:mlp|MLP:core|layer:l1|neuron:neuron_gen[0].n|myinputd[25]                                                                                                                 ; Merged with axil_mlp:mlp|MLP:core|layer:l1|neuron:neuron_gen[3].n|myinputd[25]                     ;
; axil_mlp:mlp|MLP:core|layer:l1|neuron:neuron_gen[1].n|myinputd[25]                                                                                                                 ; Merged with axil_mlp:mlp|MLP:core|layer:l1|neuron:neuron_gen[3].n|myinputd[25]                     ;
; axil_mlp:mlp|MLP:core|layer:l1|neuron:neuron_gen[2].n|myinputd[25]                                                                                                                 ; Merged with axil_mlp:mlp|MLP:core|layer:l1|neuron:neuron_gen[3].n|myinputd[25]                     ;
; axil_mlp:mlp|MLP:core|layer:l1|neuron:neuron_gen[0].n|myinputd[24]                                                                                                                 ; Merged with axil_mlp:mlp|MLP:core|layer:l1|neuron:neuron_gen[3].n|myinputd[24]                     ;
; axil_mlp:mlp|MLP:core|layer:l1|neuron:neuron_gen[1].n|myinputd[24]                                                                                                                 ; Merged with axil_mlp:mlp|MLP:core|layer:l1|neuron:neuron_gen[3].n|myinputd[24]                     ;
; axil_mlp:mlp|MLP:core|layer:l1|neuron:neuron_gen[2].n|myinputd[24]                                                                                                                 ; Merged with axil_mlp:mlp|MLP:core|layer:l1|neuron:neuron_gen[3].n|myinputd[24]                     ;
; axil_mlp:mlp|MLP:core|layer:l1|neuron:neuron_gen[0].n|myinputd[23]                                                                                                                 ; Merged with axil_mlp:mlp|MLP:core|layer:l1|neuron:neuron_gen[3].n|myinputd[23]                     ;
; axil_mlp:mlp|MLP:core|layer:l1|neuron:neuron_gen[1].n|myinputd[23]                                                                                                                 ; Merged with axil_mlp:mlp|MLP:core|layer:l1|neuron:neuron_gen[3].n|myinputd[23]                     ;
; axil_mlp:mlp|MLP:core|layer:l1|neuron:neuron_gen[2].n|myinputd[23]                                                                                                                 ; Merged with axil_mlp:mlp|MLP:core|layer:l1|neuron:neuron_gen[3].n|myinputd[23]                     ;
; axil_mlp:mlp|MLP:core|layer:l1|neuron:neuron_gen[0].n|myinputd[22]                                                                                                                 ; Merged with axil_mlp:mlp|MLP:core|layer:l1|neuron:neuron_gen[3].n|myinputd[22]                     ;
; axil_mlp:mlp|MLP:core|layer:l1|neuron:neuron_gen[1].n|myinputd[22]                                                                                                                 ; Merged with axil_mlp:mlp|MLP:core|layer:l1|neuron:neuron_gen[3].n|myinputd[22]                     ;
; axil_mlp:mlp|MLP:core|layer:l1|neuron:neuron_gen[2].n|myinputd[22]                                                                                                                 ; Merged with axil_mlp:mlp|MLP:core|layer:l1|neuron:neuron_gen[3].n|myinputd[22]                     ;
; axil_mlp:mlp|MLP:core|layer:l1|neuron:neuron_gen[0].n|myinputd[21]                                                                                                                 ; Merged with axil_mlp:mlp|MLP:core|layer:l1|neuron:neuron_gen[3].n|myinputd[21]                     ;
; axil_mlp:mlp|MLP:core|layer:l1|neuron:neuron_gen[1].n|myinputd[21]                                                                                                                 ; Merged with axil_mlp:mlp|MLP:core|layer:l1|neuron:neuron_gen[3].n|myinputd[21]                     ;
; axil_mlp:mlp|MLP:core|layer:l1|neuron:neuron_gen[2].n|myinputd[21]                                                                                                                 ; Merged with axil_mlp:mlp|MLP:core|layer:l1|neuron:neuron_gen[3].n|myinputd[21]                     ;
; axil_mlp:mlp|MLP:core|layer:l1|neuron:neuron_gen[0].n|myinputd[20]                                                                                                                 ; Merged with axil_mlp:mlp|MLP:core|layer:l1|neuron:neuron_gen[3].n|myinputd[20]                     ;
; axil_mlp:mlp|MLP:core|layer:l1|neuron:neuron_gen[1].n|myinputd[20]                                                                                                                 ; Merged with axil_mlp:mlp|MLP:core|layer:l1|neuron:neuron_gen[3].n|myinputd[20]                     ;
; axil_mlp:mlp|MLP:core|layer:l1|neuron:neuron_gen[2].n|myinputd[20]                                                                                                                 ; Merged with axil_mlp:mlp|MLP:core|layer:l1|neuron:neuron_gen[3].n|myinputd[20]                     ;
; axil_mlp:mlp|MLP:core|layer:l1|neuron:neuron_gen[0].n|myinputd[19]                                                                                                                 ; Merged with axil_mlp:mlp|MLP:core|layer:l1|neuron:neuron_gen[3].n|myinputd[19]                     ;
; axil_mlp:mlp|MLP:core|layer:l1|neuron:neuron_gen[1].n|myinputd[19]                                                                                                                 ; Merged with axil_mlp:mlp|MLP:core|layer:l1|neuron:neuron_gen[3].n|myinputd[19]                     ;
; axil_mlp:mlp|MLP:core|layer:l1|neuron:neuron_gen[2].n|myinputd[19]                                                                                                                 ; Merged with axil_mlp:mlp|MLP:core|layer:l1|neuron:neuron_gen[3].n|myinputd[19]                     ;
; axil_mlp:mlp|MLP:core|layer:l1|neuron:neuron_gen[0].n|myinputd[18]                                                                                                                 ; Merged with axil_mlp:mlp|MLP:core|layer:l1|neuron:neuron_gen[3].n|myinputd[18]                     ;
; axil_mlp:mlp|MLP:core|layer:l1|neuron:neuron_gen[1].n|myinputd[18]                                                                                                                 ; Merged with axil_mlp:mlp|MLP:core|layer:l1|neuron:neuron_gen[3].n|myinputd[18]                     ;
; axil_mlp:mlp|MLP:core|layer:l1|neuron:neuron_gen[2].n|myinputd[18]                                                                                                                 ; Merged with axil_mlp:mlp|MLP:core|layer:l1|neuron:neuron_gen[3].n|myinputd[18]                     ;
; axil_mlp:mlp|MLP:core|layer:l1|neuron:neuron_gen[0].n|myinputd[17]                                                                                                                 ; Merged with axil_mlp:mlp|MLP:core|layer:l1|neuron:neuron_gen[3].n|myinputd[17]                     ;
; axil_mlp:mlp|MLP:core|layer:l1|neuron:neuron_gen[1].n|myinputd[17]                                                                                                                 ; Merged with axil_mlp:mlp|MLP:core|layer:l1|neuron:neuron_gen[3].n|myinputd[17]                     ;
; axil_mlp:mlp|MLP:core|layer:l1|neuron:neuron_gen[2].n|myinputd[17]                                                                                                                 ; Merged with axil_mlp:mlp|MLP:core|layer:l1|neuron:neuron_gen[3].n|myinputd[17]                     ;
; axil_mlp:mlp|MLP:core|layer:l1|neuron:neuron_gen[0].n|myinputd[16]                                                                                                                 ; Merged with axil_mlp:mlp|MLP:core|layer:l1|neuron:neuron_gen[3].n|myinputd[16]                     ;
; axil_mlp:mlp|MLP:core|layer:l1|neuron:neuron_gen[1].n|myinputd[16]                                                                                                                 ; Merged with axil_mlp:mlp|MLP:core|layer:l1|neuron:neuron_gen[3].n|myinputd[16]                     ;
; axil_mlp:mlp|MLP:core|layer:l1|neuron:neuron_gen[2].n|myinputd[16]                                                                                                                 ; Merged with axil_mlp:mlp|MLP:core|layer:l1|neuron:neuron_gen[3].n|myinputd[16]                     ;
; axil_mlp:mlp|MLP:core|layer:l1|neuron:neuron_gen[0].n|myinputd[15]                                                                                                                 ; Merged with axil_mlp:mlp|MLP:core|layer:l1|neuron:neuron_gen[3].n|myinputd[15]                     ;
; axil_mlp:mlp|MLP:core|layer:l1|neuron:neuron_gen[1].n|myinputd[15]                                                                                                                 ; Merged with axil_mlp:mlp|MLP:core|layer:l1|neuron:neuron_gen[3].n|myinputd[15]                     ;
; axil_mlp:mlp|MLP:core|layer:l1|neuron:neuron_gen[2].n|myinputd[15]                                                                                                                 ; Merged with axil_mlp:mlp|MLP:core|layer:l1|neuron:neuron_gen[3].n|myinputd[15]                     ;
; axil_mlp:mlp|MLP:core|layer:l1|neuron:neuron_gen[0].n|myinputd[14]                                                                                                                 ; Merged with axil_mlp:mlp|MLP:core|layer:l1|neuron:neuron_gen[3].n|myinputd[14]                     ;
; axil_mlp:mlp|MLP:core|layer:l1|neuron:neuron_gen[1].n|myinputd[14]                                                                                                                 ; Merged with axil_mlp:mlp|MLP:core|layer:l1|neuron:neuron_gen[3].n|myinputd[14]                     ;
; axil_mlp:mlp|MLP:core|layer:l1|neuron:neuron_gen[2].n|myinputd[14]                                                                                                                 ; Merged with axil_mlp:mlp|MLP:core|layer:l1|neuron:neuron_gen[3].n|myinputd[14]                     ;
; axil_mlp:mlp|MLP:core|layer:l1|neuron:neuron_gen[0].n|myinputd[13]                                                                                                                 ; Merged with axil_mlp:mlp|MLP:core|layer:l1|neuron:neuron_gen[3].n|myinputd[13]                     ;
; axil_mlp:mlp|MLP:core|layer:l1|neuron:neuron_gen[1].n|myinputd[13]                                                                                                                 ; Merged with axil_mlp:mlp|MLP:core|layer:l1|neuron:neuron_gen[3].n|myinputd[13]                     ;
; axil_mlp:mlp|MLP:core|layer:l1|neuron:neuron_gen[2].n|myinputd[13]                                                                                                                 ; Merged with axil_mlp:mlp|MLP:core|layer:l1|neuron:neuron_gen[3].n|myinputd[13]                     ;
; axil_mlp:mlp|MLP:core|layer:l1|neuron:neuron_gen[0].n|myinputd[12]                                                                                                                 ; Merged with axil_mlp:mlp|MLP:core|layer:l1|neuron:neuron_gen[3].n|myinputd[12]                     ;
; axil_mlp:mlp|MLP:core|layer:l1|neuron:neuron_gen[1].n|myinputd[12]                                                                                                                 ; Merged with axil_mlp:mlp|MLP:core|layer:l1|neuron:neuron_gen[3].n|myinputd[12]                     ;
; axil_mlp:mlp|MLP:core|layer:l1|neuron:neuron_gen[2].n|myinputd[12]                                                                                                                 ; Merged with axil_mlp:mlp|MLP:core|layer:l1|neuron:neuron_gen[3].n|myinputd[12]                     ;
; axil_mlp:mlp|MLP:core|layer:l1|neuron:neuron_gen[0].n|myinputd[11]                                                                                                                 ; Merged with axil_mlp:mlp|MLP:core|layer:l1|neuron:neuron_gen[3].n|myinputd[11]                     ;
; axil_mlp:mlp|MLP:core|layer:l1|neuron:neuron_gen[1].n|myinputd[11]                                                                                                                 ; Merged with axil_mlp:mlp|MLP:core|layer:l1|neuron:neuron_gen[3].n|myinputd[11]                     ;
; axil_mlp:mlp|MLP:core|layer:l1|neuron:neuron_gen[2].n|myinputd[11]                                                                                                                 ; Merged with axil_mlp:mlp|MLP:core|layer:l1|neuron:neuron_gen[3].n|myinputd[11]                     ;
; axil_mlp:mlp|MLP:core|layer:l1|neuron:neuron_gen[0].n|myinputd[10]                                                                                                                 ; Merged with axil_mlp:mlp|MLP:core|layer:l1|neuron:neuron_gen[3].n|myinputd[10]                     ;
; axil_mlp:mlp|MLP:core|layer:l1|neuron:neuron_gen[1].n|myinputd[10]                                                                                                                 ; Merged with axil_mlp:mlp|MLP:core|layer:l1|neuron:neuron_gen[3].n|myinputd[10]                     ;
; axil_mlp:mlp|MLP:core|layer:l1|neuron:neuron_gen[2].n|myinputd[10]                                                                                                                 ; Merged with axil_mlp:mlp|MLP:core|layer:l1|neuron:neuron_gen[3].n|myinputd[10]                     ;
; axil_mlp:mlp|MLP:core|layer:l1|neuron:neuron_gen[0].n|myinputd[9]                                                                                                                  ; Merged with axil_mlp:mlp|MLP:core|layer:l1|neuron:neuron_gen[3].n|myinputd[9]                      ;
; axil_mlp:mlp|MLP:core|layer:l1|neuron:neuron_gen[1].n|myinputd[9]                                                                                                                  ; Merged with axil_mlp:mlp|MLP:core|layer:l1|neuron:neuron_gen[3].n|myinputd[9]                      ;
; axil_mlp:mlp|MLP:core|layer:l1|neuron:neuron_gen[2].n|myinputd[9]                                                                                                                  ; Merged with axil_mlp:mlp|MLP:core|layer:l1|neuron:neuron_gen[3].n|myinputd[9]                      ;
; axil_mlp:mlp|MLP:core|layer:l1|neuron:neuron_gen[0].n|myinputd[8]                                                                                                                  ; Merged with axil_mlp:mlp|MLP:core|layer:l1|neuron:neuron_gen[3].n|myinputd[8]                      ;
; axil_mlp:mlp|MLP:core|layer:l1|neuron:neuron_gen[1].n|myinputd[8]                                                                                                                  ; Merged with axil_mlp:mlp|MLP:core|layer:l1|neuron:neuron_gen[3].n|myinputd[8]                      ;
; axil_mlp:mlp|MLP:core|layer:l1|neuron:neuron_gen[2].n|myinputd[8]                                                                                                                  ; Merged with axil_mlp:mlp|MLP:core|layer:l1|neuron:neuron_gen[3].n|myinputd[8]                      ;
; axil_mlp:mlp|MLP:core|layer:l1|neuron:neuron_gen[0].n|myinputd[7]                                                                                                                  ; Merged with axil_mlp:mlp|MLP:core|layer:l1|neuron:neuron_gen[3].n|myinputd[7]                      ;
; axil_mlp:mlp|MLP:core|layer:l1|neuron:neuron_gen[1].n|myinputd[7]                                                                                                                  ; Merged with axil_mlp:mlp|MLP:core|layer:l1|neuron:neuron_gen[3].n|myinputd[7]                      ;
; axil_mlp:mlp|MLP:core|layer:l1|neuron:neuron_gen[2].n|myinputd[7]                                                                                                                  ; Merged with axil_mlp:mlp|MLP:core|layer:l1|neuron:neuron_gen[3].n|myinputd[7]                      ;
; axil_mlp:mlp|MLP:core|layer:l1|neuron:neuron_gen[0].n|myinputd[6]                                                                                                                  ; Merged with axil_mlp:mlp|MLP:core|layer:l1|neuron:neuron_gen[3].n|myinputd[6]                      ;
; axil_mlp:mlp|MLP:core|layer:l1|neuron:neuron_gen[1].n|myinputd[6]                                                                                                                  ; Merged with axil_mlp:mlp|MLP:core|layer:l1|neuron:neuron_gen[3].n|myinputd[6]                      ;
; axil_mlp:mlp|MLP:core|layer:l1|neuron:neuron_gen[2].n|myinputd[6]                                                                                                                  ; Merged with axil_mlp:mlp|MLP:core|layer:l1|neuron:neuron_gen[3].n|myinputd[6]                      ;
; axil_mlp:mlp|MLP:core|layer:l1|neuron:neuron_gen[0].n|myinputd[5]                                                                                                                  ; Merged with axil_mlp:mlp|MLP:core|layer:l1|neuron:neuron_gen[3].n|myinputd[5]                      ;
; axil_mlp:mlp|MLP:core|layer:l1|neuron:neuron_gen[1].n|myinputd[5]                                                                                                                  ; Merged with axil_mlp:mlp|MLP:core|layer:l1|neuron:neuron_gen[3].n|myinputd[5]                      ;
; axil_mlp:mlp|MLP:core|layer:l1|neuron:neuron_gen[2].n|myinputd[5]                                                                                                                  ; Merged with axil_mlp:mlp|MLP:core|layer:l1|neuron:neuron_gen[3].n|myinputd[5]                      ;
; axil_mlp:mlp|MLP:core|layer:l1|neuron:neuron_gen[0].n|myinputd[4]                                                                                                                  ; Merged with axil_mlp:mlp|MLP:core|layer:l1|neuron:neuron_gen[3].n|myinputd[4]                      ;
; axil_mlp:mlp|MLP:core|layer:l1|neuron:neuron_gen[1].n|myinputd[4]                                                                                                                  ; Merged with axil_mlp:mlp|MLP:core|layer:l1|neuron:neuron_gen[3].n|myinputd[4]                      ;
; axil_mlp:mlp|MLP:core|layer:l1|neuron:neuron_gen[2].n|myinputd[4]                                                                                                                  ; Merged with axil_mlp:mlp|MLP:core|layer:l1|neuron:neuron_gen[3].n|myinputd[4]                      ;
; axil_mlp:mlp|MLP:core|layer:l1|neuron:neuron_gen[0].n|myinputd[3]                                                                                                                  ; Merged with axil_mlp:mlp|MLP:core|layer:l1|neuron:neuron_gen[3].n|myinputd[3]                      ;
; axil_mlp:mlp|MLP:core|layer:l1|neuron:neuron_gen[1].n|myinputd[3]                                                                                                                  ; Merged with axil_mlp:mlp|MLP:core|layer:l1|neuron:neuron_gen[3].n|myinputd[3]                      ;
; axil_mlp:mlp|MLP:core|layer:l1|neuron:neuron_gen[2].n|myinputd[3]                                                                                                                  ; Merged with axil_mlp:mlp|MLP:core|layer:l1|neuron:neuron_gen[3].n|myinputd[3]                      ;
; axil_mlp:mlp|MLP:core|layer:l1|neuron:neuron_gen[0].n|myinputd[2]                                                                                                                  ; Merged with axil_mlp:mlp|MLP:core|layer:l1|neuron:neuron_gen[3].n|myinputd[2]                      ;
; axil_mlp:mlp|MLP:core|layer:l1|neuron:neuron_gen[1].n|myinputd[2]                                                                                                                  ; Merged with axil_mlp:mlp|MLP:core|layer:l1|neuron:neuron_gen[3].n|myinputd[2]                      ;
; axil_mlp:mlp|MLP:core|layer:l1|neuron:neuron_gen[2].n|myinputd[2]                                                                                                                  ; Merged with axil_mlp:mlp|MLP:core|layer:l1|neuron:neuron_gen[3].n|myinputd[2]                      ;
; axil_mlp:mlp|MLP:core|layer:l1|neuron:neuron_gen[0].n|myinputd[1]                                                                                                                  ; Merged with axil_mlp:mlp|MLP:core|layer:l1|neuron:neuron_gen[3].n|myinputd[1]                      ;
; axil_mlp:mlp|MLP:core|layer:l1|neuron:neuron_gen[1].n|myinputd[1]                                                                                                                  ; Merged with axil_mlp:mlp|MLP:core|layer:l1|neuron:neuron_gen[3].n|myinputd[1]                      ;
; axil_mlp:mlp|MLP:core|layer:l1|neuron:neuron_gen[2].n|myinputd[1]                                                                                                                  ; Merged with axil_mlp:mlp|MLP:core|layer:l1|neuron:neuron_gen[3].n|myinputd[1]                      ;
; axil_mlp:mlp|MLP:core|layer:l1|neuron:neuron_gen[0].n|myinputd[0]                                                                                                                  ; Merged with axil_mlp:mlp|MLP:core|layer:l1|neuron:neuron_gen[3].n|myinputd[0]                      ;
; axil_mlp:mlp|MLP:core|layer:l1|neuron:neuron_gen[1].n|myinputd[0]                                                                                                                  ; Merged with axil_mlp:mlp|MLP:core|layer:l1|neuron:neuron_gen[3].n|myinputd[0]                      ;
; axil_mlp:mlp|MLP:core|layer:l1|neuron:neuron_gen[2].n|myinputd[0]                                                                                                                  ; Merged with axil_mlp:mlp|MLP:core|layer:l1|neuron:neuron_gen[3].n|myinputd[0]                      ;
; axil_mlp:mlp|MLP:core|layer:l1|neuron:neuron_gen[0].n|weight_valid                                                                                                                 ; Merged with axil_mlp:mlp|MLP:core|layer:l1|neuron:neuron_gen[3].n|weight_valid                     ;
; axil_mlp:mlp|MLP:core|layer:l1|neuron:neuron_gen[1].n|weight_valid                                                                                                                 ; Merged with axil_mlp:mlp|MLP:core|layer:l1|neuron:neuron_gen[3].n|weight_valid                     ;
; axil_mlp:mlp|MLP:core|layer:l1|neuron:neuron_gen[2].n|weight_valid                                                                                                                 ; Merged with axil_mlp:mlp|MLP:core|layer:l1|neuron:neuron_gen[3].n|weight_valid                     ;
; axil_mlp:mlp|MLP:core|layer:l1|neuron:neuron_gen[0].n|mult_valid                                                                                                                   ; Merged with axil_mlp:mlp|MLP:core|layer:l1|neuron:neuron_gen[3].n|mult_valid                       ;
; axil_mlp:mlp|MLP:core|layer:l1|neuron:neuron_gen[1].n|mult_valid                                                                                                                   ; Merged with axil_mlp:mlp|MLP:core|layer:l1|neuron:neuron_gen[3].n|mult_valid                       ;
; axil_mlp:mlp|MLP:core|layer:l1|neuron:neuron_gen[2].n|mult_valid                                                                                                                   ; Merged with axil_mlp:mlp|MLP:core|layer:l1|neuron:neuron_gen[3].n|mult_valid                       ;
; axil_mlp:mlp|MLP:core|layer:l1|neuron:neuron_gen[0].n|muxValid_d                                                                                                                   ; Merged with axil_mlp:mlp|MLP:core|layer:l1|neuron:neuron_gen[3].n|muxValid_d                       ;
; axil_mlp:mlp|MLP:core|layer:l1|neuron:neuron_gen[1].n|muxValid_d                                                                                                                   ; Merged with axil_mlp:mlp|MLP:core|layer:l1|neuron:neuron_gen[3].n|muxValid_d                       ;
; axil_mlp:mlp|MLP:core|layer:l1|neuron:neuron_gen[2].n|muxValid_d                                                                                                                   ; Merged with axil_mlp:mlp|MLP:core|layer:l1|neuron:neuron_gen[3].n|muxValid_d                       ;
; axil_mlp:mlp|MLP:core|layer:l1|neuron:neuron_gen[3].n|weight_rom:WM|dout[1]                                                                                                        ; Merged with axil_mlp:mlp|MLP:core|layer:l1|neuron:neuron_gen[3].n|weight_rom:WM|dout[6]            ;
; axil_mlp:mlp|MLP:core|layer:l1|neuron:neuron_gen[3].n|weight_rom:WM|dout[17..31]                                                                                                   ; Merged with axil_mlp:mlp|MLP:core|layer:l1|neuron:neuron_gen[3].n|weight_rom:WM|dout[16]           ;
; axil_mlp:mlp|MLP:core|layer:l1|neuron:neuron_gen[2].n|weight_rom:WM|dout[10]                                                                                                       ; Merged with axil_mlp:mlp|MLP:core|layer:l1|neuron:neuron_gen[2].n|weight_rom:WM|dout[7]            ;
; axil_mlp:mlp|MLP:core|layer:l1|neuron:neuron_gen[2].n|weight_rom:WM|dout[17..31]                                                                                                   ; Merged with axil_mlp:mlp|MLP:core|layer:l1|neuron:neuron_gen[2].n|weight_rom:WM|dout[3]            ;
; axil_mlp:mlp|MLP:core|layer:l1|neuron:neuron_gen[2].n|weight_rom:WM|dout[16]                                                                                                       ; Merged with axil_mlp:mlp|MLP:core|layer:l1|neuron:neuron_gen[2].n|weight_rom:WM|dout[11]           ;
; axil_mlp:mlp|MLP:core|layer:l1|neuron:neuron_gen[1].n|mul[63]                                                                                                                      ; Merged with axil_mlp:mlp|MLP:core|layer:l1|neuron:neuron_gen[1].n|mul[62]                          ;
; axil_mlp:mlp|MLP:core|layer:l1|neuron:neuron_gen[1].n|weight_rom:WM|dout[11]                                                                                                       ; Merged with axil_mlp:mlp|MLP:core|layer:l1|neuron:neuron_gen[1].n|weight_rom:WM|dout[3]            ;
; axil_mlp:mlp|MLP:core|layer:l1|neuron:neuron_gen[1].n|weight_rom:WM|dout[10]                                                                                                       ; Merged with axil_mlp:mlp|MLP:core|layer:l1|neuron:neuron_gen[1].n|weight_rom:WM|dout[1]            ;
; axil_mlp:mlp|MLP:core|layer:l1|neuron:neuron_gen[1].n|weight_rom:WM|dout[6]                                                                                                        ; Merged with axil_mlp:mlp|MLP:core|layer:l1|neuron:neuron_gen[1].n|weight_rom:WM|dout[0]            ;
; axil_mlp:mlp|MLP:core|layer:l1|neuron:neuron_gen[0].n|weight_rom:WM|dout[0]                                                                                                        ; Merged with axil_mlp:mlp|MLP:core|layer:l1|neuron:neuron_gen[0].n|weight_rom:WM|dout[7]            ;
; axil_mlp:mlp|MLP:core|layer:l1|neuron:neuron_gen[0].n|weight_rom:WM|dout[17..31]                                                                                                   ; Merged with axil_mlp:mlp|MLP:core|layer:l1|neuron:neuron_gen[0].n|weight_rom:WM|dout[11]           ;
; axil_gpio:gpio|rdata[1..9,11..31]                                                                                                                                                  ; Merged with axil_gpio:gpio|rdata[10]                                                               ;
; axil_uart:debug_host|rdata[8,9,11..31]                                                                                                                                             ; Merged with axil_uart:debug_host|rdata[10]                                                         ;
; picorv32_axi:cpu|picorv32:picorv32_core|picorv32_pcpi_mul:pcpi_mul|pcpi_wr                                                                                                         ; Merged with picorv32_axi:cpu|picorv32:picorv32_core|picorv32_pcpi_mul:pcpi_mul|pcpi_ready          ;
; picorv32_axi:cpu|picorv32:picorv32_core|picorv32_pcpi_div:pcpi_div|pcpi_wr                                                                                                         ; Merged with picorv32_axi:cpu|picorv32:picorv32_core|picorv32_pcpi_div:pcpi_div|pcpi_ready          ;
; picorv32_axi:cpu|picorv32:picorv32_core|reg_pc[0]                                                                                                                                  ; Merged with picorv32_axi:cpu|picorv32:picorv32_core|reg_next_pc[0]                                 ;
; axi_sensor_controller:sensors|rs485_controller:sn3000t|uart:rs485|baud_pulse                                                                                                       ; Merged with axi_sensor_controller:sensors|rs485_controller:sem228a|uart:rs485|baud_pulse           ;
; axi_sensor_controller:sensors|rs485_controller:sn3000t|uart:rs485|baud_ov_pulse                                                                                                    ; Merged with axi_sensor_controller:sensors|rs485_controller:sem228a|uart:rs485|baud_ov_pulse        ;
; picorv32_axi:cpu|picorv32:picorv32_core|decoded_imm_j[21..31]                                                                                                                      ; Merged with picorv32_axi:cpu|picorv32:picorv32_core|decoded_imm_j[20]                              ;
; axi_sensor_controller:sensors|rs485_controller:sn3000t|uart:rs485|count_baudrate[12]                                                                                               ; Merged with axi_sensor_controller:sensors|rs485_controller:sem228a|uart:rs485|count_baudrate[12]   ;
; axi_sensor_controller:sensors|rs485_controller:sn3000t|uart:rs485|count_baudrate[11]                                                                                               ; Merged with axi_sensor_controller:sensors|rs485_controller:sem228a|uart:rs485|count_baudrate[11]   ;
; axi_sensor_controller:sensors|rs485_controller:sn3000t|uart:rs485|count_baudrate[10]                                                                                               ; Merged with axi_sensor_controller:sensors|rs485_controller:sem228a|uart:rs485|count_baudrate[10]   ;
; axi_sensor_controller:sensors|rs485_controller:sn3000t|uart:rs485|count_baudrate[9]                                                                                                ; Merged with axi_sensor_controller:sensors|rs485_controller:sem228a|uart:rs485|count_baudrate[9]    ;
; axi_sensor_controller:sensors|rs485_controller:sn3000t|uart:rs485|count_baudrate[8]                                                                                                ; Merged with axi_sensor_controller:sensors|rs485_controller:sem228a|uart:rs485|count_baudrate[8]    ;
; axi_sensor_controller:sensors|rs485_controller:sn3000t|uart:rs485|count_baudrate[7]                                                                                                ; Merged with axi_sensor_controller:sensors|rs485_controller:sem228a|uart:rs485|count_baudrate[7]    ;
; axi_sensor_controller:sensors|rs485_controller:sn3000t|uart:rs485|count_baudrate[6]                                                                                                ; Merged with axi_sensor_controller:sensors|rs485_controller:sem228a|uart:rs485|count_baudrate[6]    ;
; axi_sensor_controller:sensors|rs485_controller:sn3000t|uart:rs485|count_baudrate[5]                                                                                                ; Merged with axi_sensor_controller:sensors|rs485_controller:sem228a|uart:rs485|count_baudrate[5]    ;
; axi_sensor_controller:sensors|rs485_controller:sn3000t|uart:rs485|count_baudrate[4]                                                                                                ; Merged with axi_sensor_controller:sensors|rs485_controller:sem228a|uart:rs485|count_baudrate[4]    ;
; axi_sensor_controller:sensors|rs485_controller:sn3000t|uart:rs485|count_baudrate[3]                                                                                                ; Merged with axi_sensor_controller:sensors|rs485_controller:sem228a|uart:rs485|count_baudrate[3]    ;
; axi_sensor_controller:sensors|rs485_controller:sn3000t|uart:rs485|count_baudrate[2]                                                                                                ; Merged with axi_sensor_controller:sensors|rs485_controller:sem228a|uart:rs485|count_baudrate[2]    ;
; axi_sensor_controller:sensors|rs485_controller:sn3000t|uart:rs485|count_baudrate[1]                                                                                                ; Merged with axi_sensor_controller:sensors|rs485_controller:sem228a|uart:rs485|count_baudrate[1]    ;
; axi_sensor_controller:sensors|rs485_controller:sn3000t|uart:rs485|count_baudrate[0]                                                                                                ; Merged with axi_sensor_controller:sensors|rs485_controller:sem228a|uart:rs485|count_baudrate[0]    ;
; axi_sensor_controller:sensors|aht10_driver:aht10|i2c:aht10|state[4..9,11..31]                                                                                                      ; Merged with axi_sensor_controller:sensors|aht10_driver:aht10|i2c:aht10|state[10]                   ;
; axi_sensor_controller:sensors|ds2331_driver:ds2331|i2c:rtc|state[4..9,11..31]                                                                                                      ; Merged with axi_sensor_controller:sensors|ds2331_driver:ds2331|i2c:rtc|state[10]                   ;
; axi_sensor_controller:sensors|rs485_controller:sn3000t|uart:rs485|count_baudrate_ov[8]                                                                                             ; Merged with axi_sensor_controller:sensors|rs485_controller:sem228a|uart:rs485|count_baudrate_ov[8] ;
; axi_sensor_controller:sensors|rs485_controller:sn3000t|uart:rs485|count_baudrate_ov[7]                                                                                             ; Merged with axi_sensor_controller:sensors|rs485_controller:sem228a|uart:rs485|count_baudrate_ov[7] ;
; axi_sensor_controller:sensors|rs485_controller:sn3000t|uart:rs485|count_baudrate_ov[6]                                                                                             ; Merged with axi_sensor_controller:sensors|rs485_controller:sem228a|uart:rs485|count_baudrate_ov[6] ;
; axi_sensor_controller:sensors|rs485_controller:sn3000t|uart:rs485|count_baudrate_ov[5]                                                                                             ; Merged with axi_sensor_controller:sensors|rs485_controller:sem228a|uart:rs485|count_baudrate_ov[5] ;
; axi_sensor_controller:sensors|rs485_controller:sn3000t|uart:rs485|count_baudrate_ov[4]                                                                                             ; Merged with axi_sensor_controller:sensors|rs485_controller:sem228a|uart:rs485|count_baudrate_ov[4] ;
; axi_sensor_controller:sensors|rs485_controller:sn3000t|uart:rs485|count_baudrate_ov[3]                                                                                             ; Merged with axi_sensor_controller:sensors|rs485_controller:sem228a|uart:rs485|count_baudrate_ov[3] ;
; axi_sensor_controller:sensors|rs485_controller:sn3000t|uart:rs485|count_baudrate_ov[2]                                                                                             ; Merged with axi_sensor_controller:sensors|rs485_controller:sem228a|uart:rs485|count_baudrate_ov[2] ;
; axi_sensor_controller:sensors|rs485_controller:sn3000t|uart:rs485|count_baudrate_ov[1]                                                                                             ; Merged with axi_sensor_controller:sensors|rs485_controller:sem228a|uart:rs485|count_baudrate_ov[1] ;
; axi_sensor_controller:sensors|rs485_controller:sn3000t|uart:rs485|count_baudrate_ov[0]                                                                                             ; Merged with axi_sensor_controller:sensors|rs485_controller:sem228a|uart:rs485|count_baudrate_ov[0] ;
; axi_sensor_controller:sensors|aht10_driver:aht10|i2c:aht10|addr_rw[2,3,7]                                                                                                          ; Merged with axi_sensor_controller:sensors|aht10_driver:aht10|i2c:aht10|addr_rw[1]                  ;
; axi_sensor_controller:sensors|aht10_driver:aht10|i2c:aht10|addr_rw[5,6]                                                                                                            ; Merged with axi_sensor_controller:sensors|aht10_driver:aht10|i2c:aht10|addr_rw[4]                  ;
; axi_sensor_controller:sensors|aht10_driver:aht10|i2c:aht10|data_tx[4]                                                                                                              ; Merged with axi_sensor_controller:sensors|aht10_driver:aht10|i2c:aht10|data_tx[1]                  ;
; axi_sensor_controller:sensors|aht10_driver:aht10|i2c_addr[1,2,6]                                                                                                                   ; Merged with axi_sensor_controller:sensors|aht10_driver:aht10|i2c_addr[0]                           ;
; axi_sensor_controller:sensors|aht10_driver:aht10|i2c_addr[4,5]                                                                                                                     ; Merged with axi_sensor_controller:sensors|aht10_driver:aht10|i2c_addr[3]                           ;
; axi_sensor_controller:sensors|aht10_driver:aht10|i2c_data_wr[4]                                                                                                                    ; Merged with axi_sensor_controller:sensors|aht10_driver:aht10|i2c_data_wr[1]                        ;
; axi_sensor_controller:sensors|ds2331_driver:ds2331|i2c:rtc|addr_rw[6,7]                                                                                                            ; Merged with axi_sensor_controller:sensors|ds2331_driver:ds2331|i2c:rtc|addr_rw[4]                  ;
; axi_sensor_controller:sensors|ds2331_driver:ds2331|i2c:rtc|data_tx[1]                                                                                                              ; Merged with axi_sensor_controller:sensors|ds2331_driver:ds2331|i2c:rtc|addr_rw[4]                  ;
; axi_sensor_controller:sensors|ds2331_driver:ds2331|i2c:rtc|addr_rw[2,3,5]                                                                                                          ; Merged with axi_sensor_controller:sensors|ds2331_driver:ds2331|i2c:rtc|addr_rw[1]                  ;
; axi_sensor_controller:sensors|ds2331_driver:ds2331|i2c:rtc|data_tx[0,2..7]                                                                                                         ; Merged with axi_sensor_controller:sensors|ds2331_driver:ds2331|i2c:rtc|addr_rw[1]                  ;
; axi_sensor_controller:sensors|ds2331_driver:ds2331|i2c_addr[5,6]                                                                                                                   ; Merged with axi_sensor_controller:sensors|ds2331_driver:ds2331|i2c_addr[3]                         ;
; axi_sensor_controller:sensors|ds2331_driver:ds2331|i2c_data_wr[1]                                                                                                                  ; Merged with axi_sensor_controller:sensors|ds2331_driver:ds2331|i2c_addr[3]                         ;
; axi_sensor_controller:sensors|aht10_driver:aht10|state[3..9,11..31]                                                                                                                ; Merged with axi_sensor_controller:sensors|aht10_driver:aht10|state[10]                             ;
; axi_sensor_controller:sensors|ds2331_driver:ds2331|state[2..9,11..31]                                                                                                              ; Merged with axi_sensor_controller:sensors|ds2331_driver:ds2331|state[10]                           ;
; axil_mlp:mlp|mlp_bridge:scaler|snap[0][17]                                                                                                                                         ; Merged with axil_mlp:mlp|mlp_bridge:scaler|snap[0][16]                                             ;
; axil_mlp:mlp|mlp_bridge:scaler|snap[0][18]                                                                                                                                         ; Merged with axil_mlp:mlp|mlp_bridge:scaler|snap[0][16]                                             ;
; axil_mlp:mlp|mlp_bridge:scaler|snap[0][19]                                                                                                                                         ; Merged with axil_mlp:mlp|mlp_bridge:scaler|snap[0][16]                                             ;
; axil_mlp:mlp|mlp_bridge:scaler|snap[1][10]                                                                                                                                         ; Merged with axil_mlp:mlp|mlp_bridge:scaler|snap[0][16]                                             ;
; axil_mlp:mlp|mlp_bridge:scaler|snap[1][11]                                                                                                                                         ; Merged with axil_mlp:mlp|mlp_bridge:scaler|snap[0][16]                                             ;
; axil_mlp:mlp|mlp_bridge:scaler|snap[1][12]                                                                                                                                         ; Merged with axil_mlp:mlp|mlp_bridge:scaler|snap[0][16]                                             ;
; axil_mlp:mlp|mlp_bridge:scaler|snap[1][13]                                                                                                                                         ; Merged with axil_mlp:mlp|mlp_bridge:scaler|snap[0][16]                                             ;
; axil_mlp:mlp|mlp_bridge:scaler|snap[1][14]                                                                                                                                         ; Merged with axil_mlp:mlp|mlp_bridge:scaler|snap[0][16]                                             ;
; axil_mlp:mlp|mlp_bridge:scaler|snap[1][15]                                                                                                                                         ; Merged with axil_mlp:mlp|mlp_bridge:scaler|snap[0][16]                                             ;
; axil_mlp:mlp|mlp_bridge:scaler|snap[1][16]                                                                                                                                         ; Merged with axil_mlp:mlp|mlp_bridge:scaler|snap[0][16]                                             ;
; axil_mlp:mlp|mlp_bridge:scaler|snap[1][17]                                                                                                                                         ; Merged with axil_mlp:mlp|mlp_bridge:scaler|snap[0][16]                                             ;
; axil_mlp:mlp|mlp_bridge:scaler|snap[1][18]                                                                                                                                         ; Merged with axil_mlp:mlp|mlp_bridge:scaler|snap[0][16]                                             ;
; axil_mlp:mlp|mlp_bridge:scaler|snap[1][19]                                                                                                                                         ; Merged with axil_mlp:mlp|mlp_bridge:scaler|snap[0][16]                                             ;
; axil_mlp:mlp|mlp_bridge:scaler|snap[1][6]                                                                                                                                          ; Merged with axil_mlp:mlp|mlp_bridge:scaler|snap[0][16]                                             ;
; axil_mlp:mlp|mlp_bridge:scaler|snap[1][7]                                                                                                                                          ; Merged with axil_mlp:mlp|mlp_bridge:scaler|snap[0][16]                                             ;
; axil_mlp:mlp|mlp_bridge:scaler|snap[1][8]                                                                                                                                          ; Merged with axil_mlp:mlp|mlp_bridge:scaler|snap[0][16]                                             ;
; axil_mlp:mlp|mlp_bridge:scaler|snap[1][9]                                                                                                                                          ; Merged with axil_mlp:mlp|mlp_bridge:scaler|snap[0][16]                                             ;
; axil_mlp:mlp|mlp_bridge:scaler|snap[4][16]                                                                                                                                         ; Merged with axil_mlp:mlp|mlp_bridge:scaler|snap[0][16]                                             ;
; axil_mlp:mlp|mlp_bridge:scaler|snap[4][17]                                                                                                                                         ; Merged with axil_mlp:mlp|mlp_bridge:scaler|snap[0][16]                                             ;
; axil_mlp:mlp|mlp_bridge:scaler|snap[4][18]                                                                                                                                         ; Merged with axil_mlp:mlp|mlp_bridge:scaler|snap[0][16]                                             ;
; axil_mlp:mlp|mlp_bridge:scaler|snap[4][19]                                                                                                                                         ; Merged with axil_mlp:mlp|mlp_bridge:scaler|snap[0][16]                                             ;
; axi_sensor_controller:sensors|rs485_controller:sem228a|current_byte[7]                                                                                                             ; Merged with axi_sensor_controller:sensors|rs485_controller:sem228a|current_byte[2]                 ;
; axi_sensor_controller:sensors|rs485_controller:sn3000t|current_byte[7]                                                                                                             ; Merged with axi_sensor_controller:sensors|rs485_controller:sn3000t|current_byte[2]                 ;
; axil_mlp:mlp|MLP:core|layer:l2|neuron:neuron_gen[1].n|outvalid                                                                                                                     ; Merged with axil_mlp:mlp|MLP:core|layer:l2|neuron:neuron_gen[0].n|outvalid                         ;
; axil_mlp:mlp|MLP:core|layer:l2|neuron:neuron_gen[2].n|outvalid                                                                                                                     ; Merged with axil_mlp:mlp|MLP:core|layer:l2|neuron:neuron_gen[0].n|outvalid                         ;
; axil_mlp:mlp|MLP:core|layer:l2|neuron:neuron_gen[3].n|outvalid                                                                                                                     ; Merged with axil_mlp:mlp|MLP:core|layer:l2|neuron:neuron_gen[0].n|outvalid                         ;
; axi_sensor_controller:sensors|rs485_controller:sem228a|current_byte[5,6]                                                                                                           ; Merged with axi_sensor_controller:sensors|rs485_controller:sem228a|current_byte[4]                 ;
; axi_sensor_controller:sensors|rs485_controller:sn3000t|current_byte[5,6]                                                                                                           ; Merged with axi_sensor_controller:sensors|rs485_controller:sn3000t|current_byte[4]                 ;
; axil_mlp:mlp|MLP:core|layer:l2|neuron:neuron_gen[1].n|sigValid                                                                                                                     ; Merged with axil_mlp:mlp|MLP:core|layer:l2|neuron:neuron_gen[0].n|sigValid                         ;
; axil_mlp:mlp|MLP:core|layer:l2|neuron:neuron_gen[2].n|sigValid                                                                                                                     ; Merged with axil_mlp:mlp|MLP:core|layer:l2|neuron:neuron_gen[0].n|sigValid                         ;
; axil_mlp:mlp|MLP:core|layer:l2|neuron:neuron_gen[3].n|sigValid                                                                                                                     ; Merged with axil_mlp:mlp|MLP:core|layer:l2|neuron:neuron_gen[0].n|sigValid                         ;
; axil_mlp:mlp|MLP:core|layer:l2|neuron:neuron_gen[1].n|muxValid_f                                                                                                                   ; Merged with axil_mlp:mlp|MLP:core|layer:l2|neuron:neuron_gen[0].n|muxValid_f                       ;
; axil_mlp:mlp|MLP:core|layer:l2|neuron:neuron_gen[2].n|muxValid_f                                                                                                                   ; Merged with axil_mlp:mlp|MLP:core|layer:l2|neuron:neuron_gen[0].n|muxValid_f                       ;
; axil_mlp:mlp|MLP:core|layer:l2|neuron:neuron_gen[3].n|muxValid_f                                                                                                                   ; Merged with axil_mlp:mlp|MLP:core|layer:l2|neuron:neuron_gen[0].n|muxValid_f                       ;
; axil_mlp:mlp|MLP:core|layer:l2|neuron:neuron_gen[1].n|r_addr[2]                                                                                                                    ; Merged with axil_mlp:mlp|MLP:core|layer:l2|neuron:neuron_gen[0].n|r_addr[2]                        ;
; axil_mlp:mlp|MLP:core|layer:l2|neuron:neuron_gen[2].n|r_addr[2]                                                                                                                    ; Merged with axil_mlp:mlp|MLP:core|layer:l2|neuron:neuron_gen[0].n|r_addr[2]                        ;
; axil_mlp:mlp|MLP:core|layer:l2|neuron:neuron_gen[3].n|r_addr[2]                                                                                                                    ; Merged with axil_mlp:mlp|MLP:core|layer:l2|neuron:neuron_gen[0].n|r_addr[2]                        ;
; axil_mlp:mlp|MLP:core|layer:l2|neuron:neuron_gen[1].n|r_addr[1]                                                                                                                    ; Merged with axil_mlp:mlp|MLP:core|layer:l2|neuron:neuron_gen[0].n|r_addr[1]                        ;
; axil_mlp:mlp|MLP:core|layer:l2|neuron:neuron_gen[2].n|r_addr[1]                                                                                                                    ; Merged with axil_mlp:mlp|MLP:core|layer:l2|neuron:neuron_gen[0].n|r_addr[1]                        ;
; axil_mlp:mlp|MLP:core|layer:l2|neuron:neuron_gen[3].n|r_addr[1]                                                                                                                    ; Merged with axil_mlp:mlp|MLP:core|layer:l2|neuron:neuron_gen[0].n|r_addr[1]                        ;
; axil_mlp:mlp|MLP:core|layer:l2|neuron:neuron_gen[1].n|r_addr[0]                                                                                                                    ; Merged with axil_mlp:mlp|MLP:core|layer:l2|neuron:neuron_gen[0].n|r_addr[0]                        ;
; axil_mlp:mlp|MLP:core|layer:l2|neuron:neuron_gen[2].n|r_addr[0]                                                                                                                    ; Merged with axil_mlp:mlp|MLP:core|layer:l2|neuron:neuron_gen[0].n|r_addr[0]                        ;
; axil_mlp:mlp|MLP:core|layer:l2|neuron:neuron_gen[3].n|r_addr[0]                                                                                                                    ; Merged with axil_mlp:mlp|MLP:core|layer:l2|neuron:neuron_gen[0].n|r_addr[0]                        ;
; axil_mlp:mlp|MLP:core|layer:l1|neuron:neuron_gen[1].n|outvalid                                                                                                                     ; Merged with axil_mlp:mlp|MLP:core|layer:l1|neuron:neuron_gen[0].n|outvalid                         ;
; axil_mlp:mlp|MLP:core|layer:l1|neuron:neuron_gen[2].n|outvalid                                                                                                                     ; Merged with axil_mlp:mlp|MLP:core|layer:l1|neuron:neuron_gen[0].n|outvalid                         ;
; axil_mlp:mlp|MLP:core|layer:l1|neuron:neuron_gen[3].n|outvalid                                                                                                                     ; Merged with axil_mlp:mlp|MLP:core|layer:l1|neuron:neuron_gen[0].n|outvalid                         ;
; axil_mlp:mlp|MLP:core|layer:l1|neuron:neuron_gen[1].n|sigValid                                                                                                                     ; Merged with axil_mlp:mlp|MLP:core|layer:l1|neuron:neuron_gen[0].n|sigValid                         ;
; axil_mlp:mlp|MLP:core|layer:l1|neuron:neuron_gen[2].n|sigValid                                                                                                                     ; Merged with axil_mlp:mlp|MLP:core|layer:l1|neuron:neuron_gen[0].n|sigValid                         ;
; axil_mlp:mlp|MLP:core|layer:l1|neuron:neuron_gen[3].n|sigValid                                                                                                                     ; Merged with axil_mlp:mlp|MLP:core|layer:l1|neuron:neuron_gen[0].n|sigValid                         ;
; axil_mlp:mlp|MLP:core|layer:l1|neuron:neuron_gen[1].n|muxValid_f                                                                                                                   ; Merged with axil_mlp:mlp|MLP:core|layer:l1|neuron:neuron_gen[0].n|muxValid_f                       ;
; axil_mlp:mlp|MLP:core|layer:l1|neuron:neuron_gen[2].n|muxValid_f                                                                                                                   ; Merged with axil_mlp:mlp|MLP:core|layer:l1|neuron:neuron_gen[0].n|muxValid_f                       ;
; axil_mlp:mlp|MLP:core|layer:l1|neuron:neuron_gen[3].n|muxValid_f                                                                                                                   ; Merged with axil_mlp:mlp|MLP:core|layer:l1|neuron:neuron_gen[0].n|muxValid_f                       ;
; axil_mlp:mlp|MLP:core|layer:l1|neuron:neuron_gen[1].n|r_addr[2]                                                                                                                    ; Merged with axil_mlp:mlp|MLP:core|layer:l1|neuron:neuron_gen[0].n|r_addr[2]                        ;
; axil_mlp:mlp|MLP:core|layer:l1|neuron:neuron_gen[2].n|r_addr[2]                                                                                                                    ; Merged with axil_mlp:mlp|MLP:core|layer:l1|neuron:neuron_gen[0].n|r_addr[2]                        ;
; axil_mlp:mlp|MLP:core|layer:l1|neuron:neuron_gen[3].n|r_addr[2]                                                                                                                    ; Merged with axil_mlp:mlp|MLP:core|layer:l1|neuron:neuron_gen[0].n|r_addr[2]                        ;
; axil_mlp:mlp|MLP:core|layer:l1|neuron:neuron_gen[1].n|r_addr[0]                                                                                                                    ; Merged with axil_mlp:mlp|MLP:core|layer:l1|neuron:neuron_gen[0].n|r_addr[0]                        ;
; axil_mlp:mlp|MLP:core|layer:l1|neuron:neuron_gen[2].n|r_addr[0]                                                                                                                    ; Merged with axil_mlp:mlp|MLP:core|layer:l1|neuron:neuron_gen[0].n|r_addr[0]                        ;
; axil_mlp:mlp|MLP:core|layer:l1|neuron:neuron_gen[3].n|r_addr[0]                                                                                                                    ; Merged with axil_mlp:mlp|MLP:core|layer:l1|neuron:neuron_gen[0].n|r_addr[0]                        ;
; axil_mlp:mlp|MLP:core|layer:l1|neuron:neuron_gen[1].n|r_addr[3]                                                                                                                    ; Merged with axil_mlp:mlp|MLP:core|layer:l1|neuron:neuron_gen[0].n|r_addr[3]                        ;
; axil_mlp:mlp|MLP:core|layer:l1|neuron:neuron_gen[2].n|r_addr[3]                                                                                                                    ; Merged with axil_mlp:mlp|MLP:core|layer:l1|neuron:neuron_gen[0].n|r_addr[3]                        ;
; axil_mlp:mlp|MLP:core|layer:l1|neuron:neuron_gen[3].n|r_addr[3]                                                                                                                    ; Merged with axil_mlp:mlp|MLP:core|layer:l1|neuron:neuron_gen[0].n|r_addr[3]                        ;
; axil_mlp:mlp|MLP:core|layer:l1|neuron:neuron_gen[1].n|r_addr[1]                                                                                                                    ; Merged with axil_mlp:mlp|MLP:core|layer:l1|neuron:neuron_gen[0].n|r_addr[1]                        ;
; axil_mlp:mlp|MLP:core|layer:l1|neuron:neuron_gen[2].n|r_addr[1]                                                                                                                    ; Merged with axil_mlp:mlp|MLP:core|layer:l1|neuron:neuron_gen[0].n|r_addr[1]                        ;
; axil_mlp:mlp|MLP:core|layer:l1|neuron:neuron_gen[3].n|r_addr[1]                                                                                                                    ; Merged with axil_mlp:mlp|MLP:core|layer:l1|neuron:neuron_gen[0].n|r_addr[1]                        ;
; axil_mlp:mlp|MLP:core|layer:l2|neuron:neuron_gen[1].n|weight_rom:WM|dout[12]                                                                                                       ; Merged with axil_mlp:mlp|MLP:core|layer:l2|neuron:neuron_gen[0].n|weight_rom:WM|dout[6]            ;
; axil_mlp:mlp|MLP:core|layer:l2|neuron:neuron_gen[3].n|weight_rom:WM|dout[1]                                                                                                        ; Merged with axil_mlp:mlp|MLP:core|layer:l2|neuron:neuron_gen[0].n|weight_rom:WM|dout[6]            ;
; axil_mlp:mlp|MLP:core|layer:l2|neuron:neuron_gen[2].n|weight_rom:WM|dout[17]                                                                                                       ; Merged with axil_mlp:mlp|MLP:core|layer:l2|neuron:neuron_gen[0].n|weight_rom:WM|dout[1]            ;
; axil_mlp:mlp|MLP:core|layer:l2|neuron:neuron_gen[3].n|weight_rom:WM|dout[8]                                                                                                        ; Merged with axil_mlp:mlp|MLP:core|layer:l2|neuron:neuron_gen[0].n|weight_rom:WM|dout[1]            ;
; axil_mlp:mlp|MLP:core|layer:l2|neuron:neuron_gen[2].n|weight_rom:WM|dout[6]                                                                                                        ; Merged with axil_mlp:mlp|MLP:core|layer:l2|neuron:neuron_gen[0].n|weight_rom:WM|dout[4]            ;
; axil_mlp:mlp|MLP:core|layer:l2|neuron:neuron_gen[2].n|weight_rom:WM|dout[3]                                                                                                        ; Merged with axil_mlp:mlp|MLP:core|layer:l2|neuron:neuron_gen[0].n|weight_rom:WM|dout[8]            ;
; axil_mlp:mlp|MLP:core|layer:l2|neuron:neuron_gen[1].n|weight_rom:WM|dout[7]                                                                                                        ; Merged with axil_mlp:mlp|MLP:core|layer:l2|neuron:neuron_gen[0].n|weight_rom:WM|dout[12]           ;
; axil_mlp:mlp|MLP:core|layer:l2|neuron:neuron_gen[3].n|weight_rom:WM|dout[10]                                                                                                       ; Merged with axil_mlp:mlp|MLP:core|layer:l2|neuron:neuron_gen[1].n|weight_rom:WM|dout[1]            ;
; axil_mlp:mlp|MLP:core|layer:l2|neuron:neuron_gen[3].n|weight_rom:WM|dout[12]                                                                                                       ; Merged with axil_mlp:mlp|MLP:core|layer:l2|neuron:neuron_gen[1].n|weight_rom:WM|dout[3]            ;
; axil_mlp:mlp|MLP:core|layer:l2|neuron:neuron_gen[2].n|weight_rom:WM|dout[8]                                                                                                        ; Merged with axil_mlp:mlp|MLP:core|layer:l2|neuron:neuron_gen[1].n|weight_rom:WM|dout[6]            ;
; axil_mlp:mlp|MLP:core|layer:l2|neuron:neuron_gen[3].n|weight_rom:WM|dout[2]                                                                                                        ; Merged with axil_mlp:mlp|MLP:core|layer:l2|neuron:neuron_gen[1].n|weight_rom:WM|dout[6]            ;
; axil_mlp:mlp|MLP:core|layer:l2|neuron:neuron_gen[3].n|weight_rom:WM|dout[3]                                                                                                        ; Merged with axil_mlp:mlp|MLP:core|layer:l2|neuron:neuron_gen[2].n|weight_rom:WM|dout[5]            ;
; axil_mlp:mlp|MLP:core|layer:l1|neuron:neuron_gen[1].n|weight_rom:WM|dout[2]                                                                                                        ; Merged with axil_mlp:mlp|MLP:core|layer:l1|neuron:neuron_gen[0].n|weight_rom:WM|dout[2]            ;
; axil_mlp:mlp|MLP:core|layer:l1|neuron:neuron_gen[3].n|weight_rom:WM|dout[7]                                                                                                        ; Merged with axil_mlp:mlp|MLP:core|layer:l1|neuron:neuron_gen[0].n|weight_rom:WM|dout[12]           ;
; axil_mlp:mlp|MLP:core|layer:l1|neuron:neuron_gen[2].n|weight_rom:WM|dout[7]                                                                                                        ; Merged with axil_mlp:mlp|MLP:core|layer:l1|neuron:neuron_gen[0].n|weight_rom:WM|dout[16]           ;
; axil_mlp:mlp|MLP:core|layer:l1|neuron:neuron_gen[3].n|weight_rom:WM|dout[5]                                                                                                        ; Merged with axil_mlp:mlp|MLP:core|layer:l1|neuron:neuron_gen[1].n|weight_rom:WM|dout[5]            ;
; axil_mlp:mlp|MLP:core|layer:l1|neuron:neuron_gen[2].n|weight_rom:WM|dout[15]                                                                                                       ; Merged with axil_mlp:mlp|MLP:core|layer:l1|neuron:neuron_gen[1].n|weight_rom:WM|dout[15]           ;
; axil_pwm:pwm|rdata[8,9,11..31]                                                                                                                                                     ; Merged with axil_pwm:pwm|rdata[10]                                                                 ;
; axi_sensor_controller:sensors|ds2331_driver:ds2331|i2c:rtc|state[10]                                                                                                               ; Stuck at GND due to stuck port data_in                                                             ;
; axi_sensor_controller:sensors|aht10_driver:aht10|i2c:aht10|state[10]                                                                                                               ; Stuck at GND due to stuck port data_in                                                             ;
; axi_sensor_controller:sensors|rs485_controller:sn3000t|current_byte[4]                                                                                                             ; Stuck at GND due to stuck port data_in                                                             ;
; axi_sensor_controller:sensors|rs485_controller:sem228a|current_byte[4]                                                                                                             ; Stuck at GND due to stuck port data_in                                                             ;
; axil_mlp:mlp|mlp_bridge:scaler|snap[0][16]                                                                                                                                         ; Stuck at GND due to stuck port data_in                                                             ;
; axil_uart:debug_host|rdata[10]                                                                                                                                                     ; Stuck at GND due to stuck port data_in                                                             ;
; axil_pwm:pwm|rdata[10]                                                                                                                                                             ; Stuck at GND due to stuck port data_in                                                             ;
; axil_gpio:gpio|rdata[10]                                                                                                                                                           ; Stuck at GND due to stuck port data_in                                                             ;
; picorv32_axi:cpu|picorv32:picorv32_core|reg_next_pc[0]                                                                                                                             ; Stuck at GND due to stuck port data_in                                                             ;
; axi_sensor_controller:sensors|aht10_driver:aht10|i2c_addr[0]                                                                                                                       ; Stuck at GND due to stuck port data_in                                                             ;
; axi_sensor_controller:sensors|ds2331_driver:ds2331|state[10]                                                                                                                       ; Stuck at GND due to stuck port data_in                                                             ;
; picorv32_axi:cpu|picorv32:picorv32_core|latched_is_lu                                                                                                                              ; Lost fanout                                                                                        ;
; axi_sensor_controller:sensors|ds2331_driver:ds2331|fsm.busy_cnt[2..7]                                                                                                              ; Stuck at GND due to stuck port data_in                                                             ;
; axi_sensor_controller:sensors|ds2331_driver:ds2331|i2c:rtc|addr_rw[1]                                                                                                              ; Stuck at GND due to stuck port data_in                                                             ;
; axil_mlp:mlp|MLP:core|layer:l1|neuron:neuron_gen[1].n|weight_rom:WM|dout[3]                                                                                                        ; Merged with axil_mlp:mlp|MLP:core|layer:l1|neuron:neuron_gen[3].n|weight_rom:WM|dout[9]            ;
; axil_mlp:mlp|MLP:core|layer:l1|neuron:neuron_gen[2].n|weight_rom:WM|dout[12]                                                                                                       ; Merged with axil_mlp:mlp|MLP:core|layer:l1|neuron:neuron_gen[3].n|weight_rom:WM|dout[9]            ;
; axil_mlp:mlp|MLP:core|layer:l1|neuron:neuron_gen[0].n|weight_rom:WM|dout[11]                                                                                                       ; Merged with axil_mlp:mlp|MLP:core|layer:l1|neuron:neuron_gen[3].n|weight_rom:WM|dout[10]           ;
; axil_mlp:mlp|MLP:core|layer:l1|neuron:neuron_gen[1].n|weight_rom:WM|dout[0]                                                                                                        ; Merged with axil_mlp:mlp|MLP:core|layer:l1|neuron:neuron_gen[3].n|weight_rom:WM|dout[10]           ;
; axil_mlp:mlp|MLP:core|layer:l1|neuron:neuron_gen[0].n|weight_rom:WM|dout[9]                                                                                                        ; Merged with axil_mlp:mlp|MLP:core|layer:l1|neuron:neuron_gen[3].n|weight_rom:WM|dout[12]           ;
; axil_mlp:mlp|MLP:core|layer:l1|neuron:neuron_gen[2].n|weight_rom:WM|dout[11]                                                                                                       ; Merged with axil_mlp:mlp|MLP:core|layer:l1|neuron:neuron_gen[3].n|weight_rom:WM|dout[12]           ;
; axil_mlp:mlp|MLP:core|layer:l1|neuron:neuron_gen[0].n|weight_rom:WM|dout[15]                                                                                                       ; Merged with axil_mlp:mlp|MLP:core|layer:l1|neuron:neuron_gen[1].n|weight_rom:WM|dout[16]           ;
; axil_mlp:mlp|MLP:core|layer:l1|neuron:neuron_gen[3].n|relu:g_relu.s1|out[31]                                                                                                       ; Stuck at GND due to stuck port data_in                                                             ;
; axil_mlp:mlp|MLP:core|layer:l1|neuron:neuron_gen[2].n|relu:g_relu.s1|out[31]                                                                                                       ; Stuck at GND due to stuck port data_in                                                             ;
; axil_mlp:mlp|MLP:core|layer:l1|neuron:neuron_gen[1].n|relu:g_relu.s1|out[31]                                                                                                       ; Stuck at GND due to stuck port data_in                                                             ;
; axil_mlp:mlp|MLP:core|layer:l1|neuron:neuron_gen[0].n|relu:g_relu.s1|out[31]                                                                                                       ; Stuck at GND due to stuck port data_in                                                             ;
; axil_mlp:mlp|MLP:core|layer:l1|neuron:neuron_gen[1].n|weight_rom:WM|dout[7]                                                                                                        ; Merged with axil_mlp:mlp|MLP:core|layer:l1|neuron:neuron_gen[3].n|weight_rom:WM|dout[3]            ;
; axil_mlp:mlp|MLP:core|layer:l1|neuron:neuron_gen[2].n|weight_rom:WM|dout[8]                                                                                                        ; Merged with axil_mlp:mlp|MLP:core|layer:l1|neuron:neuron_gen[3].n|weight_rom:WM|dout[3]            ;
; axil_mlp:mlp|MLP:core|layer:l1|neuron:neuron_gen[0].n|weight_rom:WM|dout[13]                                                                                                       ; Merged with axil_mlp:mlp|MLP:core|layer:l1|neuron:neuron_gen[3].n|weight_rom:WM|dout[8]            ;
; axil_mlp:mlp|MLP:core|layer:l1|neuron:neuron_gen[0].n|weight_rom:WM|dout[2]                                                                                                        ; Merged with axil_mlp:mlp|MLP:core|layer:l1|neuron:neuron_gen[3].n|weight_rom:WM|dout[11]           ;
; axil_mlp:mlp|MLP:core|layer:l1|neuron:neuron_gen[0].n|weight_rom:WM|dout[8]                                                                                                        ; Merged with axil_mlp:mlp|MLP:core|layer:l1|neuron:neuron_gen[3].n|weight_rom:WM|dout[13]           ;
; axil_mlp:mlp|MLP:core|layer:l1|neuron:neuron_gen[1].n|weight_rom:WM|dout[1]                                                                                                        ; Merged with axil_mlp:mlp|MLP:core|layer:l1|neuron:neuron_gen[3].n|weight_rom:WM|dout[15]           ;
; axil_mlp:mlp|MLP:core|layer:l1|neuron:neuron_gen[2].n|weight_rom:WM|dout[5]                                                                                                        ; Merged with axil_mlp:mlp|MLP:core|layer:l1|neuron:neuron_gen[3].n|weight_rom:WM|dout[15]           ;
; axil_mlp:mlp|MLP:core|layer:l1|neuron:neuron_gen[0].n|weight_rom:WM|dout[1]                                                                                                        ; Merged with axil_mlp:mlp|MLP:core|layer:l1|neuron:neuron_gen[3].n|weight_rom:WM|dout[16]           ;
; axil_mlp:mlp|MLP:core|layer:l1|neuron:neuron_gen[1].n|weight_rom:WM|dout[12]                                                                                                       ; Merged with axil_mlp:mlp|MLP:core|layer:l1|neuron:neuron_gen[3].n|weight_rom:WM|dout[16]           ;
; axil_mlp:mlp|MLP:core|layer:l1|neuron:neuron_gen[0].n|weight_rom:WM|dout[10]                                                                                                       ; Merged with axil_mlp:mlp|MLP:core|layer:l1|neuron:neuron_gen[2].n|weight_rom:WM|dout[3]            ;
; axil_mlp:mlp|MLP:core|layer:l1|neuron:neuron_gen[0].n|weight_rom:WM|dout[14]                                                                                                       ; Merged with axil_mlp:mlp|MLP:core|layer:l1|neuron:neuron_gen[2].n|weight_rom:WM|dout[6]            ;
; axil_mlp:mlp|MLP:core|layer:l1|neuron:neuron_gen[0].n|weight_rom:WM|dout[3]                                                                                                        ; Merged with axil_mlp:mlp|MLP:core|layer:l1|neuron:neuron_gen[2].n|weight_rom:WM|dout[13]           ;
; axil_mlp:mlp|MLP:core|layer:l1|neuron:neuron_gen[0].n|weight_rom:WM|dout[7]                                                                                                        ; Merged with axil_mlp:mlp|MLP:core|layer:l1|neuron:neuron_gen[1].n|weight_rom:WM|dout[8]            ;
; axil_mlp:mlp|MLP:core|layer:l1|neuron:neuron_gen[0].n|weight_rom:WM|dout[6]                                                                                                        ; Merged with axil_mlp:mlp|MLP:core|layer:l1|neuron:neuron_gen[1].n|weight_rom:WM|dout[15]           ;
; axil_mlp:mlp|MLP:core|layer:l1|neuron:neuron_gen[0].n|weight_rom:WM|dout[5]                                                                                                        ; Merged with axil_mlp:mlp|MLP:core|layer:l1|neuron:neuron_gen[1].n|weight_rom:WM|dout[9]            ;
; axil_mlp:mlp|MLP:core|layer:l2|neuron:neuron_gen[1].n|weight_rom:WM|dout[2]                                                                                                        ; Merged with axil_mlp:mlp|MLP:core|layer:l2|neuron:neuron_gen[2].n|weight_rom:WM|dout[4]            ;
; axil_mlp:mlp|MLP:core|layer:l2|neuron:neuron_gen[0].n|weight_rom:WM|dout[8]                                                                                                        ; Merged with axil_mlp:mlp|MLP:core|layer:l2|neuron:neuron_gen[1].n|weight_rom:WM|dout[3]            ;
; axil_mlp:mlp|MLP:core|layer:l2|neuron:neuron_gen[0].n|weight_rom:WM|dout[6]                                                                                                        ; Merged with axil_mlp:mlp|MLP:core|layer:l2|neuron:neuron_gen[2].n|weight_rom:WM|dout[9]            ;
; axil_mlp:mlp|MLP:core|layer:l2|neuron:neuron_gen[0].n|weight_rom:WM|dout[7]                                                                                                        ; Merged with axil_mlp:mlp|MLP:core|layer:l2|neuron:neuron_gen[1].n|weight_rom:WM|dout[6]            ;
; axil_mlp:mlp|MLP:core|layer:l2|neuron:neuron_gen[0].n|weight_rom:WM|dout[1]                                                                                                        ; Merged with axil_mlp:mlp|MLP:core|layer:l2|neuron:neuron_gen[1].n|weight_rom:WM|dout[5]            ;
; axil_mlp:mlp|MLP:core|layer:l2|neuron:neuron_gen[0].n|weight_rom:WM|dout[4]                                                                                                        ; Merged with axil_mlp:mlp|MLP:core|layer:l2|neuron:neuron_gen[1].n|weight_rom:WM|dout[1]            ;
; axil_mlp:mlp|MLP:core|layer:l2|neuron:neuron_gen[3].n|relu:g_relu.s1|out[31]                                                                                                       ; Stuck at GND due to stuck port data_in                                                             ;
; axil_mlp:mlp|MLP:core|layer:l2|neuron:neuron_gen[2].n|relu:g_relu.s1|out[31]                                                                                                       ; Stuck at GND due to stuck port data_in                                                             ;
; axil_mlp:mlp|MLP:core|layer:l2|neuron:neuron_gen[1].n|relu:g_relu.s1|out[31]                                                                                                       ; Stuck at GND due to stuck port data_in                                                             ;
; axil_mlp:mlp|MLP:core|layer:l2|neuron:neuron_gen[0].n|relu:g_relu.s1|out[31]                                                                                                       ; Stuck at GND due to stuck port data_in                                                             ;
; axil_mlp:mlp|MLP:core|layer:l2|neuron:neuron_gen[0].n|weight_rom:WM|dout[12]                                                                                                       ; Merged with axil_mlp:mlp|MLP:core|layer:l2|neuron:neuron_gen[2].n|weight_rom:WM|dout[5]            ;
; picorv32_axi:cpu|picorv32:picorv32_core|is_lbu_lhu_lw                                                                                                                              ; Lost fanout                                                                                        ;
; axi_sensor_controller:sensors|aht10_driver:aht10|i2c:aht10|addr_rw[1]                                                                                                              ; Stuck at GND due to stuck port data_in                                                             ;
; axil_mlp:mlp|MLP:core|serializer:ser2|hold[127]                                                                                                                                    ; Stuck at GND due to stuck port data_in                                                             ;
; axil_mlp:mlp|MLP:core|serializer:ser1|hold[127]                                                                                                                                    ; Stuck at GND due to stuck port data_in                                                             ;
; axil_mlp:mlp|MLP:core|serializer:ser2|hold[95]                                                                                                                                     ; Stuck at GND due to stuck port data_in                                                             ;
; axil_mlp:mlp|MLP:core|serializer:ser1|hold[95]                                                                                                                                     ; Stuck at GND due to stuck port data_in                                                             ;
; axil_mlp:mlp|MLP:core|serializer:ser2|hold[63]                                                                                                                                     ; Stuck at GND due to stuck port data_in                                                             ;
; axil_mlp:mlp|MLP:core|serializer:ser1|hold[63]                                                                                                                                     ; Stuck at GND due to stuck port data_in                                                             ;
; axil_mlp:mlp|MLP:core|serializer:ser2|hold[31]                                                                                                                                     ; Stuck at GND due to stuck port data_in                                                             ;
; axil_mlp:mlp|MLP:core|serializer:ser1|hold[31]                                                                                                                                     ; Stuck at GND due to stuck port data_in                                                             ;
; axil_mlp:mlp|MLP:core|serializer:ser2|out_data[31]                                                                                                                                 ; Stuck at GND due to stuck port data_in                                                             ;
; axil_mlp:mlp|MLP:core|serializer:ser1|out_data[31]                                                                                                                                 ; Stuck at GND due to stuck port data_in                                                             ;
; axil_mlp:mlp|MLP:core|layer:l3|neuron:neuron_gen[0].n|myinputd[31]                                                                                                                 ; Stuck at GND due to stuck port data_in                                                             ;
; axil_mlp:mlp|MLP:core|layer:l2|neuron:neuron_gen[3].n|myinputd[31]                                                                                                                 ; Stuck at GND due to stuck port data_in                                                             ;
; axi_sensor_controller:sensors|rs485_controller:sn3000t|state~7                                                                                                                     ; Lost fanout                                                                                        ;
; axi_sensor_controller:sensors|rs485_controller:sn3000t|state~8                                                                                                                     ; Lost fanout                                                                                        ;
; axi_sensor_controller:sensors|rs485_controller:sem228a|state~7                                                                                                                     ; Lost fanout                                                                                        ;
; axi_sensor_controller:sensors|rs485_controller:sem228a|state~8                                                                                                                     ; Lost fanout                                                                                        ;
; picorv32_axi:cpu|picorv32:picorv32_core|cpu_state.cpu_state_shift                                                                                                                  ; Stuck at GND due to stuck port data_in                                                             ;
; picorv32_axi:cpu|picorv32:picorv32_core|cpu_state.cpu_state_ld_rs2                                                                                                                 ; Stuck at GND due to stuck port data_in                                                             ;
; axi_sensor_controller:sensors|aht10_driver:aht10|state[10]                                                                                                                         ; Stuck at GND due to stuck port data_in                                                             ;
; picorv32_axi:cpu|picorv32:picorv32_core|reg_sh[0..4]                                                                                                                               ; Lost fanout                                                                                        ;
; Total Number of Removed Registers = 2169                                                                                                                                           ;                                                                                                    ;
+------------------------------------------------------------------------------------------------------------------------------------------------------------------------------------+----------------------------------------------------------------------------------------------------+


+--------------------------------------------------------------------------------------------------------------------------------------------------------------------+
; Removed Registers Triggering Further Register Optimizations                                                                                                        ;
+----------------------------------------------------------------+---------------------------+-----------------------------------------------------------------------+
; Register name                                                  ; Reason for Removal        ; Registers Removed due to This Register                                ;
+----------------------------------------------------------------+---------------------------+-----------------------------------------------------------------------+
; axil_mlp:mlp|MLP:core|serializer:ser2|hold[127]                ; Stuck at GND              ; axil_mlp:mlp|MLP:core|serializer:ser2|hold[95],                       ;
;                                                                ; due to stuck port data_in ; axil_mlp:mlp|MLP:core|serializer:ser2|hold[63],                       ;
;                                                                ;                           ; axil_mlp:mlp|MLP:core|serializer:ser2|hold[31],                       ;
;                                                                ;                           ; axil_mlp:mlp|MLP:core|serializer:ser2|out_data[31],                   ;
;                                                                ;                           ; axil_mlp:mlp|MLP:core|layer:l3|neuron:neuron_gen[0].n|myinputd[31]    ;
; axil_mlp:mlp|MLP:core|serializer:ser1|hold[127]                ; Stuck at GND              ; axil_mlp:mlp|MLP:core|serializer:ser1|hold[95],                       ;
;                                                                ; due to stuck port data_in ; axil_mlp:mlp|MLP:core|serializer:ser1|hold[63],                       ;
;                                                                ;                           ; axil_mlp:mlp|MLP:core|serializer:ser1|hold[31],                       ;
;                                                                ;                           ; axil_mlp:mlp|MLP:core|serializer:ser1|out_data[31],                   ;
;                                                                ;                           ; axil_mlp:mlp|MLP:core|layer:l2|neuron:neuron_gen[3].n|myinputd[31]    ;
; picorv32_axi:cpu|picorv32:picorv32_core|reg_sh[1]              ; Lost Fanouts              ; picorv32_axi:cpu|picorv32:picorv32_core|reg_sh[4],                    ;
;                                                                ;                           ; picorv32_axi:cpu|picorv32:picorv32_core|reg_sh[3],                    ;
;                                                                ;                           ; picorv32_axi:cpu|picorv32:picorv32_core|reg_sh[2]                     ;
; axi_sensor_controller:sensors|ds2331_driver:ds2331|i2c_addr[0] ; Stuck at GND              ; axi_sensor_controller:sensors|ds2331_driver:ds2331|i2c:rtc|addr_rw[1] ;
;                                                                ; due to stuck port data_in ;                                                                       ;
+----------------------------------------------------------------+---------------------------+-----------------------------------------------------------------------+


+------------------------------------------------------+
; General Register Statistics                          ;
+----------------------------------------------+-------+
; Statistic                                    ; Value ;
+----------------------------------------------+-------+
; Total registers                              ; 38187 ;
; Number of registers using Synchronous Clear  ; 3225  ;
; Number of registers using Synchronous Load   ; 872   ;
; Number of registers using Asynchronous Clear ; 0     ;
; Number of registers using Asynchronous Load  ; 0     ;
; Number of registers using Clock Enable       ; 35987 ;
; Number of registers using Preset             ; 0     ;
+----------------------------------------------+-------+


+------------------------------------------------------------------------------+
; Inverted Register Statistics                                                 ;
+--------------------------------------------------------------------+---------+
; Inverted Register                                                  ; Fan out ;
+--------------------------------------------------------------------+---------+
; axi_sensor_controller:sensors|aht10_driver:aht10|i2c:aht10|sda_int ; 2       ;
; axi_sensor_controller:sensors|ds2331_driver:ds2331|i2c:rtc|sda_int ; 2       ;
; axil_bram:bram|mem[16][17]                                         ; 1       ;
; axil_bram:bram|mem[32][17]                                         ; 1       ;
; axil_bram:bram|mem[256][17]                                        ; 1       ;
; axil_bram:bram|mem[272][17]                                        ; 1       ;
; axil_bram:bram|mem[4][17]                                          ; 1       ;
; axil_bram:bram|mem[20][17]                                         ; 1       ;
; axil_bram:bram|mem[36][17]                                         ; 1       ;
; axil_bram:bram|mem[276][17]                                        ; 1       ;
; axil_bram:bram|mem[292][17]                                        ; 1       ;
; axil_bram:bram|mem[56][17]                                         ; 1       ;
; axil_bram:bram|mem[280][17]                                        ; 1       ;
; axil_bram:bram|mem[296][17]                                        ; 1       ;
; axil_bram:bram|mem[12][17]                                         ; 1       ;
; axil_bram:bram|mem[44][17]                                         ; 1       ;
; axil_bram:bram|mem[60][17]                                         ; 1       ;
; axil_bram:bram|mem[284][17]                                        ; 1       ;
; axil_bram:bram|mem[300][17]                                        ; 1       ;
; axil_bram:bram|mem[80][17]                                         ; 1       ;
; axil_bram:bram|mem[68][17]                                         ; 1       ;
; axil_bram:bram|mem[84][17]                                         ; 1       ;
; axil_bram:bram|mem[100][17]                                        ; 1       ;
; axil_bram:bram|mem[116][17]                                        ; 1       ;
; axil_bram:bram|mem[72][17]                                         ; 1       ;
; axil_bram:bram|mem[120][17]                                        ; 1       ;
; axil_bram:bram|mem[92][17]                                         ; 1       ;
; axil_bram:bram|mem[144][17]                                        ; 1       ;
; axil_bram:bram|mem[132][17]                                        ; 1       ;
; axil_bram:bram|mem[180][17]                                        ; 1       ;
; axil_bram:bram|mem[152][17]                                        ; 1       ;
; axil_bram:bram|mem[184][17]                                        ; 1       ;
; axil_bram:bram|mem[172][17]                                        ; 1       ;
; axil_bram:bram|mem[196][17]                                        ; 1       ;
; axil_bram:bram|mem[212][17]                                        ; 1       ;
; axil_bram:bram|mem[236][17]                                        ; 1       ;
; axil_bram:bram|mem[252][17]                                        ; 1       ;
; axil_bram:bram|mem[81][17]                                         ; 1       ;
; axil_bram:bram|mem[209][17]                                        ; 1       ;
; axil_bram:bram|mem[33][17]                                         ; 1       ;
; axil_bram:bram|mem[161][17]                                        ; 1       ;
; axil_bram:bram|mem[225][17]                                        ; 1       ;
; axil_bram:bram|mem[113][17]                                        ; 1       ;
; axil_bram:bram|mem[37][17]                                         ; 1       ;
; axil_bram:bram|mem[69][17]                                         ; 1       ;
; axil_bram:bram|mem[85][17]                                         ; 1       ;
; axil_bram:bram|mem[101][17]                                        ; 1       ;
; axil_bram:bram|mem[117][17]                                        ; 1       ;
; axil_bram:bram|mem[133][17]                                        ; 1       ;
; axil_bram:bram|mem[165][17]                                        ; 1       ;
; axil_bram:bram|mem[197][17]                                        ; 1       ;
; axil_bram:bram|mem[137][17]                                        ; 1       ;
; axil_bram:bram|mem[201][17]                                        ; 1       ;
; axil_bram:bram|mem[41][17]                                         ; 1       ;
; axil_bram:bram|mem[105][17]                                        ; 1       ;
; axil_bram:bram|mem[233][17]                                        ; 1       ;
; axil_bram:bram|mem[57][17]                                         ; 1       ;
; axil_bram:bram|mem[185][17]                                        ; 1       ;
; axil_bram:bram|mem[13][17]                                         ; 1       ;
; axil_bram:bram|mem[29][17]                                         ; 1       ;
; axil_bram:bram|mem[45][17]                                         ; 1       ;
; axil_bram:bram|mem[93][17]                                         ; 1       ;
; axil_bram:bram|mem[109][17]                                        ; 1       ;
; axil_bram:bram|mem[141][17]                                        ; 1       ;
; axil_bram:bram|mem[157][17]                                        ; 1       ;
; axil_bram:bram|mem[173][17]                                        ; 1       ;
; axil_bram:bram|mem[221][17]                                        ; 1       ;
; axil_bram:bram|mem[237][17]                                        ; 1       ;
; axil_bram:bram|mem[289][17]                                        ; 1       ;
; axil_bram:bram|mem[277][17]                                        ; 1       ;
; axil_bram:bram|mem[293][17]                                        ; 1       ;
; axil_bram:bram|mem[281][17]                                        ; 1       ;
; axil_bram:bram|mem[297][17]                                        ; 1       ;
; axil_bram:bram|mem[285][17]                                        ; 1       ;
; axil_bram:bram|mem[301][17]                                        ; 1       ;
; axil_bram:bram|mem[18][17]                                         ; 1       ;
; axil_bram:bram|mem[274][17]                                        ; 1       ;
; axil_bram:bram|mem[34][17]                                         ; 1       ;
; axil_bram:bram|mem[50][17]                                         ; 1       ;
; axil_bram:bram|mem[38][17]                                         ; 1       ;
; axil_bram:bram|mem[54][17]                                         ; 1       ;
; axil_bram:bram|mem[26][17]                                         ; 1       ;
; axil_bram:bram|mem[282][17]                                        ; 1       ;
; axil_bram:bram|mem[298][17]                                        ; 1       ;
; axil_bram:bram|mem[58][17]                                         ; 1       ;
; axil_bram:bram|mem[30][17]                                         ; 1       ;
; axil_bram:bram|mem[62][17]                                         ; 1       ;
; axil_bram:bram|mem[66][17]                                         ; 1       ;
; axil_bram:bram|mem[98][17]                                         ; 1       ;
; axil_bram:bram|mem[70][17]                                         ; 1       ;
; axil_bram:bram|mem[86][17]                                         ; 1       ;
; axil_bram:bram|mem[102][17]                                        ; 1       ;
; axil_bram:bram|mem[118][17]                                        ; 1       ;
; axil_bram:bram|mem[94][17]                                         ; 1       ;
; axil_bram:bram|mem[126][17]                                        ; 1       ;
; axil_bram:bram|mem[130][17]                                        ; 1       ;
; axil_bram:bram|mem[134][17]                                        ; 1       ;
; axil_bram:bram|mem[166][17]                                        ; 1       ;
; axil_bram:bram|mem[182][17]                                        ; 1       ;
; axil_bram:bram|mem[154][17]                                        ; 1       ;
; Total number of inverted registers = 4121*                         ;         ;
+--------------------------------------------------------------------+---------+
* Table truncated at 100 items. To change the number of inverted registers reported, set the "Number of Inverted Registers Reported" option under Assignments->Settings->Analysis and Synthesis Settings->More Settings


+--------------------------------------------------------------------------------------------------------------------------+
; Registers Added for RAM Pass-Through Logic                                                                               ;
+------------------------------------------------------------------+-------------------------------------------------------+
; Register Name                                                    ; RAM Name                                              ;
+------------------------------------------------------------------+-------------------------------------------------------+
; picorv32_axi:cpu|picorv32:picorv32_core|cpuregs_rtl_0_bypass[0]  ; picorv32_axi:cpu|picorv32:picorv32_core|cpuregs_rtl_0 ;
; picorv32_axi:cpu|picorv32:picorv32_core|cpuregs_rtl_0_bypass[1]  ; picorv32_axi:cpu|picorv32:picorv32_core|cpuregs_rtl_0 ;
; picorv32_axi:cpu|picorv32:picorv32_core|cpuregs_rtl_0_bypass[2]  ; picorv32_axi:cpu|picorv32:picorv32_core|cpuregs_rtl_0 ;
; picorv32_axi:cpu|picorv32:picorv32_core|cpuregs_rtl_0_bypass[3]  ; picorv32_axi:cpu|picorv32:picorv32_core|cpuregs_rtl_0 ;
; picorv32_axi:cpu|picorv32:picorv32_core|cpuregs_rtl_0_bypass[4]  ; picorv32_axi:cpu|picorv32:picorv32_core|cpuregs_rtl_0 ;
; picorv32_axi:cpu|picorv32:picorv32_core|cpuregs_rtl_0_bypass[5]  ; picorv32_axi:cpu|picorv32:picorv32_core|cpuregs_rtl_0 ;
; picorv32_axi:cpu|picorv32:picorv32_core|cpuregs_rtl_0_bypass[6]  ; picorv32_axi:cpu|picorv32:picorv32_core|cpuregs_rtl_0 ;
; picorv32_axi:cpu|picorv32:picorv32_core|cpuregs_rtl_0_bypass[7]  ; picorv32_axi:cpu|picorv32:picorv32_core|cpuregs_rtl_0 ;
; picorv32_axi:cpu|picorv32:picorv32_core|cpuregs_rtl_0_bypass[8]  ; picorv32_axi:cpu|picorv32:picorv32_core|cpuregs_rtl_0 ;
; picorv32_axi:cpu|picorv32:picorv32_core|cpuregs_rtl_0_bypass[9]  ; picorv32_axi:cpu|picorv32:picorv32_core|cpuregs_rtl_0 ;
; picorv32_axi:cpu|picorv32:picorv32_core|cpuregs_rtl_0_bypass[10] ; picorv32_axi:cpu|picorv32:picorv32_core|cpuregs_rtl_0 ;
; picorv32_axi:cpu|picorv32:picorv32_core|cpuregs_rtl_0_bypass[11] ; picorv32_axi:cpu|picorv32:picorv32_core|cpuregs_rtl_0 ;
; picorv32_axi:cpu|picorv32:picorv32_core|cpuregs_rtl_0_bypass[12] ; picorv32_axi:cpu|picorv32:picorv32_core|cpuregs_rtl_0 ;
; picorv32_axi:cpu|picorv32:picorv32_core|cpuregs_rtl_0_bypass[13] ; picorv32_axi:cpu|picorv32:picorv32_core|cpuregs_rtl_0 ;
; picorv32_axi:cpu|picorv32:picorv32_core|cpuregs_rtl_0_bypass[14] ; picorv32_axi:cpu|picorv32:picorv32_core|cpuregs_rtl_0 ;
; picorv32_axi:cpu|picorv32:picorv32_core|cpuregs_rtl_0_bypass[15] ; picorv32_axi:cpu|picorv32:picorv32_core|cpuregs_rtl_0 ;
; picorv32_axi:cpu|picorv32:picorv32_core|cpuregs_rtl_0_bypass[16] ; picorv32_axi:cpu|picorv32:picorv32_core|cpuregs_rtl_0 ;
; picorv32_axi:cpu|picorv32:picorv32_core|cpuregs_rtl_0_bypass[17] ; picorv32_axi:cpu|picorv32:picorv32_core|cpuregs_rtl_0 ;
; picorv32_axi:cpu|picorv32:picorv32_core|cpuregs_rtl_0_bypass[18] ; picorv32_axi:cpu|picorv32:picorv32_core|cpuregs_rtl_0 ;
; picorv32_axi:cpu|picorv32:picorv32_core|cpuregs_rtl_0_bypass[19] ; picorv32_axi:cpu|picorv32:picorv32_core|cpuregs_rtl_0 ;
; picorv32_axi:cpu|picorv32:picorv32_core|cpuregs_rtl_0_bypass[20] ; picorv32_axi:cpu|picorv32:picorv32_core|cpuregs_rtl_0 ;
; picorv32_axi:cpu|picorv32:picorv32_core|cpuregs_rtl_0_bypass[21] ; picorv32_axi:cpu|picorv32:picorv32_core|cpuregs_rtl_0 ;
; picorv32_axi:cpu|picorv32:picorv32_core|cpuregs_rtl_0_bypass[22] ; picorv32_axi:cpu|picorv32:picorv32_core|cpuregs_rtl_0 ;
; picorv32_axi:cpu|picorv32:picorv32_core|cpuregs_rtl_0_bypass[23] ; picorv32_axi:cpu|picorv32:picorv32_core|cpuregs_rtl_0 ;
; picorv32_axi:cpu|picorv32:picorv32_core|cpuregs_rtl_0_bypass[24] ; picorv32_axi:cpu|picorv32:picorv32_core|cpuregs_rtl_0 ;
; picorv32_axi:cpu|picorv32:picorv32_core|cpuregs_rtl_0_bypass[25] ; picorv32_axi:cpu|picorv32:picorv32_core|cpuregs_rtl_0 ;
; picorv32_axi:cpu|picorv32:picorv32_core|cpuregs_rtl_0_bypass[26] ; picorv32_axi:cpu|picorv32:picorv32_core|cpuregs_rtl_0 ;
; picorv32_axi:cpu|picorv32:picorv32_core|cpuregs_rtl_0_bypass[27] ; picorv32_axi:cpu|picorv32:picorv32_core|cpuregs_rtl_0 ;
; picorv32_axi:cpu|picorv32:picorv32_core|cpuregs_rtl_0_bypass[28] ; picorv32_axi:cpu|picorv32:picorv32_core|cpuregs_rtl_0 ;
; picorv32_axi:cpu|picorv32:picorv32_core|cpuregs_rtl_0_bypass[29] ; picorv32_axi:cpu|picorv32:picorv32_core|cpuregs_rtl_0 ;
; picorv32_axi:cpu|picorv32:picorv32_core|cpuregs_rtl_0_bypass[30] ; picorv32_axi:cpu|picorv32:picorv32_core|cpuregs_rtl_0 ;
; picorv32_axi:cpu|picorv32:picorv32_core|cpuregs_rtl_0_bypass[31] ; picorv32_axi:cpu|picorv32:picorv32_core|cpuregs_rtl_0 ;
; picorv32_axi:cpu|picorv32:picorv32_core|cpuregs_rtl_0_bypass[32] ; picorv32_axi:cpu|picorv32:picorv32_core|cpuregs_rtl_0 ;
; picorv32_axi:cpu|picorv32:picorv32_core|cpuregs_rtl_0_bypass[33] ; picorv32_axi:cpu|picorv32:picorv32_core|cpuregs_rtl_0 ;
; picorv32_axi:cpu|picorv32:picorv32_core|cpuregs_rtl_0_bypass[34] ; picorv32_axi:cpu|picorv32:picorv32_core|cpuregs_rtl_0 ;
; picorv32_axi:cpu|picorv32:picorv32_core|cpuregs_rtl_0_bypass[35] ; picorv32_axi:cpu|picorv32:picorv32_core|cpuregs_rtl_0 ;
; picorv32_axi:cpu|picorv32:picorv32_core|cpuregs_rtl_0_bypass[36] ; picorv32_axi:cpu|picorv32:picorv32_core|cpuregs_rtl_0 ;
; picorv32_axi:cpu|picorv32:picorv32_core|cpuregs_rtl_0_bypass[37] ; picorv32_axi:cpu|picorv32:picorv32_core|cpuregs_rtl_0 ;
; picorv32_axi:cpu|picorv32:picorv32_core|cpuregs_rtl_0_bypass[38] ; picorv32_axi:cpu|picorv32:picorv32_core|cpuregs_rtl_0 ;
; picorv32_axi:cpu|picorv32:picorv32_core|cpuregs_rtl_0_bypass[39] ; picorv32_axi:cpu|picorv32:picorv32_core|cpuregs_rtl_0 ;
; picorv32_axi:cpu|picorv32:picorv32_core|cpuregs_rtl_0_bypass[40] ; picorv32_axi:cpu|picorv32:picorv32_core|cpuregs_rtl_0 ;
; picorv32_axi:cpu|picorv32:picorv32_core|cpuregs_rtl_0_bypass[41] ; picorv32_axi:cpu|picorv32:picorv32_core|cpuregs_rtl_0 ;
; picorv32_axi:cpu|picorv32:picorv32_core|cpuregs_rtl_0_bypass[42] ; picorv32_axi:cpu|picorv32:picorv32_core|cpuregs_rtl_0 ;
; picorv32_axi:cpu|picorv32:picorv32_core|cpuregs_rtl_1_bypass[0]  ; picorv32_axi:cpu|picorv32:picorv32_core|cpuregs_rtl_1 ;
; picorv32_axi:cpu|picorv32:picorv32_core|cpuregs_rtl_1_bypass[1]  ; picorv32_axi:cpu|picorv32:picorv32_core|cpuregs_rtl_1 ;
; picorv32_axi:cpu|picorv32:picorv32_core|cpuregs_rtl_1_bypass[2]  ; picorv32_axi:cpu|picorv32:picorv32_core|cpuregs_rtl_1 ;
; picorv32_axi:cpu|picorv32:picorv32_core|cpuregs_rtl_1_bypass[3]  ; picorv32_axi:cpu|picorv32:picorv32_core|cpuregs_rtl_1 ;
; picorv32_axi:cpu|picorv32:picorv32_core|cpuregs_rtl_1_bypass[4]  ; picorv32_axi:cpu|picorv32:picorv32_core|cpuregs_rtl_1 ;
; picorv32_axi:cpu|picorv32:picorv32_core|cpuregs_rtl_1_bypass[5]  ; picorv32_axi:cpu|picorv32:picorv32_core|cpuregs_rtl_1 ;
; picorv32_axi:cpu|picorv32:picorv32_core|cpuregs_rtl_1_bypass[6]  ; picorv32_axi:cpu|picorv32:picorv32_core|cpuregs_rtl_1 ;
; picorv32_axi:cpu|picorv32:picorv32_core|cpuregs_rtl_1_bypass[7]  ; picorv32_axi:cpu|picorv32:picorv32_core|cpuregs_rtl_1 ;
; picorv32_axi:cpu|picorv32:picorv32_core|cpuregs_rtl_1_bypass[8]  ; picorv32_axi:cpu|picorv32:picorv32_core|cpuregs_rtl_1 ;
; picorv32_axi:cpu|picorv32:picorv32_core|cpuregs_rtl_1_bypass[9]  ; picorv32_axi:cpu|picorv32:picorv32_core|cpuregs_rtl_1 ;
; picorv32_axi:cpu|picorv32:picorv32_core|cpuregs_rtl_1_bypass[10] ; picorv32_axi:cpu|picorv32:picorv32_core|cpuregs_rtl_1 ;
; picorv32_axi:cpu|picorv32:picorv32_core|cpuregs_rtl_1_bypass[11] ; picorv32_axi:cpu|picorv32:picorv32_core|cpuregs_rtl_1 ;
; picorv32_axi:cpu|picorv32:picorv32_core|cpuregs_rtl_1_bypass[12] ; picorv32_axi:cpu|picorv32:picorv32_core|cpuregs_rtl_1 ;
; picorv32_axi:cpu|picorv32:picorv32_core|cpuregs_rtl_1_bypass[13] ; picorv32_axi:cpu|picorv32:picorv32_core|cpuregs_rtl_1 ;
; picorv32_axi:cpu|picorv32:picorv32_core|cpuregs_rtl_1_bypass[14] ; picorv32_axi:cpu|picorv32:picorv32_core|cpuregs_rtl_1 ;
; picorv32_axi:cpu|picorv32:picorv32_core|cpuregs_rtl_1_bypass[15] ; picorv32_axi:cpu|picorv32:picorv32_core|cpuregs_rtl_1 ;
; picorv32_axi:cpu|picorv32:picorv32_core|cpuregs_rtl_1_bypass[16] ; picorv32_axi:cpu|picorv32:picorv32_core|cpuregs_rtl_1 ;
; picorv32_axi:cpu|picorv32:picorv32_core|cpuregs_rtl_1_bypass[17] ; picorv32_axi:cpu|picorv32:picorv32_core|cpuregs_rtl_1 ;
; picorv32_axi:cpu|picorv32:picorv32_core|cpuregs_rtl_1_bypass[18] ; picorv32_axi:cpu|picorv32:picorv32_core|cpuregs_rtl_1 ;
; picorv32_axi:cpu|picorv32:picorv32_core|cpuregs_rtl_1_bypass[19] ; picorv32_axi:cpu|picorv32:picorv32_core|cpuregs_rtl_1 ;
; picorv32_axi:cpu|picorv32:picorv32_core|cpuregs_rtl_1_bypass[20] ; picorv32_axi:cpu|picorv32:picorv32_core|cpuregs_rtl_1 ;
; picorv32_axi:cpu|picorv32:picorv32_core|cpuregs_rtl_1_bypass[21] ; picorv32_axi:cpu|picorv32:picorv32_core|cpuregs_rtl_1 ;
; picorv32_axi:cpu|picorv32:picorv32_core|cpuregs_rtl_1_bypass[22] ; picorv32_axi:cpu|picorv32:picorv32_core|cpuregs_rtl_1 ;
; picorv32_axi:cpu|picorv32:picorv32_core|cpuregs_rtl_1_bypass[23] ; picorv32_axi:cpu|picorv32:picorv32_core|cpuregs_rtl_1 ;
; picorv32_axi:cpu|picorv32:picorv32_core|cpuregs_rtl_1_bypass[24] ; picorv32_axi:cpu|picorv32:picorv32_core|cpuregs_rtl_1 ;
; picorv32_axi:cpu|picorv32:picorv32_core|cpuregs_rtl_1_bypass[25] ; picorv32_axi:cpu|picorv32:picorv32_core|cpuregs_rtl_1 ;
; picorv32_axi:cpu|picorv32:picorv32_core|cpuregs_rtl_1_bypass[26] ; picorv32_axi:cpu|picorv32:picorv32_core|cpuregs_rtl_1 ;
; picorv32_axi:cpu|picorv32:picorv32_core|cpuregs_rtl_1_bypass[27] ; picorv32_axi:cpu|picorv32:picorv32_core|cpuregs_rtl_1 ;
; picorv32_axi:cpu|picorv32:picorv32_core|cpuregs_rtl_1_bypass[28] ; picorv32_axi:cpu|picorv32:picorv32_core|cpuregs_rtl_1 ;
; picorv32_axi:cpu|picorv32:picorv32_core|cpuregs_rtl_1_bypass[29] ; picorv32_axi:cpu|picorv32:picorv32_core|cpuregs_rtl_1 ;
; picorv32_axi:cpu|picorv32:picorv32_core|cpuregs_rtl_1_bypass[30] ; picorv32_axi:cpu|picorv32:picorv32_core|cpuregs_rtl_1 ;
; picorv32_axi:cpu|picorv32:picorv32_core|cpuregs_rtl_1_bypass[31] ; picorv32_axi:cpu|picorv32:picorv32_core|cpuregs_rtl_1 ;
; picorv32_axi:cpu|picorv32:picorv32_core|cpuregs_rtl_1_bypass[32] ; picorv32_axi:cpu|picorv32:picorv32_core|cpuregs_rtl_1 ;
; picorv32_axi:cpu|picorv32:picorv32_core|cpuregs_rtl_1_bypass[33] ; picorv32_axi:cpu|picorv32:picorv32_core|cpuregs_rtl_1 ;
; picorv32_axi:cpu|picorv32:picorv32_core|cpuregs_rtl_1_bypass[34] ; picorv32_axi:cpu|picorv32:picorv32_core|cpuregs_rtl_1 ;
; picorv32_axi:cpu|picorv32:picorv32_core|cpuregs_rtl_1_bypass[35] ; picorv32_axi:cpu|picorv32:picorv32_core|cpuregs_rtl_1 ;
; picorv32_axi:cpu|picorv32:picorv32_core|cpuregs_rtl_1_bypass[36] ; picorv32_axi:cpu|picorv32:picorv32_core|cpuregs_rtl_1 ;
; picorv32_axi:cpu|picorv32:picorv32_core|cpuregs_rtl_1_bypass[37] ; picorv32_axi:cpu|picorv32:picorv32_core|cpuregs_rtl_1 ;
; picorv32_axi:cpu|picorv32:picorv32_core|cpuregs_rtl_1_bypass[38] ; picorv32_axi:cpu|picorv32:picorv32_core|cpuregs_rtl_1 ;
; picorv32_axi:cpu|picorv32:picorv32_core|cpuregs_rtl_1_bypass[39] ; picorv32_axi:cpu|picorv32:picorv32_core|cpuregs_rtl_1 ;
; picorv32_axi:cpu|picorv32:picorv32_core|cpuregs_rtl_1_bypass[40] ; picorv32_axi:cpu|picorv32:picorv32_core|cpuregs_rtl_1 ;
; picorv32_axi:cpu|picorv32:picorv32_core|cpuregs_rtl_1_bypass[41] ; picorv32_axi:cpu|picorv32:picorv32_core|cpuregs_rtl_1 ;
; picorv32_axi:cpu|picorv32:picorv32_core|cpuregs_rtl_1_bypass[42] ; picorv32_axi:cpu|picorv32:picorv32_core|cpuregs_rtl_1 ;
+------------------------------------------------------------------+-------------------------------------------------------+


+--------------------------------------------------------------------------------------------------------------------------------------------------------------------------------------------------------------------+
; Multiplexer Restructuring Statistics (Restructuring Performed)                                                                                                                                                     ;
+--------------------+-----------+---------------+----------------------+------------------------+------------+------------------------------------------------------------------------------------------------------+
; Multiplexer Inputs ; Bus Width ; Baseline Area ; Area if Restructured ; Saving if Restructured ; Registered ; Example Multiplexer Output                                                                           ;
+--------------------+-----------+---------------+----------------------+------------------------+------------+------------------------------------------------------------------------------------------------------+
; 3:1                ; 2 bits    ; 4 LEs         ; 2 LEs                ; 2 LEs                  ; Yes        ; |MYTHRILL_SOC|picorv32_axi:cpu|picorv32:picorv32_core|reg_sh[0]                                      ;
; 3:1                ; 3 bits    ; 6 LEs         ; 6 LEs                ; 0 LEs                  ; Yes        ; |MYTHRILL_SOC|picorv32_axi:cpu|picorv32:picorv32_core|reg_sh[2]                                      ;
; 3:1                ; 4 bits    ; 8 LEs         ; 4 LEs                ; 4 LEs                  ; Yes        ; |MYTHRILL_SOC|picorv32_axi:cpu|picorv32:picorv32_core|pcpi_timeout_counter[0]                        ;
; 3:1                ; 32 bits   ; 64 LEs        ; 64 LEs               ; 0 LEs                  ; Yes        ; |MYTHRILL_SOC|picorv32_axi:cpu|picorv32:picorv32_core|picorv32_pcpi_div:pcpi_div|pcpi_rd[10]         ;
; 3:1                ; 32 bits   ; 64 LEs        ; 0 LEs                ; 64 LEs                 ; Yes        ; |MYTHRILL_SOC|axil_mlp:mlp|MLP:core|serializer:ser2|hold[126]                                        ;
; 3:1                ; 96 bits   ; 192 LEs       ; 0 LEs                ; 192 LEs                ; Yes        ; |MYTHRILL_SOC|axil_mlp:mlp|MLP:core|serializer:ser2|hold[19]                                         ;
; 3:1                ; 32 bits   ; 64 LEs        ; 0 LEs                ; 64 LEs                 ; Yes        ; |MYTHRILL_SOC|axil_mlp:mlp|MLP:core|serializer:ser1|hold[119]                                        ;
; 3:1                ; 96 bits   ; 192 LEs       ; 0 LEs                ; 192 LEs                ; Yes        ; |MYTHRILL_SOC|axil_mlp:mlp|MLP:core|serializer:ser1|hold[39]                                         ;
; 8:1                ; 32 bits   ; 160 LEs       ; 64 LEs               ; 96 LEs                 ; Yes        ; |MYTHRILL_SOC|axil_mlp:mlp|MLP:core|layer:l1|neuron:neuron_gen[3].n|myinputd[3]                      ;
; 3:1                ; 8 bits    ; 16 LEs        ; 16 LEs               ; 0 LEs                  ; Yes        ; |MYTHRILL_SOC|picorv32_axi:cpu|picorv32:picorv32_core|mem_wdata[29]                                  ;
; 3:1                ; 6 bits    ; 12 LEs        ; 12 LEs               ; 0 LEs                  ; Yes        ; |MYTHRILL_SOC|picorv32_axi:cpu|picorv32:picorv32_core|decoded_imm[5]                                 ;
; 3:1                ; 19 bits   ; 38 LEs        ; 38 LEs               ; 0 LEs                  ; Yes        ; |MYTHRILL_SOC|picorv32_axi:cpu|picorv32:picorv32_core|decoded_imm[17]                                ;
; 5:1                ; 4 bits    ; 12 LEs        ; 8 LEs                ; 4 LEs                  ; Yes        ; |MYTHRILL_SOC|picorv32_axi:cpu|picorv32:picorv32_core|latched_rd[0]                                  ;
; 6:1                ; 18 bits   ; 72 LEs        ; 36 LEs               ; 36 LEs                 ; Yes        ; |MYTHRILL_SOC|axil_mlp:mlp|MLP:core|layer:l3|neuron:neuron_gen[0].n|sum[1]                           ;
; 4:1                ; 4 bits    ; 8 LEs         ; 8 LEs                ; 0 LEs                  ; Yes        ; |MYTHRILL_SOC|picorv32_axi:cpu|picorv32:picorv32_core|decoded_imm[3]                                 ;
; 6:1                ; 3 bits    ; 12 LEs        ; 6 LEs                ; 6 LEs                  ; Yes        ; |MYTHRILL_SOC|axil_mlp:mlp|mlp_bridge:scaler|idx[2]                                                  ;
; 7:1                ; 46 bits   ; 184 LEs       ; 138 LEs              ; 46 LEs                 ; Yes        ; |MYTHRILL_SOC|axil_mlp:mlp|MLP:core|layer:l3|neuron:neuron_gen[0].n|sum[55]                          ;
; 6:1                ; 5 bits    ; 20 LEs        ; 10 LEs               ; 10 LEs                 ; Yes        ; |MYTHRILL_SOC|picorv32_axi:cpu|picorv32:picorv32_core|reg_op2[4]                                     ;
; 1024:1             ; 32 bits   ; 21824 LEs     ; 21824 LEs            ; 0 LEs                  ; Yes        ; |MYTHRILL_SOC|axil_bram:bram|rdata[26]                                                               ;
; 12:1               ; 12 bits   ; 96 LEs        ; 96 LEs               ; 0 LEs                  ; Yes        ; |MYTHRILL_SOC|picorv32_axi:cpu|picorv32:picorv32_core|alu_out_q[20]                                  ;
; 12:1               ; 12 bits   ; 96 LEs        ; 84 LEs               ; 12 LEs                 ; Yes        ; |MYTHRILL_SOC|picorv32_axi:cpu|picorv32:picorv32_core|alu_out_q[4]                                   ;
; 7:1                ; 27 bits   ; 108 LEs       ; 54 LEs               ; 54 LEs                 ; Yes        ; |MYTHRILL_SOC|picorv32_axi:cpu|picorv32:picorv32_core|reg_op2[5]                                     ;
; 15:1               ; 4 bits    ; 40 LEs        ; 40 LEs               ; 0 LEs                  ; Yes        ; |MYTHRILL_SOC|picorv32_axi:cpu|picorv32:picorv32_core|alu_out_q[29]                                  ;
; 15:1               ; 3 bits    ; 30 LEs        ; 30 LEs               ; 0 LEs                  ; Yes        ; |MYTHRILL_SOC|picorv32_axi:cpu|picorv32:picorv32_core|alu_out_q[1]                                   ;
; 4:1                ; 4 bits    ; 8 LEs         ; 8 LEs                ; 0 LEs                  ; No         ; |MYTHRILL_SOC|picorv32_axi:cpu|picorv32:picorv32_core|ShiftLeft1                                     ;
; 4:1                ; 4 bits    ; 8 LEs         ; 8 LEs                ; 0 LEs                  ; No         ; |MYTHRILL_SOC|picorv32_axi:cpu|picorv32:picorv32_core|ShiftLeft1                                     ;
; 4:1                ; 4 bits    ; 8 LEs         ; 8 LEs                ; 0 LEs                  ; No         ; |MYTHRILL_SOC|picorv32_axi:cpu|picorv32:picorv32_core|ShiftRight0                                    ;
; 4:1                ; 12 bits   ; 24 LEs        ; 24 LEs               ; 0 LEs                  ; No         ; |MYTHRILL_SOC|picorv32_axi:cpu|picorv32:picorv32_core|ShiftRight0                                    ;
; 4:1                ; 51 bits   ; 102 LEs       ; 102 LEs              ; 0 LEs                  ; No         ; |MYTHRILL_SOC|picorv32_axi:cpu|picorv32:picorv32_core|ShiftLeft1                                     ;
; 3:1                ; 5 bits    ; 10 LEs        ; 10 LEs               ; 0 LEs                  ; No         ; |MYTHRILL_SOC|picorv32_axi:cpu|picorv32:picorv32_core|cpuregs_rs2[3]                                 ;
; 8:1                ; 6 bits    ; 30 LEs        ; 24 LEs               ; 6 LEs                  ; No         ; |MYTHRILL_SOC|axil_mlp:mlp|mlp_bridge:scaler|Mux14                                                   ;
; 5:1                ; 4 bits    ; 12 LEs        ; 12 LEs               ; 0 LEs                  ; No         ; |MYTHRILL_SOC|axil_mlp:mlp|mlp_bridge:scaler|Mux3                                                    ;
; 7:1                ; 10 bits   ; 40 LEs        ; 40 LEs               ; 0 LEs                  ; No         ; |MYTHRILL_SOC|axil_mlp:mlp|mlp_bridge:scaler|Mux13                                                   ;
; 3:1                ; 8 bits    ; 16 LEs        ; 0 LEs                ; 16 LEs                 ; Yes        ; |MYTHRILL_SOC|axi_sensor_controller:sensors|rs485_controller:sn3000t|dbg_tx_cnt[5]                   ;
; 3:1                ; 8 bits    ; 16 LEs        ; 0 LEs                ; 16 LEs                 ; Yes        ; |MYTHRILL_SOC|axi_sensor_controller:sensors|rs485_controller:sem228a|dbg_tx_cnt[5]                   ;
; 3:1                ; 95 bits   ; 190 LEs       ; 0 LEs                ; 190 LEs                ; Yes        ; |MYTHRILL_SOC|picorv32_axi:cpu|picorv32:picorv32_core|reg_pc[28]                                     ;
; 3:1                ; 5 bits    ; 10 LEs        ; 5 LEs                ; 5 LEs                  ; Yes        ; |MYTHRILL_SOC|picorv32_axi:cpu|picorv32:picorv32_core|mem_rdata_q[16]                                ;
; 3:1                ; 23 bits   ; 46 LEs        ; 0 LEs                ; 46 LEs                 ; Yes        ; |MYTHRILL_SOC|picorv32_axi:cpu|picorv32:picorv32_core|instr_sltiu                                    ;
; 3:1                ; 62 bits   ; 124 LEs       ; 0 LEs                ; 124 LEs                ; Yes        ; |MYTHRILL_SOC|picorv32_axi:cpu|picorv32:picorv32_core|picorv32_pcpi_div:pcpi_div|divisor[12]         ;
; 3:1                ; 40 bits   ; 80 LEs        ; 0 LEs                ; 80 LEs                 ; Yes        ; |MYTHRILL_SOC|axi_sensor_controller:sensors|aht10_driver:aht10|temp[16]                              ;
; 3:1                ; 13 bits   ; 26 LEs        ; 0 LEs                ; 26 LEs                 ; Yes        ; |MYTHRILL_SOC|axi_sensor_controller:sensors|rs485_controller:sem228a|uart:rs485|count_baudrate[12]   ;
; 3:1                ; 9 bits    ; 18 LEs        ; 0 LEs                ; 18 LEs                 ; Yes        ; |MYTHRILL_SOC|axi_sensor_controller:sensors|rs485_controller:sem228a|uart:rs485|count_baudrate_ov[4] ;
; 3:1                ; 8 bits    ; 16 LEs        ; 0 LEs                ; 16 LEs                 ; Yes        ; |MYTHRILL_SOC|axil_uart:debug_host|uart:u_uart|count_baudrate[5]                                     ;
; 3:1                ; 4 bits    ; 8 LEs         ; 8 LEs                ; 0 LEs                  ; Yes        ; |MYTHRILL_SOC|axil_uart:debug_host|uart:u_uart|count_baudrate_ov[2]                                  ;
; 3:1                ; 8 bits    ; 16 LEs        ; 0 LEs                ; 16 LEs                 ; Yes        ; |MYTHRILL_SOC|axil_pwm:pwm|pwm:core|count[6]                                                         ;
; 3:1                ; 8 bits    ; 16 LEs        ; 0 LEs                ; 16 LEs                 ; Yes        ; |MYTHRILL_SOC|axi_sensor_controller:sensors|ds2331_driver:ds2331|hours[2]                            ;
; 3:1                ; 4 bits    ; 8 LEs         ; 8 LEs                ; 0 LEs                  ; Yes        ; |MYTHRILL_SOC|axi_sensor_controller:sensors|ds2331_driver:ds2331|i2c:rtc|scl_clk_divider.count[1]    ;
; 3:1                ; 4 bits    ; 8 LEs         ; 8 LEs                ; 0 LEs                  ; Yes        ; |MYTHRILL_SOC|axi_sensor_controller:sensors|aht10_driver:aht10|i2c:aht10|scl_clk_divider.count[0]    ;
; 3:1                ; 16 bits   ; 32 LEs        ; 0 LEs                ; 32 LEs                 ; Yes        ; |MYTHRILL_SOC|axi_sensor_controller:sensors|rs485_controller:sn3000t|data_raw[2]                     ;
; 3:1                ; 9 bits    ; 18 LEs        ; 0 LEs                ; 18 LEs                 ; Yes        ; |MYTHRILL_SOC|axi_sensor_controller:sensors|rs485_controller:sn3000t|uart:rs485|rx_data[0]           ;
; 3:1                ; 16 bits   ; 32 LEs        ; 0 LEs                ; 32 LEs                 ; Yes        ; |MYTHRILL_SOC|axi_sensor_controller:sensors|rs485_controller:sem228a|data_raw[5]                     ;
; 3:1                ; 9 bits    ; 18 LEs        ; 0 LEs                ; 18 LEs                 ; Yes        ; |MYTHRILL_SOC|axi_sensor_controller:sensors|rs485_controller:sem228a|uart:rs485|rx_data[1]           ;
; 3:1                ; 15 bits   ; 30 LEs        ; 0 LEs                ; 30 LEs                 ; Yes        ; |MYTHRILL_SOC|axi_sensor_controller:sensors|sensor_poll_timer:poll|cnt_cycle[11]                     ;
; 3:1                ; 3 bits    ; 6 LEs         ; 6 LEs                ; 0 LEs                  ; Yes        ; |MYTHRILL_SOC|axil_mlp:mlp|fidx[0]                                                                   ;
; 3:1                ; 72 bits   ; 144 LEs       ; 0 LEs                ; 144 LEs                ; Yes        ; |MYTHRILL_SOC|axil_mlp:mlp|mlp_bridge:scaler|snap[3][14]                                             ;
; 3:1                ; 8 bits    ; 16 LEs        ; 0 LEs                ; 16 LEs                 ; Yes        ; |MYTHRILL_SOC|axil_pwm:pwm|pwm:core|duty_lat[2]                                                      ;
; 3:1                ; 4 bits    ; 8 LEs         ; 4 LEs                ; 4 LEs                  ; Yes        ; |MYTHRILL_SOC|picorv32_axi:cpu|picorv32:picorv32_core|mem_wstrb[3]                                   ;
; 3:1                ; 32 bits   ; 64 LEs        ; 0 LEs                ; 64 LEs                 ; Yes        ; |MYTHRILL_SOC|axil_mlp:mlp|result[13]                                                                ;
; 3:1                ; 4 bits    ; 8 LEs         ; 4 LEs                ; 4 LEs                  ; Yes        ; |MYTHRILL_SOC|axi_sensor_controller:sensors|sensor_poll_ms[1]                                        ;
; 3:1                ; 4 bits    ; 8 LEs         ; 4 LEs                ; 4 LEs                  ; Yes        ; |MYTHRILL_SOC|axi_sensor_controller:sensors|sensor_poll_ms[5]                                        ;
; 3:1                ; 8 bits    ; 16 LEs        ; 0 LEs                ; 16 LEs                 ; Yes        ; |MYTHRILL_SOC|axi_sensor_controller:sensors|ds2331_driver:ds2331|hour_raw[5]                         ;
; 3:1                ; 8 bits    ; 16 LEs        ; 0 LEs                ; 16 LEs                 ; Yes        ; |MYTHRILL_SOC|axi_sensor_controller:sensors|aht10_driver:aht10|temp_raw[16]                          ;
; 3:1                ; 8 bits    ; 16 LEs        ; 0 LEs                ; 16 LEs                 ; Yes        ; |MYTHRILL_SOC|axi_sensor_controller:sensors|aht10_driver:aht10|hum_raw[14]                           ;
; 3:1                ; 8 bits    ; 16 LEs        ; 0 LEs                ; 16 LEs                 ; Yes        ; |MYTHRILL_SOC|axi_sensor_controller:sensors|aht10_driver:aht10|temp_raw[8]                           ;
; 3:1                ; 8 bits    ; 16 LEs        ; 0 LEs                ; 16 LEs                 ; Yes        ; |MYTHRILL_SOC|axi_sensor_controller:sensors|aht10_driver:aht10|hum_raw[5]                            ;
; 3:1                ; 8 bits    ; 16 LEs        ; 0 LEs                ; 16 LEs                 ; Yes        ; |MYTHRILL_SOC|axi_sensor_controller:sensors|aht10_driver:aht10|temp_raw[4]                           ;
; 3:1                ; 8 bits    ; 16 LEs        ; 0 LEs                ; 16 LEs                 ; Yes        ; |MYTHRILL_SOC|axi_sensor_controller:sensors|rs485_controller:sn3000t|rx_frame[0][0]                  ;
; 3:1                ; 8 bits    ; 16 LEs        ; 0 LEs                ; 16 LEs                 ; Yes        ; |MYTHRILL_SOC|axi_sensor_controller:sensors|rs485_controller:sn3000t|rx_frame[1][3]                  ;
; 3:1                ; 8 bits    ; 16 LEs        ; 0 LEs                ; 16 LEs                 ; Yes        ; |MYTHRILL_SOC|axi_sensor_controller:sensors|rs485_controller:sn3000t|rx_frame[2][2]                  ;
; 3:1                ; 8 bits    ; 16 LEs        ; 0 LEs                ; 16 LEs                 ; Yes        ; |MYTHRILL_SOC|axi_sensor_controller:sensors|rs485_controller:sn3000t|rx_frame[3][6]                  ;
; 3:1                ; 8 bits    ; 16 LEs        ; 0 LEs                ; 16 LEs                 ; Yes        ; |MYTHRILL_SOC|axi_sensor_controller:sensors|rs485_controller:sn3000t|rx_frame[4][4]                  ;
; 3:1                ; 8 bits    ; 16 LEs        ; 0 LEs                ; 16 LEs                 ; Yes        ; |MYTHRILL_SOC|axi_sensor_controller:sensors|rs485_controller:sn3000t|rx_frame[5][3]                  ;
; 3:1                ; 8 bits    ; 16 LEs        ; 0 LEs                ; 16 LEs                 ; Yes        ; |MYTHRILL_SOC|axi_sensor_controller:sensors|rs485_controller:sn3000t|rx_frame[6][1]                  ;
; 3:1                ; 8 bits    ; 16 LEs        ; 0 LEs                ; 16 LEs                 ; Yes        ; |MYTHRILL_SOC|axi_sensor_controller:sensors|rs485_controller:sem228a|rx_frame[0][7]                  ;
; 3:1                ; 8 bits    ; 16 LEs        ; 0 LEs                ; 16 LEs                 ; Yes        ; |MYTHRILL_SOC|axi_sensor_controller:sensors|rs485_controller:sem228a|rx_frame[1][2]                  ;
; 3:1                ; 8 bits    ; 16 LEs        ; 0 LEs                ; 16 LEs                 ; Yes        ; |MYTHRILL_SOC|axi_sensor_controller:sensors|rs485_controller:sem228a|rx_frame[2][0]                  ;
; 3:1                ; 8 bits    ; 16 LEs        ; 0 LEs                ; 16 LEs                 ; Yes        ; |MYTHRILL_SOC|axi_sensor_controller:sensors|rs485_controller:sem228a|rx_frame[3][5]                  ;
; 3:1                ; 8 bits    ; 16 LEs        ; 0 LEs                ; 16 LEs                 ; Yes        ; |MYTHRILL_SOC|axi_sensor_controller:sensors|rs485_controller:sem228a|rx_frame[4][6]                  ;
; 3:1                ; 8 bits    ; 16 LEs        ; 0 LEs                ; 16 LEs                 ; Yes        ; |MYTHRILL_SOC|axi_sensor_controller:sensors|rs485_controller:sem228a|rx_frame[5][4]                  ;
; 3:1                ; 8 bits    ; 16 LEs        ; 0 LEs                ; 16 LEs                 ; Yes        ; |MYTHRILL_SOC|axi_sensor_controller:sensors|rs485_controller:sem228a|rx_frame[6][5]                  ;
; 3:1                ; 8 bits    ; 16 LEs        ; 0 LEs                ; 16 LEs                 ; Yes        ; |MYTHRILL_SOC|axi_sensor_controller:sensors|sensor_poll_ms[31]                                       ;
; 3:1                ; 8 bits    ; 16 LEs        ; 0 LEs                ; 16 LEs                 ; Yes        ; |MYTHRILL_SOC|axi_sensor_controller:sensors|sensor_poll_ms[23]                                       ;
; 3:1                ; 6 bits    ; 12 LEs        ; 6 LEs                ; 6 LEs                  ; Yes        ; |MYTHRILL_SOC|axi_sensor_controller:sensors|sensor_poll_ms[15]                                       ;
; 3:1                ; 2 bits    ; 4 LEs         ; 2 LEs                ; 2 LEs                  ; Yes        ; |MYTHRILL_SOC|axi_sensor_controller:sensors|sensor_poll_ms[8]                                        ;
; 3:1                ; 8 bits    ; 16 LEs        ; 0 LEs                ; 16 LEs                 ; Yes        ; |MYTHRILL_SOC|axil_mlp:mlp|feat[2][11]                                                               ;
; 3:1                ; 32 bits   ; 64 LEs        ; 0 LEs                ; 64 LEs                 ; Yes        ; |MYTHRILL_SOC|axil_mlp:mlp|mlp_bridge:scaler|feat[0][14]                                             ;
; 3:1                ; 32 bits   ; 64 LEs        ; 0 LEs                ; 64 LEs                 ; Yes        ; |MYTHRILL_SOC|axil_mlp:mlp|mlp_bridge:scaler|feat[1][7]                                              ;
; 3:1                ; 32 bits   ; 64 LEs        ; 0 LEs                ; 64 LEs                 ; Yes        ; |MYTHRILL_SOC|axil_mlp:mlp|mlp_bridge:scaler|feat[2][0]                                              ;
; 3:1                ; 32 bits   ; 64 LEs        ; 0 LEs                ; 64 LEs                 ; Yes        ; |MYTHRILL_SOC|axil_mlp:mlp|mlp_bridge:scaler|feat[3][0]                                              ;
; 3:1                ; 32 bits   ; 64 LEs        ; 0 LEs                ; 64 LEs                 ; Yes        ; |MYTHRILL_SOC|axil_mlp:mlp|mlp_bridge:scaler|feat[4][2]                                              ;
; 3:1                ; 8 bits    ; 16 LEs        ; 0 LEs                ; 16 LEs                 ; Yes        ; |MYTHRILL_SOC|axil_mlp:mlp|interval[27]                                                              ;
; 3:1                ; 8 bits    ; 16 LEs        ; 0 LEs                ; 16 LEs                 ; Yes        ; |MYTHRILL_SOC|axil_mlp:mlp|interval[23]                                                              ;
; 3:1                ; 8 bits    ; 16 LEs        ; 0 LEs                ; 16 LEs                 ; Yes        ; |MYTHRILL_SOC|axil_mlp:mlp|interval[13]                                                              ;
; 3:1                ; 8 bits    ; 16 LEs        ; 0 LEs                ; 16 LEs                 ; Yes        ; |MYTHRILL_SOC|axil_mlp:mlp|interval[3]                                                               ;
; 3:1                ; 32 bits   ; 64 LEs        ; 0 LEs                ; 64 LEs                 ; Yes        ; |MYTHRILL_SOC|axil_mlp:mlp|int_cnt[19]                                                               ;
; 3:1                ; 8 bits    ; 16 LEs        ; 0 LEs                ; 16 LEs                 ; Yes        ; |MYTHRILL_SOC|axil_mlp:mlp|feat[2][2]                                                                ;
; 3:1                ; 8 bits    ; 16 LEs        ; 0 LEs                ; 16 LEs                 ; Yes        ; |MYTHRILL_SOC|axil_mlp:mlp|feat[3][28]                                                               ;
; 3:1                ; 8 bits    ; 16 LEs        ; 0 LEs                ; 16 LEs                 ; Yes        ; |MYTHRILL_SOC|axil_mlp:mlp|feat[3][21]                                                               ;
; 3:1                ; 8 bits    ; 16 LEs        ; 0 LEs                ; 16 LEs                 ; Yes        ; |MYTHRILL_SOC|axil_mlp:mlp|feat[3][15]                                                               ;
; 3:1                ; 8 bits    ; 16 LEs        ; 0 LEs                ; 16 LEs                 ; Yes        ; |MYTHRILL_SOC|axil_mlp:mlp|feat[3][0]                                                                ;
; 3:1                ; 8 bits    ; 16 LEs        ; 0 LEs                ; 16 LEs                 ; Yes        ; |MYTHRILL_SOC|axil_mlp:mlp|feat[4][29]                                                               ;
; 3:1                ; 8 bits    ; 16 LEs        ; 0 LEs                ; 16 LEs                 ; Yes        ; |MYTHRILL_SOC|axil_mlp:mlp|feat[4][16]                                                               ;
; 3:1                ; 8 bits    ; 16 LEs        ; 0 LEs                ; 16 LEs                 ; Yes        ; |MYTHRILL_SOC|axil_mlp:mlp|feat[4][10]                                                               ;
; 3:1                ; 8 bits    ; 16 LEs        ; 0 LEs                ; 16 LEs                 ; Yes        ; |MYTHRILL_SOC|axil_mlp:mlp|feat[4][7]                                                                ;
; 3:1                ; 8 bits    ; 16 LEs        ; 0 LEs                ; 16 LEs                 ; Yes        ; |MYTHRILL_SOC|axil_mlp:mlp|feat[0][2]                                                                ;
; 3:1                ; 8 bits    ; 16 LEs        ; 0 LEs                ; 16 LEs                 ; Yes        ; |MYTHRILL_SOC|axil_mlp:mlp|feat[1][5]                                                                ;
; 3:1                ; 8 bits    ; 16 LEs        ; 0 LEs                ; 16 LEs                 ; Yes        ; |MYTHRILL_SOC|axil_mlp:mlp|feat[2][16]                                                               ;
; 3:1                ; 8 bits    ; 16 LEs        ; 0 LEs                ; 16 LEs                 ; Yes        ; |MYTHRILL_SOC|axil_mlp:mlp|feat[2][26]                                                               ;
; 3:1                ; 8 bits    ; 16 LEs        ; 0 LEs                ; 16 LEs                 ; Yes        ; |MYTHRILL_SOC|axil_mlp:mlp|feat[1][11]                                                               ;
; 3:1                ; 8 bits    ; 16 LEs        ; 0 LEs                ; 16 LEs                 ; Yes        ; |MYTHRILL_SOC|axil_mlp:mlp|feat[1][21]                                                               ;
; 3:1                ; 8 bits    ; 16 LEs        ; 0 LEs                ; 16 LEs                 ; Yes        ; |MYTHRILL_SOC|axil_mlp:mlp|feat[1][27]                                                               ;
; 3:1                ; 8 bits    ; 16 LEs        ; 0 LEs                ; 16 LEs                 ; Yes        ; |MYTHRILL_SOC|axil_mlp:mlp|feat[0][12]                                                               ;
; 3:1                ; 8 bits    ; 16 LEs        ; 0 LEs                ; 16 LEs                 ; Yes        ; |MYTHRILL_SOC|axil_mlp:mlp|feat[0][22]                                                               ;
; 3:1                ; 8 bits    ; 16 LEs        ; 0 LEs                ; 16 LEs                 ; Yes        ; |MYTHRILL_SOC|axil_mlp:mlp|feat[0][30]                                                               ;
; 3:1                ; 9 bits    ; 18 LEs        ; 0 LEs                ; 18 LEs                 ; Yes        ; |MYTHRILL_SOC|axil_uart:debug_host|uart:u_uart|rx_data[1]                                            ;
; 3:1                ; 8 bits    ; 16 LEs        ; 0 LEs                ; 16 LEs                 ; Yes        ; |MYTHRILL_SOC|axil_pwm:pwm|duty_reg[5]                                                               ;
; 3:1                ; 8 bits    ; 16 LEs        ; 0 LEs                ; 16 LEs                 ; Yes        ; |MYTHRILL_SOC|axi_sensor_controller:sensors|ds2331_driver:ds2331|i2c:rtc|data_rd[7]                  ;
; 3:1                ; 8 bits    ; 16 LEs        ; 0 LEs                ; 16 LEs                 ; Yes        ; |MYTHRILL_SOC|axi_sensor_controller:sensors|aht10_driver:aht10|i2c:aht10|data_rd[3]                  ;
; 3:1                ; 8 bits    ; 16 LEs        ; 0 LEs                ; 16 LEs                 ; Yes        ; |MYTHRILL_SOC|axil_uart:debug_host|tx_data[5]                                                        ;
; 3:1                ; 2 bits    ; 4 LEs         ; 2 LEs                ; 2 LEs                  ; Yes        ; |MYTHRILL_SOC|axi_sensor_controller:sensors|rs485_controller:sem228a|current_byte[2]                 ;
; 3:1                ; 2 bits    ; 4 LEs         ; 2 LEs                ; 2 LEs                  ; Yes        ; |MYTHRILL_SOC|axi_sensor_controller:sensors|rs485_controller:sn3000t|current_byte[2]                 ;
; 3:1                ; 33 bits   ; 66 LEs        ; 0 LEs                ; 66 LEs                 ; Yes        ; |MYTHRILL_SOC|axil_mlp:mlp|MLP:core|serializer:ser2|count[2]                                         ;
; 3:1                ; 33 bits   ; 66 LEs        ; 0 LEs                ; 66 LEs                 ; Yes        ; |MYTHRILL_SOC|axil_mlp:mlp|MLP:core|serializer:ser1|count[12]                                        ;
; 4:1                ; 31 bits   ; 62 LEs        ; 0 LEs                ; 62 LEs                 ; Yes        ; |MYTHRILL_SOC|picorv32_axi:cpu|picorv32:picorv32_core|reg_next_pc[15]                                ;
; 4:1                ; 31 bits   ; 62 LEs        ; 62 LEs               ; 0 LEs                  ; Yes        ; |MYTHRILL_SOC|picorv32_axi:cpu|picorv32:picorv32_core|picorv32_pcpi_div:pcpi_div|divisor[51]         ;
; 4:1                ; 2 bits    ; 4 LEs         ; 4 LEs                ; 0 LEs                  ; Yes        ; |MYTHRILL_SOC|axil_uart:debug_host|uart:u_uart|tx_buffer[0]                                          ;
; 4:1                ; 8 bits    ; 16 LEs        ; 16 LEs               ; 0 LEs                  ; Yes        ; |MYTHRILL_SOC|axil_uart:debug_host|uart:u_uart|tx_buffer[8]                                          ;
; 4:1                ; 5 bits    ; 10 LEs        ; 10 LEs               ; 0 LEs                  ; Yes        ; |MYTHRILL_SOC|axi_sensor_controller:sensors|rs485_controller:sem228a|uart:rs485|tx_buffer[0]         ;
; 4:1                ; 5 bits    ; 10 LEs        ; 10 LEs               ; 0 LEs                  ; Yes        ; |MYTHRILL_SOC|axi_sensor_controller:sensors|rs485_controller:sem228a|uart:rs485|tx_buffer[3]         ;
; 4:1                ; 5 bits    ; 10 LEs        ; 10 LEs               ; 0 LEs                  ; Yes        ; |MYTHRILL_SOC|axi_sensor_controller:sensors|rs485_controller:sn3000t|uart:rs485|tx_buffer[5]         ;
; 4:1                ; 5 bits    ; 10 LEs        ; 10 LEs               ; 0 LEs                  ; Yes        ; |MYTHRILL_SOC|axi_sensor_controller:sensors|rs485_controller:sn3000t|uart:rs485|tx_buffer[3]         ;
; 4:1                ; 4 bits    ; 8 LEs         ; 8 LEs                ; 0 LEs                  ; Yes        ; |MYTHRILL_SOC|axi_sensor_controller:sensors|rs485_controller:sn3000t|uart:rs485|rx_count[0]          ;
; 4:1                ; 4 bits    ; 8 LEs         ; 8 LEs                ; 0 LEs                  ; Yes        ; |MYTHRILL_SOC|axi_sensor_controller:sensors|rs485_controller:sn3000t|uart:rs485|tx_bit_count[2]      ;
; 4:1                ; 4 bits    ; 8 LEs         ; 8 LEs                ; 0 LEs                  ; Yes        ; |MYTHRILL_SOC|axi_sensor_controller:sensors|rs485_controller:sem228a|uart:rs485|rx_count[3]          ;
; 4:1                ; 4 bits    ; 8 LEs         ; 8 LEs                ; 0 LEs                  ; Yes        ; |MYTHRILL_SOC|axi_sensor_controller:sensors|rs485_controller:sem228a|uart:rs485|tx_bit_count[0]      ;
; 4:1                ; 160 bits  ; 320 LEs       ; 0 LEs                ; 320 LEs                ; Yes        ; |MYTHRILL_SOC|axil_mlp:mlp|snap[4][18]                                                               ;
; 4:1                ; 2 bits    ; 4 LEs         ; 4 LEs                ; 0 LEs                  ; Yes        ; |MYTHRILL_SOC|axil_mlp:mlp|busy                                                                      ;
; 4:1                ; 5 bits    ; 10 LEs        ; 10 LEs               ; 0 LEs                  ; Yes        ; |MYTHRILL_SOC|axil_mlp:mlp|mlp_bridge:scaler|snap[1][1]                                              ;
; 4:1                ; 4 bits    ; 8 LEs         ; 8 LEs                ; 0 LEs                  ; Yes        ; |MYTHRILL_SOC|axil_uart:debug_host|uart:u_uart|tx_bit_count[0]                                       ;
; 4:1                ; 4 bits    ; 8 LEs         ; 8 LEs                ; 0 LEs                  ; Yes        ; |MYTHRILL_SOC|axil_uart:debug_host|uart:u_uart|rx_count[2]                                           ;
; 4:1                ; 7 bits    ; 14 LEs        ; 14 LEs               ; 0 LEs                  ; Yes        ; |MYTHRILL_SOC|axil_pwm:pwm|rdata[4]                                                                  ;
; 4:1                ; 32 bits   ; 64 LEs        ; 64 LEs               ; 0 LEs                  ; Yes        ; |MYTHRILL_SOC|picorv32_axi:cpu|picorv32:picorv32_core|picorv32_pcpi_div:pcpi_div|dividend[6]         ;
; 4:1                ; 8 bits    ; 16 LEs        ; 0 LEs                ; 16 LEs                 ; Yes        ; |MYTHRILL_SOC|axi_sensor_controller:sensors|rdata[29]                                                ;
; 4:1                ; 5 bits    ; 10 LEs        ; 10 LEs               ; 0 LEs                  ; Yes        ; |MYTHRILL_SOC|axil_uart:debug_host|rdata[6]                                                          ;
; 4:1                ; 9 bits    ; 18 LEs        ; 0 LEs                ; 18 LEs                 ; Yes        ; |MYTHRILL_SOC|axi_sensor_controller:sensors|rs485_controller:sn3000t|uart:rs485|rx_buffer[0]         ;
; 4:1                ; 9 bits    ; 18 LEs        ; 0 LEs                ; 18 LEs                 ; Yes        ; |MYTHRILL_SOC|axi_sensor_controller:sensors|rs485_controller:sem228a|uart:rs485|rx_buffer[7]         ;
; 4:1                ; 9 bits    ; 18 LEs        ; 0 LEs                ; 18 LEs                 ; Yes        ; |MYTHRILL_SOC|axil_uart:debug_host|uart:u_uart|rx_buffer[2]                                          ;
; 4:1                ; 32 bits   ; 64 LEs        ; 0 LEs                ; 64 LEs                 ; Yes        ; |MYTHRILL_SOC|axi_sensor_controller:sensors|sensor_poll_timer:poll|cnt_ms[12]                        ;
; 6:1                ; 2 bits    ; 8 LEs         ; 4 LEs                ; 4 LEs                  ; Yes        ; |MYTHRILL_SOC|axil_uart:debug_host|rdata[2]                                                          ;
; 5:1                ; 29 bits   ; 87 LEs        ; 0 LEs                ; 87 LEs                 ; Yes        ; |MYTHRILL_SOC|axi_sensor_controller:sensors|ds2331_driver:ds2331|i2c:rtc|bit_cnt[14]                 ;
; 5:1                ; 29 bits   ; 87 LEs        ; 0 LEs                ; 87 LEs                 ; Yes        ; |MYTHRILL_SOC|axi_sensor_controller:sensors|aht10_driver:aht10|i2c:aht10|bit_cnt[17]                 ;
; 5:1                ; 7 bits    ; 21 LEs        ; 14 LEs               ; 7 LEs                  ; Yes        ; |MYTHRILL_SOC|axi_sensor_controller:sensors|ds2331_driver:ds2331|fsm.busy_cnt[2]                     ;
; 10:1               ; 2 bits    ; 12 LEs        ; 10 LEs               ; 2 LEs                  ; Yes        ; |MYTHRILL_SOC|axi_sensor_controller:sensors|rs485_controller:sn3000t|current_byte[1]                 ;
; 10:1               ; 2 bits    ; 12 LEs        ; 10 LEs               ; 2 LEs                  ; Yes        ; |MYTHRILL_SOC|axi_sensor_controller:sensors|rs485_controller:sem228a|current_byte[0]                 ;
; 18:1               ; 4 bits    ; 48 LEs        ; 28 LEs               ; 20 LEs                 ; Yes        ; |MYTHRILL_SOC|axi_sensor_controller:sensors|rdata[23]                                                ;
; 18:1               ; 4 bits    ; 48 LEs        ; 28 LEs               ; 20 LEs                 ; Yes        ; |MYTHRILL_SOC|axi_sensor_controller:sensors|rdata[19]                                                ;
; 18:1               ; 8 bits    ; 96 LEs        ; 32 LEs               ; 64 LEs                 ; Yes        ; |MYTHRILL_SOC|axi_sensor_controller:sensors|rdata[15]                                                ;
; 18:1               ; 3 bits    ; 36 LEs        ; 24 LEs               ; 12 LEs                 ; Yes        ; |MYTHRILL_SOC|axi_sensor_controller:sensors|rdata[5]                                                 ;
; 18:1               ; 3 bits    ; 36 LEs        ; 24 LEs               ; 12 LEs                 ; Yes        ; |MYTHRILL_SOC|axi_sensor_controller:sensors|rdata[3]                                                 ;
; 18:1               ; 31 bits   ; 372 LEs       ; 248 LEs              ; 124 LEs                ; Yes        ; |MYTHRILL_SOC|axil_mlp:mlp|rdata[17]                                                                 ;
; 4:1                ; 2 bits    ; 4 LEs         ; 4 LEs                ; 0 LEs                  ; Yes        ; |MYTHRILL_SOC|picorv32_axi:cpu|picorv32:picorv32_core|mem_rdata_q[7]                                 ;
; 4:1                ; 2 bits    ; 4 LEs         ; 0 LEs                ; 4 LEs                  ; Yes        ; |MYTHRILL_SOC|picorv32_axi:cpu|picorv32:picorv32_core|mem_rdata_q[11]                                ;
; 5:1                ; 2 bits    ; 6 LEs         ; 0 LEs                ; 6 LEs                  ; Yes        ; |MYTHRILL_SOC|axi_sensor_controller:sensors|aht10_driver:aht10|i2c_addr[3]                           ;
; 6:1                ; 3 bits    ; 12 LEs        ; 6 LEs                ; 6 LEs                  ; Yes        ; |MYTHRILL_SOC|axi_sensor_controller:sensors|rs485_controller:sn3000t|rx_idx[0]                       ;
; 7:1                ; 4 bits    ; 16 LEs        ; 8 LEs                ; 8 LEs                  ; Yes        ; |MYTHRILL_SOC|axi_sensor_controller:sensors|rs485_controller:sn3000t|uart:rs485|os_count[0]          ;
; 6:1                ; 3 bits    ; 12 LEs        ; 6 LEs                ; 6 LEs                  ; Yes        ; |MYTHRILL_SOC|axi_sensor_controller:sensors|rs485_controller:sem228a|rx_idx[0]                       ;
; 7:1                ; 4 bits    ; 16 LEs        ; 8 LEs                ; 8 LEs                  ; Yes        ; |MYTHRILL_SOC|axi_sensor_controller:sensors|rs485_controller:sem228a|uart:rs485|os_count[0]          ;
; 7:1                ; 4 bits    ; 16 LEs        ; 8 LEs                ; 8 LEs                  ; Yes        ; |MYTHRILL_SOC|axil_uart:debug_host|uart:u_uart|os_count[3]                                           ;
; 6:1                ; 4 bits    ; 16 LEs        ; 8 LEs                ; 8 LEs                  ; Yes        ; |MYTHRILL_SOC|axi_sensor_controller:sensors|rs485_controller:sn3000t|tx_idx[1]                       ;
; 6:1                ; 4 bits    ; 16 LEs        ; 8 LEs                ; 8 LEs                  ; Yes        ; |MYTHRILL_SOC|axi_sensor_controller:sensors|rs485_controller:sem228a|tx_idx[3]                       ;
; 6:1                ; 7 bits    ; 28 LEs        ; 14 LEs               ; 14 LEs                 ; Yes        ; |MYTHRILL_SOC|axi_sensor_controller:sensors|rs485_controller:sn3000t|crc[15]                         ;
; 6:1                ; 7 bits    ; 28 LEs        ; 14 LEs               ; 14 LEs                 ; Yes        ; |MYTHRILL_SOC|axi_sensor_controller:sensors|rs485_controller:sem228a|crc[2]                          ;
; 6:1                ; 8 bits    ; 32 LEs        ; 0 LEs                ; 32 LEs                 ; Yes        ; |MYTHRILL_SOC|axi_sensor_controller:sensors|rs485_controller:sem228a|dbg_rx0[3]                      ;
; 6:1                ; 8 bits    ; 32 LEs        ; 0 LEs                ; 32 LEs                 ; Yes        ; |MYTHRILL_SOC|axi_sensor_controller:sensors|rs485_controller:sn3000t|dbg_rx0[3]                      ;
; 7:1                ; 8 bits    ; 32 LEs        ; 0 LEs                ; 32 LEs                 ; Yes        ; |MYTHRILL_SOC|axi_sensor_controller:sensors|aht10_driver:aht10|fsm.busy_cnt[6]                       ;
; 7:1                ; 2 bits    ; 8 LEs         ; 4 LEs                ; 4 LEs                  ; Yes        ; |MYTHRILL_SOC|axi_sensor_controller:sensors|rs485_controller:sn3000t|crc[13]                         ;
; 7:1                ; 2 bits    ; 8 LEs         ; 4 LEs                ; 4 LEs                  ; Yes        ; |MYTHRILL_SOC|axi_sensor_controller:sensors|rs485_controller:sem228a|crc[0]                          ;
; 8:1                ; 3 bits    ; 15 LEs        ; 6 LEs                ; 9 LEs                  ; Yes        ; |MYTHRILL_SOC|axi_sensor_controller:sensors|ds2331_driver:ds2331|state[0]                            ;
; 8:1                ; 23 bits   ; 115 LEs       ; 0 LEs                ; 115 LEs                ; Yes        ; |MYTHRILL_SOC|axi_sensor_controller:sensors|ds2331_driver:ds2331|fsm.counter[19]                     ;
; 11:1               ; 2 bits    ; 14 LEs        ; 4 LEs                ; 10 LEs                 ; Yes        ; |MYTHRILL_SOC|picorv32_axi:cpu|picorv32:picorv32_core|mem_state[1]                                   ;
; 9:1                ; 22 bits   ; 132 LEs       ; 0 LEs                ; 132 LEs                ; Yes        ; |MYTHRILL_SOC|axi_sensor_controller:sensors|rs485_controller:sn3000t|wait_cnt[11]                    ;
; 9:1                ; 22 bits   ; 132 LEs       ; 0 LEs                ; 132 LEs                ; Yes        ; |MYTHRILL_SOC|axi_sensor_controller:sensors|rs485_controller:sem228a|wait_cnt[17]                    ;
; 8:1                ; 2 bits    ; 10 LEs        ; 6 LEs                ; 4 LEs                  ; Yes        ; |MYTHRILL_SOC|axi_sensor_controller:sensors|aht10_driver:aht10|state[2]                              ;
; 15:1               ; 2 bits    ; 20 LEs        ; 16 LEs               ; 4 LEs                  ; Yes        ; |MYTHRILL_SOC|axi_sensor_controller:sensors|rdata[1]                                                 ;
; 9:1                ; 22 bits   ; 132 LEs       ; 0 LEs                ; 132 LEs                ; Yes        ; |MYTHRILL_SOC|axi_sensor_controller:sensors|aht10_driver:aht10|fsm.counter[4]                        ;
; 258:1              ; 2 bits    ; 344 LEs       ; 4 LEs                ; 340 LEs                ; Yes        ; |MYTHRILL_SOC|axi_sensor_controller:sensors|aht10_driver:aht10|i2c_data_wr[0]                        ;
; 14:1               ; 3 bits    ; 27 LEs        ; 18 LEs               ; 9 LEs                  ; Yes        ; |MYTHRILL_SOC|picorv32_axi:cpu|picorv32:picorv32_core|reg_op1[28]                                    ;
; 15:1               ; 3 bits    ; 30 LEs        ; 18 LEs               ; 12 LEs                 ; Yes        ; |MYTHRILL_SOC|picorv32_axi:cpu|picorv32:picorv32_core|reg_op1[1]                                     ;
; 15:1               ; 24 bits   ; 240 LEs       ; 120 LEs              ; 120 LEs                ; Yes        ; |MYTHRILL_SOC|picorv32_axi:cpu|picorv32:picorv32_core|reg_op1[21]                                    ;
; 19:1               ; 2 bits    ; 24 LEs        ; 14 LEs               ; 10 LEs                 ; Yes        ; |MYTHRILL_SOC|picorv32_axi:cpu|picorv32:picorv32_core|decoded_rd[1]                                  ;
; 11:1               ; 7 bits    ; 49 LEs        ; 63 LEs               ; -14 LEs                ; Yes        ; |MYTHRILL_SOC|picorv32_axi:cpu|picorv32:picorv32_core|reg_out[14]                                    ;
; 10:1               ; 2 bits    ; 12 LEs        ; 8 LEs                ; 4 LEs                  ; Yes        ; |MYTHRILL_SOC|picorv32_axi:cpu|picorv32:picorv32_core|mem_rdata_q[21]                                ;
; 13:1               ; 16 bits   ; 128 LEs       ; 144 LEs              ; -16 LEs                ; Yes        ; |MYTHRILL_SOC|picorv32_axi:cpu|picorv32:picorv32_core|reg_out[29]                                    ;
; 16:1               ; 7 bits    ; 70 LEs        ; 70 LEs               ; 0 LEs                  ; Yes        ; |MYTHRILL_SOC|picorv32_axi:cpu|picorv32:picorv32_core|reg_out[2]                                     ;
; 5:1                ; 3 bits    ; 9 LEs         ; 6 LEs                ; 3 LEs                  ; Yes        ; |MYTHRILL_SOC|axi_sensor_controller:sensors|ds2331_driver:ds2331|i2c:rtc|bit_cnt[1]                  ;
; 5:1                ; 3 bits    ; 9 LEs         ; 6 LEs                ; 3 LEs                  ; Yes        ; |MYTHRILL_SOC|axi_sensor_controller:sensors|aht10_driver:aht10|i2c:aht10|bit_cnt[1]                  ;
; 4:1                ; 16 bits   ; 32 LEs        ; 32 LEs               ; 0 LEs                  ; No         ; |MYTHRILL_SOC|picorv32_axi:cpu|picorv32:picorv32_core|mem_rdata_latched[16]                          ;
; 3:1                ; 3 bits    ; 6 LEs         ; 6 LEs                ; 0 LEs                  ; No         ; |MYTHRILL_SOC|picorv32_axi:cpu|picorv32:picorv32_core|cpu_state                                      ;
; 3:1                ; 4 bits    ; 8 LEs         ; 8 LEs                ; 0 LEs                  ; No         ; |MYTHRILL_SOC|picorv32_axi:cpu|picorv32:picorv32_core|Selector41                                     ;
; 5:1                ; 16 bits   ; 48 LEs        ; 48 LEs               ; 0 LEs                  ; No         ; |MYTHRILL_SOC|picorv32_axi:cpu|picorv32:picorv32_core|mem_rdata_latched[5]                           ;
; 4:1                ; 2 bits    ; 4 LEs         ; 4 LEs                ; 0 LEs                  ; No         ; |MYTHRILL_SOC|picorv32_axi:cpu|picorv32:picorv32_core|Mux71                                          ;
; 5:1                ; 2 bits    ; 6 LEs         ; 4 LEs                ; 2 LEs                  ; No         ; |MYTHRILL_SOC|axi_sensor_controller:sensors|rs485_controller:sn3000t|tx_step                         ;
; 5:1                ; 2 bits    ; 6 LEs         ; 4 LEs                ; 2 LEs                  ; No         ; |MYTHRILL_SOC|axi_sensor_controller:sensors|rs485_controller:sem228a|tx_step                         ;
; 7:1                ; 3 bits    ; 12 LEs        ; 6 LEs                ; 6 LEs                  ; No         ; |MYTHRILL_SOC|picorv32_axi:cpu|picorv32:picorv32_core|mem_wordsize                                   ;
; 15:1               ; 3 bits    ; 30 LEs        ; 12 LEs               ; 18 LEs                 ; No         ; |MYTHRILL_SOC|picorv32_axi:cpu|picorv32:picorv32_core|decoded_rs2                                    ;
; 13:1               ; 5 bits    ; 40 LEs        ; 30 LEs               ; 10 LEs                 ; No         ; |MYTHRILL_SOC|axi_sensor_controller:sensors|rs485_controller:sn3000t|state                           ;
; 13:1               ; 5 bits    ; 40 LEs        ; 30 LEs               ; 10 LEs                 ; No         ; |MYTHRILL_SOC|axi_sensor_controller:sensors|rs485_controller:sem228a|state                           ;
; 16:1               ; 2 bits    ; 20 LEs        ; 12 LEs               ; 8 LEs                  ; No         ; |MYTHRILL_SOC|picorv32_axi:cpu|picorv32:picorv32_core|cpu_state                                      ;
; 17:1               ; 4 bits    ; 44 LEs        ; 24 LEs               ; 20 LEs                 ; No         ; |MYTHRILL_SOC|picorv32_axi:cpu|picorv32:picorv32_core|cpu_state                                      ;
; 3:1                ; 2 bits    ; 4 LEs         ; 0 LEs                ; 4 LEs                  ; Yes        ; |MYTHRILL_SOC|axi_sensor_controller:sensors|ds2331_driver:ds2331|i2c:rtc|addr_rw[0]                  ;
; 3:1                ; 10 bits   ; 20 LEs        ; 0 LEs                ; 20 LEs                 ; Yes        ; |MYTHRILL_SOC|axi_sensor_controller:sensors|aht10_driver:aht10|i2c:aht10|data_tx[6]                  ;
; 3:1                ; 32 bits   ; 64 LEs        ; 32 LEs               ; 32 LEs                 ; Yes        ; |MYTHRILL_SOC|axil_mlp:mlp|MLP:core|layer:l1|neuron:neuron_gen[3].n|relu:g_relu.s1|out[4]            ;
; 3:1                ; 32 bits   ; 64 LEs        ; 32 LEs               ; 32 LEs                 ; Yes        ; |MYTHRILL_SOC|axil_mlp:mlp|MLP:core|layer:l1|neuron:neuron_gen[2].n|relu:g_relu.s1|out[5]            ;
; 3:1                ; 32 bits   ; 64 LEs        ; 32 LEs               ; 32 LEs                 ; Yes        ; |MYTHRILL_SOC|axil_mlp:mlp|MLP:core|layer:l1|neuron:neuron_gen[1].n|relu:g_relu.s1|out[14]           ;
; 3:1                ; 32 bits   ; 64 LEs        ; 32 LEs               ; 32 LEs                 ; Yes        ; |MYTHRILL_SOC|axil_mlp:mlp|MLP:core|layer:l1|neuron:neuron_gen[0].n|relu:g_relu.s1|out[17]           ;
; 6:1                ; 17 bits   ; 68 LEs        ; 17 LEs               ; 51 LEs                 ; Yes        ; |MYTHRILL_SOC|axil_mlp:mlp|MLP:core|layer:l1|neuron:neuron_gen[3].n|sum[13]                          ;
; 6:1                ; 16 bits   ; 64 LEs        ; 32 LEs               ; 32 LEs                 ; Yes        ; |MYTHRILL_SOC|axil_mlp:mlp|MLP:core|layer:l1|neuron:neuron_gen[2].n|sum[11]                          ;
; 6:1                ; 16 bits   ; 64 LEs        ; 32 LEs               ; 32 LEs                 ; Yes        ; |MYTHRILL_SOC|axil_mlp:mlp|MLP:core|layer:l1|neuron:neuron_gen[1].n|sum[3]                           ;
; 6:1                ; 16 bits   ; 64 LEs        ; 16 LEs               ; 48 LEs                 ; Yes        ; |MYTHRILL_SOC|axil_mlp:mlp|MLP:core|layer:l1|neuron:neuron_gen[0].n|sum[14]                          ;
; 6:1                ; 4 bits    ; 16 LEs        ; 8 LEs                ; 8 LEs                  ; Yes        ; |MYTHRILL_SOC|axi_sensor_controller:sensors|rs485_controller:sn3000t|dbg_rx_cnt[0]                   ;
; 6:1                ; 4 bits    ; 16 LEs        ; 8 LEs                ; 8 LEs                  ; Yes        ; |MYTHRILL_SOC|axi_sensor_controller:sensors|rs485_controller:sem228a|dbg_rx_cnt[3]                   ;
; 7:1                ; 47 bits   ; 188 LEs       ; 141 LEs              ; 47 LEs                 ; Yes        ; |MYTHRILL_SOC|axil_mlp:mlp|MLP:core|layer:l1|neuron:neuron_gen[3].n|sum[29]                          ;
; 7:1                ; 48 bits   ; 192 LEs       ; 144 LEs              ; 48 LEs                 ; Yes        ; |MYTHRILL_SOC|axil_mlp:mlp|MLP:core|layer:l1|neuron:neuron_gen[2].n|sum[62]                          ;
; 7:1                ; 48 bits   ; 192 LEs       ; 144 LEs              ; 48 LEs                 ; Yes        ; |MYTHRILL_SOC|axil_mlp:mlp|MLP:core|layer:l1|neuron:neuron_gen[1].n|sum[16]                          ;
; 7:1                ; 48 bits   ; 192 LEs       ; 144 LEs              ; 48 LEs                 ; Yes        ; |MYTHRILL_SOC|axil_mlp:mlp|MLP:core|layer:l1|neuron:neuron_gen[0].n|sum[39]                          ;
; 3:1                ; 32 bits   ; 64 LEs        ; 32 LEs               ; 32 LEs                 ; Yes        ; |MYTHRILL_SOC|axil_mlp:mlp|MLP:core|layer:l2|neuron:neuron_gen[3].n|relu:g_relu.s1|out[18]           ;
; 3:1                ; 32 bits   ; 64 LEs        ; 32 LEs               ; 32 LEs                 ; Yes        ; |MYTHRILL_SOC|axil_mlp:mlp|MLP:core|layer:l2|neuron:neuron_gen[2].n|relu:g_relu.s1|out[24]           ;
; 3:1                ; 32 bits   ; 64 LEs        ; 32 LEs               ; 32 LEs                 ; Yes        ; |MYTHRILL_SOC|axil_mlp:mlp|MLP:core|layer:l2|neuron:neuron_gen[1].n|relu:g_relu.s1|out[23]           ;
; 3:1                ; 32 bits   ; 64 LEs        ; 32 LEs               ; 32 LEs                 ; Yes        ; |MYTHRILL_SOC|axil_mlp:mlp|MLP:core|layer:l2|neuron:neuron_gen[0].n|relu:g_relu.s1|out[23]           ;
; 6:1                ; 17 bits   ; 68 LEs        ; 17 LEs               ; 51 LEs                 ; Yes        ; |MYTHRILL_SOC|axil_mlp:mlp|MLP:core|layer:l2|neuron:neuron_gen[3].n|sum[5]                           ;
; 6:1                ; 16 bits   ; 64 LEs        ; 16 LEs               ; 48 LEs                 ; Yes        ; |MYTHRILL_SOC|axil_mlp:mlp|MLP:core|layer:l2|neuron:neuron_gen[2].n|sum[9]                           ;
; 6:1                ; 16 bits   ; 64 LEs        ; 16 LEs               ; 48 LEs                 ; Yes        ; |MYTHRILL_SOC|axil_mlp:mlp|MLP:core|layer:l2|neuron:neuron_gen[1].n|sum[14]                          ;
; 6:1                ; 16 bits   ; 64 LEs        ; 16 LEs               ; 48 LEs                 ; Yes        ; |MYTHRILL_SOC|axil_mlp:mlp|MLP:core|layer:l2|neuron:neuron_gen[0].n|sum[14]                          ;
; 7:1                ; 47 bits   ; 188 LEs       ; 141 LEs              ; 47 LEs                 ; Yes        ; |MYTHRILL_SOC|axil_mlp:mlp|MLP:core|layer:l2|neuron:neuron_gen[3].n|sum[56]                          ;
; 7:1                ; 48 bits   ; 192 LEs       ; 144 LEs              ; 48 LEs                 ; Yes        ; |MYTHRILL_SOC|axil_mlp:mlp|MLP:core|layer:l2|neuron:neuron_gen[2].n|sum[53]                          ;
; 7:1                ; 48 bits   ; 192 LEs       ; 144 LEs              ; 48 LEs                 ; Yes        ; |MYTHRILL_SOC|axil_mlp:mlp|MLP:core|layer:l2|neuron:neuron_gen[1].n|sum[42]                          ;
; 7:1                ; 48 bits   ; 192 LEs       ; 144 LEs              ; 48 LEs                 ; Yes        ; |MYTHRILL_SOC|axil_mlp:mlp|MLP:core|layer:l2|neuron:neuron_gen[0].n|sum[53]                          ;
+--------------------+-----------+---------------+----------------------+------------------------+------------+------------------------------------------------------------------------------------------------------+


+------------------------------------------------------------------------------------------------------------------------+
; Source assignments for picorv32_axi:cpu|picorv32:picorv32_core|altsyncram:cpuregs_rtl_0|altsyncram_d2k1:auto_generated ;
+---------------------------------+--------------------+------+----------------------------------------------------------+
; Assignment                      ; Value              ; From ; To                                                       ;
+---------------------------------+--------------------+------+----------------------------------------------------------+
; OPTIMIZE_POWER_DURING_SYNTHESIS ; NORMAL_COMPILATION ; -    ; -                                                        ;
+---------------------------------+--------------------+------+----------------------------------------------------------+


+------------------------------------------------------------------------------------------------------------------------+
; Source assignments for picorv32_axi:cpu|picorv32:picorv32_core|altsyncram:cpuregs_rtl_1|altsyncram_d2k1:auto_generated ;
+---------------------------------+--------------------+------+----------------------------------------------------------+
; Assignment                      ; Value              ; From ; To                                                       ;
+---------------------------------+--------------------+------+----------------------------------------------------------+
; OPTIMIZE_POWER_DURING_SYNTHESIS ; NORMAL_COMPILATION ; -    ; -                                                        ;
+---------------------------------+--------------------+------+----------------------------------------------------------+


+------------------------------------------------------------------------------+
; Parameter Settings for User Entity Instance: Top-level Entity: |MYTHRILL_SOC ;
+----------------+----------+--------------------------------------------------+
; Parameter Name ; Value    ; Type                                             ;
+----------------+----------+--------------------------------------------------+
; GPIO_W         ; 1        ; Signed Integer                                   ;
; CLK_FREQ       ; 27000000 ; Signed Integer                                   ;
; UART_BAUD      ; 115200   ; Signed Integer                                   ;
+----------------+----------+--------------------------------------------------+
Note: In order to hide this table in the UI and the text report file, please set the "Show Parameter Settings in Synthesis Report" option in "Analysis and Synthesis Settings -> More Settings" to "Off".


+----------------------------------------------------------------+
; Parameter Settings for User Entity Instance: reset_top:rst_top ;
+-------------------+-------+------------------------------------+
; Parameter Name    ; Value ; Type                               ;
+-------------------+-------+------------------------------------+
; CLOCK_CYCLE_RESET ; 256   ; Signed Integer                     ;
+-------------------+-------+------------------------------------+
Note: In order to hide this table in the UI and the text report file, please set the "Show Parameter Settings in Synthesis Report" option in "Analysis and Synthesis Settings -> More Settings" to "Off".


+---------------------------------------------------------------------------+
; Parameter Settings for User Entity Instance: picorv32_axi:cpu             ;
+----------------------+----------------------------------+-----------------+
; Parameter Name       ; Value                            ; Type            ;
+----------------------+----------------------------------+-----------------+
; ENABLE_COUNTERS      ; 1                                ; Signed Integer  ;
; ENABLE_COUNTERS64    ; 1                                ; Unsigned Binary ;
; ENABLE_REGS_16_31    ; 1                                ; Unsigned Binary ;
; ENABLE_REGS_DUALPORT ; 1                                ; Unsigned Binary ;
; TWO_STAGE_SHIFT      ; 1                                ; Unsigned Binary ;
; BARREL_SHIFTER       ; 1                                ; Signed Integer  ;
; TWO_CYCLE_COMPARE    ; 0                                ; Unsigned Binary ;
; TWO_CYCLE_ALU        ; 0                                ; Unsigned Binary ;
; COMPRESSED_ISA       ; 1                                ; Signed Integer  ;
; CATCH_MISALIGN       ; 1                                ; Unsigned Binary ;
; CATCH_ILLINSN        ; 1                                ; Unsigned Binary ;
; ENABLE_PCPI          ; 0                                ; Unsigned Binary ;
; ENABLE_MUL           ; 1                                ; Signed Integer  ;
; ENABLE_FAST_MUL      ; 0                                ; Unsigned Binary ;
; ENABLE_DIV           ; 1                                ; Signed Integer  ;
; ENABLE_IRQ           ; 0                                ; Unsigned Binary ;
; ENABLE_IRQ_QREGS     ; 1                                ; Unsigned Binary ;
; ENABLE_IRQ_TIMER     ; 1                                ; Unsigned Binary ;
; ENABLE_TRACE         ; 0                                ; Unsigned Binary ;
; REGS_INIT_ZERO       ; 0                                ; Unsigned Binary ;
; MASKED_IRQ           ; 00000000000000000000000000000000 ; Unsigned Binary ;
; LATCHED_IRQ          ; 11111111111111111111111111111111 ; Unsigned Binary ;
; PROGADDR_RESET       ; 00000000000000000000000000000000 ; Unsigned Binary ;
; PROGADDR_IRQ         ; 00000000000000000000000000010000 ; Unsigned Binary ;
; STACKADDR            ; 00000000000000000001000000000000 ; Unsigned Binary ;
+----------------------+----------------------------------+-----------------+
Note: In order to hide this table in the UI and the text report file, please set the "Show Parameter Settings in Synthesis Report" option in "Analysis and Synthesis Settings -> More Settings" to "Off".


+--------------------------------------------------------------------------------------+
; Parameter Settings for User Entity Instance: picorv32_axi:cpu|picorv32:picorv32_core ;
+----------------------+----------------------------------+----------------------------+
; Parameter Name       ; Value                            ; Type                       ;
+----------------------+----------------------------------+----------------------------+
; ENABLE_COUNTERS      ; 1                                ; Unsigned Binary            ;
; ENABLE_COUNTERS64    ; 1                                ; Unsigned Binary            ;
; ENABLE_REGS_16_31    ; 1                                ; Unsigned Binary            ;
; ENABLE_REGS_DUALPORT ; 1                                ; Unsigned Binary            ;
; LATCHED_MEM_RDATA    ; 0                                ; Unsigned Binary            ;
; TWO_STAGE_SHIFT      ; 1                                ; Unsigned Binary            ;
; BARREL_SHIFTER       ; 1                                ; Unsigned Binary            ;
; TWO_CYCLE_COMPARE    ; 0                                ; Unsigned Binary            ;
; TWO_CYCLE_ALU        ; 0                                ; Unsigned Binary            ;
; COMPRESSED_ISA       ; 1                                ; Unsigned Binary            ;
; CATCH_MISALIGN       ; 1                                ; Unsigned Binary            ;
; CATCH_ILLINSN        ; 1                                ; Unsigned Binary            ;
; ENABLE_PCPI          ; 0                                ; Unsigned Binary            ;
; ENABLE_MUL           ; 1                                ; Unsigned Binary            ;
; ENABLE_FAST_MUL      ; 0                                ; Unsigned Binary            ;
; ENABLE_DIV           ; 1                                ; Unsigned Binary            ;
; ENABLE_IRQ           ; 0                                ; Unsigned Binary            ;
; ENABLE_IRQ_QREGS     ; 1                                ; Unsigned Binary            ;
; ENABLE_IRQ_TIMER     ; 1                                ; Unsigned Binary            ;
; ENABLE_TRACE         ; 0                                ; Unsigned Binary            ;
; REGS_INIT_ZERO       ; 0                                ; Unsigned Binary            ;
; MASKED_IRQ           ; 00000000000000000000000000000000 ; Unsigned Binary            ;
; LATCHED_IRQ          ; 11111111111111111111111111111111 ; Unsigned Binary            ;
; PROGADDR_RESET       ; 00000000000000000000000000000000 ; Unsigned Binary            ;
; PROGADDR_IRQ         ; 00000000000000000000000000010000 ; Unsigned Binary            ;
; STACKADDR            ; 00000000000000000001000000000000 ; Unsigned Binary            ;
+----------------------+----------------------------------+----------------------------+
Note: In order to hide this table in the UI and the text report file, please set the "Show Parameter Settings in Synthesis Report" option in "Analysis and Synthesis Settings -> More Settings" to "Off".


+-----------------------------------------------------------------------------------------------------------------+
; Parameter Settings for User Entity Instance: picorv32_axi:cpu|picorv32:picorv32_core|picorv32_pcpi_mul:pcpi_mul ;
+----------------+-------+----------------------------------------------------------------------------------------+
; Parameter Name ; Value ; Type                                                                                   ;
+----------------+-------+----------------------------------------------------------------------------------------+
; STEPS_AT_ONCE  ; 1     ; Signed Integer                                                                         ;
; CARRY_CHAIN    ; 4     ; Signed Integer                                                                         ;
+----------------+-------+----------------------------------------------------------------------------------------+
Note: In order to hide this table in the UI and the text report file, please set the "Show Parameter Settings in Synthesis Report" option in "Analysis and Synthesis Settings -> More Settings" to "Off".


+---------------------------------------------------------------------+
; Parameter Settings for User Entity Instance: axil_interconnect:xbar ;
+----------------+-------+--------------------------------------------+
; Parameter Name ; Value ; Type                                       ;
+----------------+-------+--------------------------------------------+
; N              ; 6     ; Signed Integer                             ;
+----------------+-------+--------------------------------------------+
Note: In order to hide this table in the UI and the text report file, please set the "Show Parameter Settings in Synthesis Report" option in "Analysis and Synthesis Settings -> More Settings" to "Off".


+-------------------------------------------------------------+
; Parameter Settings for User Entity Instance: axil_bram:bram ;
+----------------+--------------+-----------------------------+
; Parameter Name ; Value        ; Type                        ;
+----------------+--------------+-----------------------------+
; WORDS          ; 1024         ; Signed Integer              ;
; INIT           ; firmware.hex ; String                      ;
+----------------+--------------+-----------------------------+
Note: In order to hide this table in the UI and the text report file, please set the "Show Parameter Settings in Synthesis Report" option in "Analysis and Synthesis Settings -> More Settings" to "Off".


+-------------------------------------------------------------+
; Parameter Settings for User Entity Instance: axil_gpio:gpio ;
+----------------+-------+------------------------------------+
; Parameter Name ; Value ; Type                               ;
+----------------+-------+------------------------------------+
; GPIO_W         ; 1     ; Signed Integer                     ;
+----------------+-------+------------------------------------+
Note: In order to hide this table in the UI and the text report file, please set the "Show Parameter Settings in Synthesis Report" option in "Analysis and Synthesis Settings -> More Settings" to "Off".


+-----------------------------------------------------------+
; Parameter Settings for User Entity Instance: axil_pwm:pwm ;
+----------------+----------+-------------------------------+
; Parameter Name ; Value    ; Type                          ;
+----------------+----------+-------------------------------+
; CLK_FREQ       ; 27000000 ; Signed Integer                ;
; PWM_FREQ       ; 50       ; Signed Integer                ;
; PWM_RES        ; 8        ; Signed Integer                ;
+----------------+----------+-------------------------------+
Note: In order to hide this table in the UI and the text report file, please set the "Show Parameter Settings in Synthesis Report" option in "Analysis and Synthesis Settings -> More Settings" to "Off".


+--------------------------------------------------------------------+
; Parameter Settings for User Entity Instance: axil_pwm:pwm|pwm:core ;
+----------------+----------+----------------------------------------+
; Parameter Name ; Value    ; Type                                   ;
+----------------+----------+----------------------------------------+
; CLK_FREQ       ; 27000000 ; Signed Integer                         ;
; PWM_FREQ       ; 50       ; Signed Integer                         ;
; PWM_RES        ; 8        ; Signed Integer                         ;
+----------------+----------+----------------------------------------+
Note: In order to hide this table in the UI and the text report file, please set the "Show Parameter Settings in Synthesis Report" option in "Analysis and Synthesis Settings -> More Settings" to "Off".


+-------------------------------------------------------------------+
; Parameter Settings for User Entity Instance: axil_uart:debug_host ;
+----------------+----------+---------------------------------------+
; Parameter Name ; Value    ; Type                                  ;
+----------------+----------+---------------------------------------+
; BAUD_RATE      ; 115200   ; Signed Integer                        ;
; CLK_FREQ       ; 27000000 ; Signed Integer                        ;
; DATA_LENGHT    ; 8        ; Signed Integer                        ;
; OVERSAMPLING   ; 16       ; Signed Integer                        ;
; PARITY_EN      ; 0        ; Unsigned Binary                       ;
; PARITY_EO      ; 1        ; Unsigned Binary                       ;
+----------------+----------+---------------------------------------+
Note: In order to hide this table in the UI and the text report file, please set the "Show Parameter Settings in Synthesis Report" option in "Analysis and Synthesis Settings -> More Settings" to "Off".


+-------------------------------------------------------------------------------+
; Parameter Settings for User Entity Instance: axil_uart:debug_host|uart:u_uart ;
+----------------+----------+---------------------------------------------------+
; Parameter Name ; Value    ; Type                                              ;
+----------------+----------+---------------------------------------------------+
; BAUD_RATE      ; 115200   ; Signed Integer                                    ;
; CLK_FREQ       ; 27000000 ; Signed Integer                                    ;
; DATA_LENGHT    ; 8        ; Signed Integer                                    ;
; OVERSAMPLING   ; 16       ; Signed Integer                                    ;
; PARITY_EN      ; 0        ; Unsigned Binary                                   ;
; PARITY_EO      ; 1        ; Unsigned Binary                                   ;
+----------------+----------+---------------------------------------------------+
Note: In order to hide this table in the UI and the text report file, please set the "Show Parameter Settings in Synthesis Report" option in "Analysis and Synthesis Settings -> More Settings" to "Off".


+-----------------------------------------------------------+
; Parameter Settings for User Entity Instance: axil_mlp:mlp ;
+----------------+------------+-----------------------------+
; Parameter Name ; Value      ; Type                        ;
+----------------+------------+-----------------------------+
; AFRAC          ; 30         ; Signed Integer              ;
; A_HOUR         ; 1073741824 ; Signed Integer              ;
; B_HOUR         ; 0          ; Signed Integer              ;
; A_TEMP         ; 204800     ; Signed Integer              ;
; B_TEMP         ; -3276800   ; Signed Integer              ;
; A_HUM          ; 102400     ; Signed Integer              ;
; B_HUM          ; 0          ; Signed Integer              ;
; A_IRR          ; 1073741824 ; Signed Integer              ;
; B_IRR          ; 0          ; Signed Integer              ;
; A_WIND         ; 386547057  ; Signed Integer              ;
; B_WIND         ; 0          ; Signed Integer              ;
+----------------+------------+-----------------------------+
Note: In order to hide this table in the UI and the text report file, please set the "Show Parameter Settings in Synthesis Report" option in "Analysis and Synthesis Settings -> More Settings" to "Off".


+-----------------------------------------------------------------------------+
; Parameter Settings for User Entity Instance: axil_mlp:mlp|mlp_bridge:scaler ;
+----------------+------------+-----------------------------------------------+
; Parameter Name ; Value      ; Type                                          ;
+----------------+------------+-----------------------------------------------+
; AFRAC          ; 30         ; Signed Integer                                ;
; A_HOUR         ; 1073741824 ; Signed Integer                                ;
; B_HOUR         ; 0          ; Signed Integer                                ;
; A_TEMP         ; 204800     ; Signed Integer                                ;
; B_TEMP         ; -3276800   ; Signed Integer                                ;
; A_HUM          ; 102400     ; Signed Integer                                ;
; B_HUM          ; 0          ; Signed Integer                                ;
; A_IRR          ; 1073741824 ; Signed Integer                                ;
; B_IRR          ; 0          ; Signed Integer                                ;
; A_WIND         ; 386547057  ; Signed Integer                                ;
; B_WIND         ; 0          ; Signed Integer                                ;
+----------------+------------+-----------------------------------------------+
Note: In order to hide this table in the UI and the text report file, please set the "Show Parameter Settings in Synthesis Report" option in "Analysis and Synthesis Settings -> More Settings" to "Off".


+-----------------------------------------------------------------------------+
; Parameter Settings for User Entity Instance: axil_mlp:mlp|MLP:core|layer:l1 ;
+----------------+-------+----------------------------------------------------+
; Parameter Name ; Value ; Type                                               ;
+----------------+-------+----------------------------------------------------+
; NN             ; 4     ; Signed Integer                                     ;
; numWeight      ; 5     ; Signed Integer                                     ;
; dataWidth      ; 32    ; Signed Integer                                     ;
; layerNum       ; 1     ; Signed Integer                                     ;
; weightIntWidth ; 16    ; Signed Integer                                     ;
; actType        ; relu  ; String                                             ;
+----------------+-------+----------------------------------------------------+
Note: In order to hide this table in the UI and the text report file, please set the "Show Parameter Settings in Synthesis Report" option in "Analysis and Synthesis Settings -> More Settings" to "Off".


+----------------------------------------------------------------------------------------------------+
; Parameter Settings for User Entity Instance: axil_mlp:mlp|MLP:core|layer:l1|neuron:neuron_gen[0].n ;
+----------------+-------+---------------------------------------------------------------------------+
; Parameter Name ; Value ; Type                                                                      ;
+----------------+-------+---------------------------------------------------------------------------+
; layerNo        ; 1     ; Signed Integer                                                            ;
; neuronNo       ; 0     ; Signed Integer                                                            ;
; numWeight      ; 5     ; Signed Integer                                                            ;
; dataWidth      ; 32    ; Signed Integer                                                            ;
; weightIntWidth ; 16    ; Signed Integer                                                            ;
; actType        ; relu  ; String                                                                    ;
+----------------+-------+---------------------------------------------------------------------------+
Note: In order to hide this table in the UI and the text report file, please set the "Show Parameter Settings in Synthesis Report" option in "Analysis and Synthesis Settings -> More Settings" to "Off".


+------------------------------------------------------------------------------------------------------------------+
; Parameter Settings for User Entity Instance: axil_mlp:mlp|MLP:core|layer:l1|neuron:neuron_gen[0].n|weight_rom:WM ;
+----------------+-------+-----------------------------------------------------------------------------------------+
; Parameter Name ; Value ; Type                                                                                    ;
+----------------+-------+-----------------------------------------------------------------------------------------+
; layer          ; 1     ; Signed Integer                                                                          ;
; neuron         ; 0     ; Signed Integer                                                                          ;
; weight_depth   ; 5     ; Signed Integer                                                                          ;
; data_width     ; 32    ; Signed Integer                                                                          ;
; adress_width   ; 3     ; Signed Integer                                                                          ;
+----------------+-------+-----------------------------------------------------------------------------------------+
Note: In order to hide this table in the UI and the text report file, please set the "Show Parameter Settings in Synthesis Report" option in "Analysis and Synthesis Settings -> More Settings" to "Off".


+-------------------------------------------------------------------------------------------------------------------+
; Parameter Settings for User Entity Instance: axil_mlp:mlp|MLP:core|layer:l1|neuron:neuron_gen[0].n|relu:g_relu.s1 ;
+----------------+-------+------------------------------------------------------------------------------------------+
; Parameter Name ; Value ; Type                                                                                     ;
+----------------+-------+------------------------------------------------------------------------------------------+
; data_width     ; 32    ; Signed Integer                                                                           ;
; weightIntwidth ; 16    ; Signed Integer                                                                           ;
+----------------+-------+------------------------------------------------------------------------------------------+
Note: In order to hide this table in the UI and the text report file, please set the "Show Parameter Settings in Synthesis Report" option in "Analysis and Synthesis Settings -> More Settings" to "Off".


+----------------------------------------------------------------------------------------------------+
; Parameter Settings for User Entity Instance: axil_mlp:mlp|MLP:core|layer:l1|neuron:neuron_gen[1].n ;
+----------------+-------+---------------------------------------------------------------------------+
; Parameter Name ; Value ; Type                                                                      ;
+----------------+-------+---------------------------------------------------------------------------+
; layerNo        ; 1     ; Signed Integer                                                            ;
; neuronNo       ; 1     ; Signed Integer                                                            ;
; numWeight      ; 5     ; Signed Integer                                                            ;
; dataWidth      ; 32    ; Signed Integer                                                            ;
; weightIntWidth ; 16    ; Signed Integer                                                            ;
; actType        ; relu  ; String                                                                    ;
+----------------+-------+---------------------------------------------------------------------------+
Note: In order to hide this table in the UI and the text report file, please set the "Show Parameter Settings in Synthesis Report" option in "Analysis and Synthesis Settings -> More Settings" to "Off".


+------------------------------------------------------------------------------------------------------------------+
; Parameter Settings for User Entity Instance: axil_mlp:mlp|MLP:core|layer:l1|neuron:neuron_gen[1].n|weight_rom:WM ;
+----------------+-------+-----------------------------------------------------------------------------------------+
; Parameter Name ; Value ; Type                                                                                    ;
+----------------+-------+-----------------------------------------------------------------------------------------+
; layer          ; 1     ; Signed Integer                                                                          ;
; neuron         ; 1     ; Signed Integer                                                                          ;
; weight_depth   ; 5     ; Signed Integer                                                                          ;
; data_width     ; 32    ; Signed Integer                                                                          ;
; adress_width   ; 3     ; Signed Integer                                                                          ;
+----------------+-------+-----------------------------------------------------------------------------------------+
Note: In order to hide this table in the UI and the text report file, please set the "Show Parameter Settings in Synthesis Report" option in "Analysis and Synthesis Settings -> More Settings" to "Off".


+-------------------------------------------------------------------------------------------------------------------+
; Parameter Settings for User Entity Instance: axil_mlp:mlp|MLP:core|layer:l1|neuron:neuron_gen[1].n|relu:g_relu.s1 ;
+----------------+-------+------------------------------------------------------------------------------------------+
; Parameter Name ; Value ; Type                                                                                     ;
+----------------+-------+------------------------------------------------------------------------------------------+
; data_width     ; 32    ; Signed Integer                                                                           ;
; weightIntwidth ; 16    ; Signed Integer                                                                           ;
+----------------+-------+------------------------------------------------------------------------------------------+
Note: In order to hide this table in the UI and the text report file, please set the "Show Parameter Settings in Synthesis Report" option in "Analysis and Synthesis Settings -> More Settings" to "Off".


+----------------------------------------------------------------------------------------------------+
; Parameter Settings for User Entity Instance: axil_mlp:mlp|MLP:core|layer:l1|neuron:neuron_gen[2].n ;
+----------------+-------+---------------------------------------------------------------------------+
; Parameter Name ; Value ; Type                                                                      ;
+----------------+-------+---------------------------------------------------------------------------+
; layerNo        ; 1     ; Signed Integer                                                            ;
; neuronNo       ; 2     ; Signed Integer                                                            ;
; numWeight      ; 5     ; Signed Integer                                                            ;
; dataWidth      ; 32    ; Signed Integer                                                            ;
; weightIntWidth ; 16    ; Signed Integer                                                            ;
; actType        ; relu  ; String                                                                    ;
+----------------+-------+---------------------------------------------------------------------------+
Note: In order to hide this table in the UI and the text report file, please set the "Show Parameter Settings in Synthesis Report" option in "Analysis and Synthesis Settings -> More Settings" to "Off".


+------------------------------------------------------------------------------------------------------------------+
; Parameter Settings for User Entity Instance: axil_mlp:mlp|MLP:core|layer:l1|neuron:neuron_gen[2].n|weight_rom:WM ;
+----------------+-------+-----------------------------------------------------------------------------------------+
; Parameter Name ; Value ; Type                                                                                    ;
+----------------+-------+-----------------------------------------------------------------------------------------+
; layer          ; 1     ; Signed Integer                                                                          ;
; neuron         ; 2     ; Signed Integer                                                                          ;
; weight_depth   ; 5     ; Signed Integer                                                                          ;
; data_width     ; 32    ; Signed Integer                                                                          ;
; adress_width   ; 3     ; Signed Integer                                                                          ;
+----------------+-------+-----------------------------------------------------------------------------------------+
Note: In order to hide this table in the UI and the text report file, please set the "Show Parameter Settings in Synthesis Report" option in "Analysis and Synthesis Settings -> More Settings" to "Off".


+-------------------------------------------------------------------------------------------------------------------+
; Parameter Settings for User Entity Instance: axil_mlp:mlp|MLP:core|layer:l1|neuron:neuron_gen[2].n|relu:g_relu.s1 ;
+----------------+-------+------------------------------------------------------------------------------------------+
; Parameter Name ; Value ; Type                                                                                     ;
+----------------+-------+------------------------------------------------------------------------------------------+
; data_width     ; 32    ; Signed Integer                                                                           ;
; weightIntwidth ; 16    ; Signed Integer                                                                           ;
+----------------+-------+------------------------------------------------------------------------------------------+
Note: In order to hide this table in the UI and the text report file, please set the "Show Parameter Settings in Synthesis Report" option in "Analysis and Synthesis Settings -> More Settings" to "Off".


+----------------------------------------------------------------------------------------------------+
; Parameter Settings for User Entity Instance: axil_mlp:mlp|MLP:core|layer:l1|neuron:neuron_gen[3].n ;
+----------------+-------+---------------------------------------------------------------------------+
; Parameter Name ; Value ; Type                                                                      ;
+----------------+-------+---------------------------------------------------------------------------+
; layerNo        ; 1     ; Signed Integer                                                            ;
; neuronNo       ; 3     ; Signed Integer                                                            ;
; numWeight      ; 5     ; Signed Integer                                                            ;
; dataWidth      ; 32    ; Signed Integer                                                            ;
; weightIntWidth ; 16    ; Signed Integer                                                            ;
; actType        ; relu  ; String                                                                    ;
+----------------+-------+---------------------------------------------------------------------------+
Note: In order to hide this table in the UI and the text report file, please set the "Show Parameter Settings in Synthesis Report" option in "Analysis and Synthesis Settings -> More Settings" to "Off".


+------------------------------------------------------------------------------------------------------------------+
; Parameter Settings for User Entity Instance: axil_mlp:mlp|MLP:core|layer:l1|neuron:neuron_gen[3].n|weight_rom:WM ;
+----------------+-------+-----------------------------------------------------------------------------------------+
; Parameter Name ; Value ; Type                                                                                    ;
+----------------+-------+-----------------------------------------------------------------------------------------+
; layer          ; 1     ; Signed Integer                                                                          ;
; neuron         ; 3     ; Signed Integer                                                                          ;
; weight_depth   ; 5     ; Signed Integer                                                                          ;
; data_width     ; 32    ; Signed Integer                                                                          ;
; adress_width   ; 3     ; Signed Integer                                                                          ;
+----------------+-------+-----------------------------------------------------------------------------------------+
Note: In order to hide this table in the UI and the text report file, please set the "Show Parameter Settings in Synthesis Report" option in "Analysis and Synthesis Settings -> More Settings" to "Off".


+-------------------------------------------------------------------------------------------------------------------+
; Parameter Settings for User Entity Instance: axil_mlp:mlp|MLP:core|layer:l1|neuron:neuron_gen[3].n|relu:g_relu.s1 ;
+----------------+-------+------------------------------------------------------------------------------------------+
; Parameter Name ; Value ; Type                                                                                     ;
+----------------+-------+------------------------------------------------------------------------------------------+
; data_width     ; 32    ; Signed Integer                                                                           ;
; weightIntwidth ; 16    ; Signed Integer                                                                           ;
+----------------+-------+------------------------------------------------------------------------------------------+
Note: In order to hide this table in the UI and the text report file, please set the "Show Parameter Settings in Synthesis Report" option in "Analysis and Synthesis Settings -> More Settings" to "Off".


+------------------------------------------------------------------------------------+
; Parameter Settings for User Entity Instance: axil_mlp:mlp|MLP:core|serializer:ser1 ;
+----------------+-------+-----------------------------------------------------------+
; Parameter Name ; Value ; Type                                                      ;
+----------------+-------+-----------------------------------------------------------+
; N              ; 4     ; Signed Integer                                            ;
; W              ; 32    ; Signed Integer                                            ;
+----------------+-------+-----------------------------------------------------------+
Note: In order to hide this table in the UI and the text report file, please set the "Show Parameter Settings in Synthesis Report" option in "Analysis and Synthesis Settings -> More Settings" to "Off".


+-----------------------------------------------------------------------------+
; Parameter Settings for User Entity Instance: axil_mlp:mlp|MLP:core|layer:l2 ;
+----------------+-------+----------------------------------------------------+
; Parameter Name ; Value ; Type                                               ;
+----------------+-------+----------------------------------------------------+
; NN             ; 4     ; Signed Integer                                     ;
; numWeight      ; 4     ; Signed Integer                                     ;
; dataWidth      ; 32    ; Signed Integer                                     ;
; layerNum       ; 2     ; Signed Integer                                     ;
; weightIntWidth ; 16    ; Signed Integer                                     ;
; actType        ; relu  ; String                                             ;
+----------------+-------+----------------------------------------------------+
Note: In order to hide this table in the UI and the text report file, please set the "Show Parameter Settings in Synthesis Report" option in "Analysis and Synthesis Settings -> More Settings" to "Off".


+----------------------------------------------------------------------------------------------------+
; Parameter Settings for User Entity Instance: axil_mlp:mlp|MLP:core|layer:l2|neuron:neuron_gen[0].n ;
+----------------+-------+---------------------------------------------------------------------------+
; Parameter Name ; Value ; Type                                                                      ;
+----------------+-------+---------------------------------------------------------------------------+
; layerNo        ; 2     ; Signed Integer                                                            ;
; neuronNo       ; 0     ; Signed Integer                                                            ;
; numWeight      ; 4     ; Signed Integer                                                            ;
; dataWidth      ; 32    ; Signed Integer                                                            ;
; weightIntWidth ; 16    ; Signed Integer                                                            ;
; actType        ; relu  ; String                                                                    ;
+----------------+-------+---------------------------------------------------------------------------+
Note: In order to hide this table in the UI and the text report file, please set the "Show Parameter Settings in Synthesis Report" option in "Analysis and Synthesis Settings -> More Settings" to "Off".


+------------------------------------------------------------------------------------------------------------------+
; Parameter Settings for User Entity Instance: axil_mlp:mlp|MLP:core|layer:l2|neuron:neuron_gen[0].n|weight_rom:WM ;
+----------------+-------+-----------------------------------------------------------------------------------------+
; Parameter Name ; Value ; Type                                                                                    ;
+----------------+-------+-----------------------------------------------------------------------------------------+
; layer          ; 2     ; Signed Integer                                                                          ;
; neuron         ; 0     ; Signed Integer                                                                          ;
; weight_depth   ; 4     ; Signed Integer                                                                          ;
; data_width     ; 32    ; Signed Integer                                                                          ;
; adress_width   ; 2     ; Signed Integer                                                                          ;
+----------------+-------+-----------------------------------------------------------------------------------------+
Note: In order to hide this table in the UI and the text report file, please set the "Show Parameter Settings in Synthesis Report" option in "Analysis and Synthesis Settings -> More Settings" to "Off".


+-------------------------------------------------------------------------------------------------------------------+
; Parameter Settings for User Entity Instance: axil_mlp:mlp|MLP:core|layer:l2|neuron:neuron_gen[0].n|relu:g_relu.s1 ;
+----------------+-------+------------------------------------------------------------------------------------------+
; Parameter Name ; Value ; Type                                                                                     ;
+----------------+-------+------------------------------------------------------------------------------------------+
; data_width     ; 32    ; Signed Integer                                                                           ;
; weightIntwidth ; 16    ; Signed Integer                                                                           ;
+----------------+-------+------------------------------------------------------------------------------------------+
Note: In order to hide this table in the UI and the text report file, please set the "Show Parameter Settings in Synthesis Report" option in "Analysis and Synthesis Settings -> More Settings" to "Off".


+----------------------------------------------------------------------------------------------------+
; Parameter Settings for User Entity Instance: axil_mlp:mlp|MLP:core|layer:l2|neuron:neuron_gen[1].n ;
+----------------+-------+---------------------------------------------------------------------------+
; Parameter Name ; Value ; Type                                                                      ;
+----------------+-------+---------------------------------------------------------------------------+
; layerNo        ; 2     ; Signed Integer                                                            ;
; neuronNo       ; 1     ; Signed Integer                                                            ;
; numWeight      ; 4     ; Signed Integer                                                            ;
; dataWidth      ; 32    ; Signed Integer                                                            ;
; weightIntWidth ; 16    ; Signed Integer                                                            ;
; actType        ; relu  ; String                                                                    ;
+----------------+-------+---------------------------------------------------------------------------+
Note: In order to hide this table in the UI and the text report file, please set the "Show Parameter Settings in Synthesis Report" option in "Analysis and Synthesis Settings -> More Settings" to "Off".


+------------------------------------------------------------------------------------------------------------------+
; Parameter Settings for User Entity Instance: axil_mlp:mlp|MLP:core|layer:l2|neuron:neuron_gen[1].n|weight_rom:WM ;
+----------------+-------+-----------------------------------------------------------------------------------------+
; Parameter Name ; Value ; Type                                                                                    ;
+----------------+-------+-----------------------------------------------------------------------------------------+
; layer          ; 2     ; Signed Integer                                                                          ;
; neuron         ; 1     ; Signed Integer                                                                          ;
; weight_depth   ; 4     ; Signed Integer                                                                          ;
; data_width     ; 32    ; Signed Integer                                                                          ;
; adress_width   ; 2     ; Signed Integer                                                                          ;
+----------------+-------+-----------------------------------------------------------------------------------------+
Note: In order to hide this table in the UI and the text report file, please set the "Show Parameter Settings in Synthesis Report" option in "Analysis and Synthesis Settings -> More Settings" to "Off".


+-------------------------------------------------------------------------------------------------------------------+
; Parameter Settings for User Entity Instance: axil_mlp:mlp|MLP:core|layer:l2|neuron:neuron_gen[1].n|relu:g_relu.s1 ;
+----------------+-------+------------------------------------------------------------------------------------------+
; Parameter Name ; Value ; Type                                                                                     ;
+----------------+-------+------------------------------------------------------------------------------------------+
; data_width     ; 32    ; Signed Integer                                                                           ;
; weightIntwidth ; 16    ; Signed Integer                                                                           ;
+----------------+-------+------------------------------------------------------------------------------------------+
Note: In order to hide this table in the UI and the text report file, please set the "Show Parameter Settings in Synthesis Report" option in "Analysis and Synthesis Settings -> More Settings" to "Off".


+----------------------------------------------------------------------------------------------------+
; Parameter Settings for User Entity Instance: axil_mlp:mlp|MLP:core|layer:l2|neuron:neuron_gen[2].n ;
+----------------+-------+---------------------------------------------------------------------------+
; Parameter Name ; Value ; Type                                                                      ;
+----------------+-------+---------------------------------------------------------------------------+
; layerNo        ; 2     ; Signed Integer                                                            ;
; neuronNo       ; 2     ; Signed Integer                                                            ;
; numWeight      ; 4     ; Signed Integer                                                            ;
; dataWidth      ; 32    ; Signed Integer                                                            ;
; weightIntWidth ; 16    ; Signed Integer                                                            ;
; actType        ; relu  ; String                                                                    ;
+----------------+-------+---------------------------------------------------------------------------+
Note: In order to hide this table in the UI and the text report file, please set the "Show Parameter Settings in Synthesis Report" option in "Analysis and Synthesis Settings -> More Settings" to "Off".


+------------------------------------------------------------------------------------------------------------------+
; Parameter Settings for User Entity Instance: axil_mlp:mlp|MLP:core|layer:l2|neuron:neuron_gen[2].n|weight_rom:WM ;
+----------------+-------+-----------------------------------------------------------------------------------------+
; Parameter Name ; Value ; Type                                                                                    ;
+----------------+-------+-----------------------------------------------------------------------------------------+
; layer          ; 2     ; Signed Integer                                                                          ;
; neuron         ; 2     ; Signed Integer                                                                          ;
; weight_depth   ; 4     ; Signed Integer                                                                          ;
; data_width     ; 32    ; Signed Integer                                                                          ;
; adress_width   ; 2     ; Signed Integer                                                                          ;
+----------------+-------+-----------------------------------------------------------------------------------------+
Note: In order to hide this table in the UI and the text report file, please set the "Show Parameter Settings in Synthesis Report" option in "Analysis and Synthesis Settings -> More Settings" to "Off".


+-------------------------------------------------------------------------------------------------------------------+
; Parameter Settings for User Entity Instance: axil_mlp:mlp|MLP:core|layer:l2|neuron:neuron_gen[2].n|relu:g_relu.s1 ;
+----------------+-------+------------------------------------------------------------------------------------------+
; Parameter Name ; Value ; Type                                                                                     ;
+----------------+-------+------------------------------------------------------------------------------------------+
; data_width     ; 32    ; Signed Integer                                                                           ;
; weightIntwidth ; 16    ; Signed Integer                                                                           ;
+----------------+-------+------------------------------------------------------------------------------------------+
Note: In order to hide this table in the UI and the text report file, please set the "Show Parameter Settings in Synthesis Report" option in "Analysis and Synthesis Settings -> More Settings" to "Off".


+----------------------------------------------------------------------------------------------------+
; Parameter Settings for User Entity Instance: axil_mlp:mlp|MLP:core|layer:l2|neuron:neuron_gen[3].n ;
+----------------+-------+---------------------------------------------------------------------------+
; Parameter Name ; Value ; Type                                                                      ;
+----------------+-------+---------------------------------------------------------------------------+
; layerNo        ; 2     ; Signed Integer                                                            ;
; neuronNo       ; 3     ; Signed Integer                                                            ;
; numWeight      ; 4     ; Signed Integer                                                            ;
; dataWidth      ; 32    ; Signed Integer                                                            ;
; weightIntWidth ; 16    ; Signed Integer                                                            ;
; actType        ; relu  ; String                                                                    ;
+----------------+-------+---------------------------------------------------------------------------+
Note: In order to hide this table in the UI and the text report file, please set the "Show Parameter Settings in Synthesis Report" option in "Analysis and Synthesis Settings -> More Settings" to "Off".


+------------------------------------------------------------------------------------------------------------------+
; Parameter Settings for User Entity Instance: axil_mlp:mlp|MLP:core|layer:l2|neuron:neuron_gen[3].n|weight_rom:WM ;
+----------------+-------+-----------------------------------------------------------------------------------------+
; Parameter Name ; Value ; Type                                                                                    ;
+----------------+-------+-----------------------------------------------------------------------------------------+
; layer          ; 2     ; Signed Integer                                                                          ;
; neuron         ; 3     ; Signed Integer                                                                          ;
; weight_depth   ; 4     ; Signed Integer                                                                          ;
; data_width     ; 32    ; Signed Integer                                                                          ;
; adress_width   ; 2     ; Signed Integer                                                                          ;
+----------------+-------+-----------------------------------------------------------------------------------------+
Note: In order to hide this table in the UI and the text report file, please set the "Show Parameter Settings in Synthesis Report" option in "Analysis and Synthesis Settings -> More Settings" to "Off".


+-------------------------------------------------------------------------------------------------------------------+
; Parameter Settings for User Entity Instance: axil_mlp:mlp|MLP:core|layer:l2|neuron:neuron_gen[3].n|relu:g_relu.s1 ;
+----------------+-------+------------------------------------------------------------------------------------------+
; Parameter Name ; Value ; Type                                                                                     ;
+----------------+-------+------------------------------------------------------------------------------------------+
; data_width     ; 32    ; Signed Integer                                                                           ;
; weightIntwidth ; 16    ; Signed Integer                                                                           ;
+----------------+-------+------------------------------------------------------------------------------------------+
Note: In order to hide this table in the UI and the text report file, please set the "Show Parameter Settings in Synthesis Report" option in "Analysis and Synthesis Settings -> More Settings" to "Off".


+------------------------------------------------------------------------------------+
; Parameter Settings for User Entity Instance: axil_mlp:mlp|MLP:core|serializer:ser2 ;
+----------------+-------+-----------------------------------------------------------+
; Parameter Name ; Value ; Type                                                      ;
+----------------+-------+-----------------------------------------------------------+
; N              ; 4     ; Signed Integer                                            ;
; W              ; 32    ; Signed Integer                                            ;
+----------------+-------+-----------------------------------------------------------+
Note: In order to hide this table in the UI and the text report file, please set the "Show Parameter Settings in Synthesis Report" option in "Analysis and Synthesis Settings -> More Settings" to "Off".


+-----------------------------------------------------------------------------+
; Parameter Settings for User Entity Instance: axil_mlp:mlp|MLP:core|layer:l3 ;
+----------------+--------+---------------------------------------------------+
; Parameter Name ; Value  ; Type                                              ;
+----------------+--------+---------------------------------------------------+
; NN             ; 1      ; Signed Integer                                    ;
; numWeight      ; 4      ; Signed Integer                                    ;
; dataWidth      ; 32     ; Signed Integer                                    ;
; layerNum       ; 3      ; Signed Integer                                    ;
; weightIntWidth ; 16     ; Signed Integer                                    ;
; actType        ; linear ; String                                            ;
+----------------+--------+---------------------------------------------------+
Note: In order to hide this table in the UI and the text report file, please set the "Show Parameter Settings in Synthesis Report" option in "Analysis and Synthesis Settings -> More Settings" to "Off".


+----------------------------------------------------------------------------------------------------+
; Parameter Settings for User Entity Instance: axil_mlp:mlp|MLP:core|layer:l3|neuron:neuron_gen[0].n ;
+----------------+--------+--------------------------------------------------------------------------+
; Parameter Name ; Value  ; Type                                                                     ;
+----------------+--------+--------------------------------------------------------------------------+
; layerNo        ; 3      ; Signed Integer                                                           ;
; neuronNo       ; 0      ; Signed Integer                                                           ;
; numWeight      ; 4      ; Signed Integer                                                           ;
; dataWidth      ; 32     ; Signed Integer                                                           ;
; weightIntWidth ; 16     ; Signed Integer                                                           ;
; actType        ; linear ; String                                                                   ;
+----------------+--------+--------------------------------------------------------------------------+
Note: In order to hide this table in the UI and the text report file, please set the "Show Parameter Settings in Synthesis Report" option in "Analysis and Synthesis Settings -> More Settings" to "Off".


+------------------------------------------------------------------------------------------------------------------+
; Parameter Settings for User Entity Instance: axil_mlp:mlp|MLP:core|layer:l3|neuron:neuron_gen[0].n|weight_rom:WM ;
+----------------+-------+-----------------------------------------------------------------------------------------+
; Parameter Name ; Value ; Type                                                                                    ;
+----------------+-------+-----------------------------------------------------------------------------------------+
; layer          ; 3     ; Signed Integer                                                                          ;
; neuron         ; 0     ; Signed Integer                                                                          ;
; weight_depth   ; 4     ; Signed Integer                                                                          ;
; data_width     ; 32    ; Signed Integer                                                                          ;
; adress_width   ; 2     ; Signed Integer                                                                          ;
+----------------+-------+-----------------------------------------------------------------------------------------+
Note: In order to hide this table in the UI and the text report file, please set the "Show Parameter Settings in Synthesis Report" option in "Analysis and Synthesis Settings -> More Settings" to "Off".


+-----------------------------------------------------------------------------------------------------------------------+
; Parameter Settings for User Entity Instance: axil_mlp:mlp|MLP:core|layer:l3|neuron:neuron_gen[0].n|linear:g_Linear.s1 ;
+----------------+-------+----------------------------------------------------------------------------------------------+
; Parameter Name ; Value ; Type                                                                                         ;
+----------------+-------+----------------------------------------------------------------------------------------------+
; data_width     ; 32    ; Signed Integer                                                                               ;
; weightIntwidth ; 16    ; Signed Integer                                                                               ;
+----------------+-------+----------------------------------------------------------------------------------------------+
Note: In order to hide this table in the UI and the text report file, please set the "Show Parameter Settings in Synthesis Report" option in "Analysis and Synthesis Settings -> More Settings" to "Off".


+----------------------------------------------------------------------------+
; Parameter Settings for User Entity Instance: axi_sensor_controller:sensors ;
+----------------+----------+------------------------------------------------+
; Parameter Name ; Value    ; Type                                           ;
+----------------+----------+------------------------------------------------+
; CLK_FREQ       ; 27000000 ; Signed Integer                                 ;
; I2C_SPEED      ; 400000   ; Signed Integer                                 ;
+----------------+----------+------------------------------------------------+
Note: In order to hide this table in the UI and the text report file, please set the "Show Parameter Settings in Synthesis Report" option in "Analysis and Synthesis Settings -> More Settings" to "Off".


+---------------------------------------------------------------------------------------------+
; Parameter Settings for User Entity Instance: axi_sensor_controller:sensors|sync_pipe:p_temp ;
+----------------+-------+--------------------------------------------------------------------+
; Parameter Name ; Value ; Type                                                               ;
+----------------+-------+--------------------------------------------------------------------+
; W              ; 20    ; Signed Integer                                                     ;
; STAGES         ; 3     ; Signed Integer                                                     ;
+----------------+-------+--------------------------------------------------------------------+
Note: In order to hide this table in the UI and the text report file, please set the "Show Parameter Settings in Synthesis Report" option in "Analysis and Synthesis Settings -> More Settings" to "Off".


+--------------------------------------------------------------------------------------------+
; Parameter Settings for User Entity Instance: axi_sensor_controller:sensors|sync_pipe:p_hum ;
+----------------+-------+-------------------------------------------------------------------+
; Parameter Name ; Value ; Type                                                              ;
+----------------+-------+-------------------------------------------------------------------+
; W              ; 20    ; Signed Integer                                                    ;
; STAGES         ; 3     ; Signed Integer                                                    ;
+----------------+-------+-------------------------------------------------------------------+
Note: In order to hide this table in the UI and the text report file, please set the "Show Parameter Settings in Synthesis Report" option in "Analysis and Synthesis Settings -> More Settings" to "Off".


+--------------------------------------------------------------------------------------------+
; Parameter Settings for User Entity Instance: axi_sensor_controller:sensors|sync_pipe:p_irr ;
+----------------+-------+-------------------------------------------------------------------+
; Parameter Name ; Value ; Type                                                              ;
+----------------+-------+-------------------------------------------------------------------+
; W              ; 16    ; Signed Integer                                                    ;
; STAGES         ; 3     ; Signed Integer                                                    ;
+----------------+-------+-------------------------------------------------------------------+
Note: In order to hide this table in the UI and the text report file, please set the "Show Parameter Settings in Synthesis Report" option in "Analysis and Synthesis Settings -> More Settings" to "Off".


+---------------------------------------------------------------------------------------------+
; Parameter Settings for User Entity Instance: axi_sensor_controller:sensors|sync_pipe:p_wind ;
+----------------+-------+--------------------------------------------------------------------+
; Parameter Name ; Value ; Type                                                               ;
+----------------+-------+--------------------------------------------------------------------+
; W              ; 16    ; Signed Integer                                                     ;
; STAGES         ; 3     ; Signed Integer                                                     ;
+----------------+-------+--------------------------------------------------------------------+
Note: In order to hide this table in the UI and the text report file, please set the "Show Parameter Settings in Synthesis Report" option in "Analysis and Synthesis Settings -> More Settings" to "Off".


+---------------------------------------------------------------------------------------------+
; Parameter Settings for User Entity Instance: axi_sensor_controller:sensors|sync_pipe:p_hour ;
+----------------+-------+--------------------------------------------------------------------+
; Parameter Name ; Value ; Type                                                               ;
+----------------+-------+--------------------------------------------------------------------+
; W              ; 8     ; Signed Integer                                                     ;
; STAGES         ; 3     ; Signed Integer                                                     ;
+----------------+-------+--------------------------------------------------------------------+
Note: In order to hide this table in the UI and the text report file, please set the "Show Parameter Settings in Synthesis Report" option in "Analysis and Synthesis Settings -> More Settings" to "Off".


+---------------------------------------------------------------------------------------------+
; Parameter Settings for User Entity Instance: axi_sensor_controller:sensors|sync_pipe:p_irrv ;
+----------------+-------+--------------------------------------------------------------------+
; Parameter Name ; Value ; Type                                                               ;
+----------------+-------+--------------------------------------------------------------------+
; W              ; 1     ; Signed Integer                                                     ;
; STAGES         ; 3     ; Signed Integer                                                     ;
+----------------+-------+--------------------------------------------------------------------+
Note: In order to hide this table in the UI and the text report file, please set the "Show Parameter Settings in Synthesis Report" option in "Analysis and Synthesis Settings -> More Settings" to "Off".


+----------------------------------------------------------------------------------------------+
; Parameter Settings for User Entity Instance: axi_sensor_controller:sensors|sync_pipe:p_windv ;
+----------------+-------+---------------------------------------------------------------------+
; Parameter Name ; Value ; Type                                                                ;
+----------------+-------+---------------------------------------------------------------------+
; W              ; 1     ; Signed Integer                                                      ;
; STAGES         ; 3     ; Signed Integer                                                      ;
+----------------+-------+---------------------------------------------------------------------+
Note: In order to hide this table in the UI and the text report file, please set the "Show Parameter Settings in Synthesis Report" option in "Analysis and Synthesis Settings -> More Settings" to "Off".


+---------------------------------------------------------------------------------------------------+
; Parameter Settings for User Entity Instance: axi_sensor_controller:sensors|sensor_poll_timer:poll ;
+----------------+----------+-----------------------------------------------------------------------+
; Parameter Name ; Value    ; Type                                                                  ;
+----------------+----------+-----------------------------------------------------------------------+
; CLK_FREQ       ; 27000000 ; Signed Integer                                                        ;
+----------------+----------+-----------------------------------------------------------------------+
Note: In order to hide this table in the UI and the text report file, please set the "Show Parameter Settings in Synthesis Report" option in "Analysis and Synthesis Settings -> More Settings" to "Off".


+---------------------------------------------------------------------------------------------------------------+
; Parameter Settings for User Entity Instance: axi_sensor_controller:sensors|rs485_controller:sem228a           ;
+-----------------+---------------------------------------------------------------------------+-----------------+
; Parameter Name  ; Value                                                                     ; Type            ;
+-----------------+---------------------------------------------------------------------------+-----------------+
; BAUD_RATE       ; 4800                                                                      ; Signed Integer  ;
; CLK_FREQ        ; 27000000                                                                  ; Signed Integer  ;
; DATA_LENGHT     ; 8                                                                         ; Signed Integer  ;
; OVERSAMPLING    ; 16                                                                        ; Signed Integer  ;
; PARITY          ; 0                                                                         ; Unsigned Binary ;
; PARITY_EO       ; 1                                                                         ; Unsigned Binary ;
; DATA_WIDTH      ; 16                                                                        ; Signed Integer  ;
; TIMEOUT_MS      ; 100                                                                       ; Signed Integer  ;
; REQUEST_PATTERN ; (00000001,00000011,00000000,00000000,00000000,00000001,10000100,00001010) ; Array/Record    ;
+-----------------+---------------------------------------------------------------------------+-----------------+
Note: In order to hide this table in the UI and the text report file, please set the "Show Parameter Settings in Synthesis Report" option in "Analysis and Synthesis Settings -> More Settings" to "Off".


+----------------------------------------------------------------------------------------------------------------+
; Parameter Settings for User Entity Instance: axi_sensor_controller:sensors|rs485_controller:sem228a|uart:rs485 ;
+----------------+----------+------------------------------------------------------------------------------------+
; Parameter Name ; Value    ; Type                                                                               ;
+----------------+----------+------------------------------------------------------------------------------------+
; BAUD_RATE      ; 4800     ; Signed Integer                                                                     ;
; CLK_FREQ       ; 27000000 ; Signed Integer                                                                     ;
; DATA_LENGHT    ; 8        ; Signed Integer                                                                     ;
; OVERSAMPLING   ; 16       ; Signed Integer                                                                     ;
; PARITY_EN      ; 0        ; Unsigned Binary                                                                    ;
; PARITY_EO      ; 1        ; Unsigned Binary                                                                    ;
+----------------+----------+------------------------------------------------------------------------------------+
Note: In order to hide this table in the UI and the text report file, please set the "Show Parameter Settings in Synthesis Report" option in "Analysis and Synthesis Settings -> More Settings" to "Off".


+---------------------------------------------------------------------------------------------------------------+
; Parameter Settings for User Entity Instance: axi_sensor_controller:sensors|rs485_controller:sn3000t           ;
+-----------------+---------------------------------------------------------------------------+-----------------+
; Parameter Name  ; Value                                                                     ; Type            ;
+-----------------+---------------------------------------------------------------------------+-----------------+
; BAUD_RATE       ; 4800                                                                      ; Signed Integer  ;
; CLK_FREQ        ; 27000000                                                                  ; Signed Integer  ;
; DATA_LENGHT     ; 8                                                                         ; Signed Integer  ;
; OVERSAMPLING    ; 16                                                                        ; Signed Integer  ;
; PARITY          ; 0                                                                         ; Unsigned Binary ;
; PARITY_EO       ; 1                                                                         ; Unsigned Binary ;
; DATA_WIDTH      ; 16                                                                        ; Signed Integer  ;
; TIMEOUT_MS      ; 100                                                                       ; Signed Integer  ;
; REQUEST_PATTERN ; (00000001,00000011,00000000,00000000,00000000,00000001,10000100,00001010) ; Array/Record    ;
+-----------------+---------------------------------------------------------------------------+-----------------+
Note: In order to hide this table in the UI and the text report file, please set the "Show Parameter Settings in Synthesis Report" option in "Analysis and Synthesis Settings -> More Settings" to "Off".


+----------------------------------------------------------------------------------------------------------------+
; Parameter Settings for User Entity Instance: axi_sensor_controller:sensors|rs485_controller:sn3000t|uart:rs485 ;
+----------------+----------+------------------------------------------------------------------------------------+
; Parameter Name ; Value    ; Type                                                                               ;
+----------------+----------+------------------------------------------------------------------------------------+
; BAUD_RATE      ; 4800     ; Signed Integer                                                                     ;
; CLK_FREQ       ; 27000000 ; Signed Integer                                                                     ;
; DATA_LENGHT    ; 8        ; Signed Integer                                                                     ;
; OVERSAMPLING   ; 16       ; Signed Integer                                                                     ;
; PARITY_EN      ; 0        ; Unsigned Binary                                                                    ;
; PARITY_EO      ; 1        ; Unsigned Binary                                                                    ;
+----------------+----------+------------------------------------------------------------------------------------+
Note: In order to hide this table in the UI and the text report file, please set the "Show Parameter Settings in Synthesis Report" option in "Analysis and Synthesis Settings -> More Settings" to "Off".


+-----------------------------------------------------------------------------------------------+
; Parameter Settings for User Entity Instance: axi_sensor_controller:sensors|aht10_driver:aht10 ;
+----------------+----------+-------------------------------------------------------------------+
; Parameter Name ; Value    ; Type                                                              ;
+----------------+----------+-------------------------------------------------------------------+
; ADDR           ; 0111000  ; Unsigned Binary                                                   ;
; CLK_FREQ       ; 27000000 ; Signed Integer                                                    ;
; BUS_SPEED      ; 400000   ; Signed Integer                                                    ;
+----------------+----------+-------------------------------------------------------------------+
Note: In order to hide this table in the UI and the text report file, please set the "Show Parameter Settings in Synthesis Report" option in "Analysis and Synthesis Settings -> More Settings" to "Off".


+---------------------------------------------------------------------------------------------------------+
; Parameter Settings for User Entity Instance: axi_sensor_controller:sensors|aht10_driver:aht10|i2c:aht10 ;
+----------------+----------+-----------------------------------------------------------------------------+
; Parameter Name ; Value    ; Type                                                                        ;
+----------------+----------+-----------------------------------------------------------------------------+
; CLK_FREQ       ; 27000000 ; Signed Integer                                                              ;
; BUS_CLK        ; 400000   ; Signed Integer                                                              ;
+----------------+----------+-----------------------------------------------------------------------------+
Note: In order to hide this table in the UI and the text report file, please set the "Show Parameter Settings in Synthesis Report" option in "Analysis and Synthesis Settings -> More Settings" to "Off".


+-------------------------------------------------------------------------------------------------+
; Parameter Settings for User Entity Instance: axi_sensor_controller:sensors|ds2331_driver:ds2331 ;
+----------------+----------+---------------------------------------------------------------------+
; Parameter Name ; Value    ; Type                                                                ;
+----------------+----------+---------------------------------------------------------------------+
; ADDR           ; 1101000  ; Unsigned Binary                                                     ;
; CLK_FREQ       ; 27000000 ; Signed Integer                                                      ;
; BUS_SPEED      ; 400000   ; Signed Integer                                                      ;
; POWERUP_MS     ; 250      ; Signed Integer                                                      ;
; POLL_MS        ; 100      ; Signed Integer                                                      ;
+----------------+----------+---------------------------------------------------------------------+
Note: In order to hide this table in the UI and the text report file, please set the "Show Parameter Settings in Synthesis Report" option in "Analysis and Synthesis Settings -> More Settings" to "Off".


+---------------------------------------------------------------------------------------------------------+
; Parameter Settings for User Entity Instance: axi_sensor_controller:sensors|ds2331_driver:ds2331|i2c:rtc ;
+----------------+----------+-----------------------------------------------------------------------------+
; Parameter Name ; Value    ; Type                                                                        ;
+----------------+----------+-----------------------------------------------------------------------------+
; CLK_FREQ       ; 27000000 ; Signed Integer                                                              ;
; BUS_CLK        ; 400000   ; Signed Integer                                                              ;
+----------------+----------+-----------------------------------------------------------------------------+
Note: In order to hide this table in the UI and the text report file, please set the "Show Parameter Settings in Synthesis Report" option in "Analysis and Synthesis Settings -> More Settings" to "Off".


+-------------------------------------------------------------------------------------------------------------------+
; Parameter Settings for Inferred Entity Instance: picorv32_axi:cpu|picorv32:picorv32_core|altsyncram:cpuregs_rtl_0 ;
+------------------------------------+----------------------+-------------------------------------------------------+
; Parameter Name                     ; Value                ; Type                                                  ;
+------------------------------------+----------------------+-------------------------------------------------------+
; BYTE_SIZE_BLOCK                    ; 8                    ; Untyped                                               ;
; AUTO_CARRY_CHAINS                  ; ON                   ; AUTO_CARRY                                            ;
; IGNORE_CARRY_BUFFERS               ; OFF                  ; IGNORE_CARRY                                          ;
; AUTO_CASCADE_CHAINS                ; ON                   ; AUTO_CASCADE                                          ;
; IGNORE_CASCADE_BUFFERS             ; OFF                  ; IGNORE_CASCADE                                        ;
; WIDTH_BYTEENA                      ; 1                    ; Untyped                                               ;
; OPERATION_MODE                     ; DUAL_PORT            ; Untyped                                               ;
; WIDTH_A                            ; 32                   ; Untyped                                               ;
; WIDTHAD_A                          ; 5                    ; Untyped                                               ;
; NUMWORDS_A                         ; 32                   ; Untyped                                               ;
; OUTDATA_REG_A                      ; UNREGISTERED         ; Untyped                                               ;
; ADDRESS_ACLR_A                     ; NONE                 ; Untyped                                               ;
; OUTDATA_ACLR_A                     ; NONE                 ; Untyped                                               ;
; WRCONTROL_ACLR_A                   ; NONE                 ; Untyped                                               ;
; INDATA_ACLR_A                      ; NONE                 ; Untyped                                               ;
; BYTEENA_ACLR_A                     ; NONE                 ; Untyped                                               ;
; WIDTH_B                            ; 32                   ; Untyped                                               ;
; WIDTHAD_B                          ; 5                    ; Untyped                                               ;
; NUMWORDS_B                         ; 32                   ; Untyped                                               ;
; INDATA_REG_B                       ; CLOCK1               ; Untyped                                               ;
; WRCONTROL_WRADDRESS_REG_B          ; CLOCK1               ; Untyped                                               ;
; RDCONTROL_REG_B                    ; CLOCK1               ; Untyped                                               ;
; ADDRESS_REG_B                      ; CLOCK0               ; Untyped                                               ;
; OUTDATA_REG_B                      ; UNREGISTERED         ; Untyped                                               ;
; BYTEENA_REG_B                      ; CLOCK1               ; Untyped                                               ;
; INDATA_ACLR_B                      ; NONE                 ; Untyped                                               ;
; WRCONTROL_ACLR_B                   ; NONE                 ; Untyped                                               ;
; ADDRESS_ACLR_B                     ; NONE                 ; Untyped                                               ;
; OUTDATA_ACLR_B                     ; NONE                 ; Untyped                                               ;
; RDCONTROL_ACLR_B                   ; NONE                 ; Untyped                                               ;
; BYTEENA_ACLR_B                     ; NONE                 ; Untyped                                               ;
; WIDTH_BYTEENA_A                    ; 1                    ; Untyped                                               ;
; WIDTH_BYTEENA_B                    ; 1                    ; Untyped                                               ;
; RAM_BLOCK_TYPE                     ; AUTO                 ; Untyped                                               ;
; BYTE_SIZE                          ; 8                    ; Untyped                                               ;
; READ_DURING_WRITE_MODE_MIXED_PORTS ; DONT_CARE            ; Untyped                                               ;
; READ_DURING_WRITE_MODE_PORT_A      ; NEW_DATA_NO_NBE_READ ; Untyped                                               ;
; READ_DURING_WRITE_MODE_PORT_B      ; NEW_DATA_NO_NBE_READ ; Untyped                                               ;
; INIT_FILE                          ; UNUSED               ; Untyped                                               ;
; INIT_FILE_LAYOUT                   ; PORT_A               ; Untyped                                               ;
; MAXIMUM_DEPTH                      ; 0                    ; Untyped                                               ;
; CLOCK_ENABLE_INPUT_A               ; NORMAL               ; Untyped                                               ;
; CLOCK_ENABLE_INPUT_B               ; NORMAL               ; Untyped                                               ;
; CLOCK_ENABLE_OUTPUT_A              ; NORMAL               ; Untyped                                               ;
; CLOCK_ENABLE_OUTPUT_B              ; NORMAL               ; Untyped                                               ;
; CLOCK_ENABLE_CORE_A                ; USE_INPUT_CLKEN      ; Untyped                                               ;
; CLOCK_ENABLE_CORE_B                ; USE_INPUT_CLKEN      ; Untyped                                               ;
; ENABLE_ECC                         ; FALSE                ; Untyped                                               ;
; ECC_PIPELINE_STAGE_ENABLED         ; FALSE                ; Untyped                                               ;
; WIDTH_ECCSTATUS                    ; 3                    ; Untyped                                               ;
; DEVICE_FAMILY                      ; Cyclone V            ; Untyped                                               ;
; CBXI_PARAMETER                     ; altsyncram_d2k1      ; Untyped                                               ;
+------------------------------------+----------------------+-------------------------------------------------------+
Note: In order to hide this table in the UI and the text report file, please set the "Show Parameter Settings in Synthesis Report" option in "Analysis and Synthesis Settings -> More Settings" to "Off".


+-------------------------------------------------------------------------------------------------------------------+
; Parameter Settings for Inferred Entity Instance: picorv32_axi:cpu|picorv32:picorv32_core|altsyncram:cpuregs_rtl_1 ;
+------------------------------------+----------------------+-------------------------------------------------------+
; Parameter Name                     ; Value                ; Type                                                  ;
+------------------------------------+----------------------+-------------------------------------------------------+
; BYTE_SIZE_BLOCK                    ; 8                    ; Untyped                                               ;
; AUTO_CARRY_CHAINS                  ; ON                   ; AUTO_CARRY                                            ;
; IGNORE_CARRY_BUFFERS               ; OFF                  ; IGNORE_CARRY                                          ;
; AUTO_CASCADE_CHAINS                ; ON                   ; AUTO_CASCADE                                          ;
; IGNORE_CASCADE_BUFFERS             ; OFF                  ; IGNORE_CASCADE                                        ;
; WIDTH_BYTEENA                      ; 1                    ; Untyped                                               ;
; OPERATION_MODE                     ; DUAL_PORT            ; Untyped                                               ;
; WIDTH_A                            ; 32                   ; Untyped                                               ;
; WIDTHAD_A                          ; 5                    ; Untyped                                               ;
; NUMWORDS_A                         ; 32                   ; Untyped                                               ;
; OUTDATA_REG_A                      ; UNREGISTERED         ; Untyped                                               ;
; ADDRESS_ACLR_A                     ; NONE                 ; Untyped                                               ;
; OUTDATA_ACLR_A                     ; NONE                 ; Untyped                                               ;
; WRCONTROL_ACLR_A                   ; NONE                 ; Untyped                                               ;
; INDATA_ACLR_A                      ; NONE                 ; Untyped                                               ;
; BYTEENA_ACLR_A                     ; NONE                 ; Untyped                                               ;
; WIDTH_B                            ; 32                   ; Untyped                                               ;
; WIDTHAD_B                          ; 5                    ; Untyped                                               ;
; NUMWORDS_B                         ; 32                   ; Untyped                                               ;
; INDATA_REG_B                       ; CLOCK1               ; Untyped                                               ;
; WRCONTROL_WRADDRESS_REG_B          ; CLOCK1               ; Untyped                                               ;
; RDCONTROL_REG_B                    ; CLOCK1               ; Untyped                                               ;
; ADDRESS_REG_B                      ; CLOCK0               ; Untyped                                               ;
; OUTDATA_REG_B                      ; UNREGISTERED         ; Untyped                                               ;
; BYTEENA_REG_B                      ; CLOCK1               ; Untyped                                               ;
; INDATA_ACLR_B                      ; NONE                 ; Untyped                                               ;
; WRCONTROL_ACLR_B                   ; NONE                 ; Untyped                                               ;
; ADDRESS_ACLR_B                     ; NONE                 ; Untyped                                               ;
; OUTDATA_ACLR_B                     ; NONE                 ; Untyped                                               ;
; RDCONTROL_ACLR_B                   ; NONE                 ; Untyped                                               ;
; BYTEENA_ACLR_B                     ; NONE                 ; Untyped                                               ;
; WIDTH_BYTEENA_A                    ; 1                    ; Untyped                                               ;
; WIDTH_BYTEENA_B                    ; 1                    ; Untyped                                               ;
; RAM_BLOCK_TYPE                     ; AUTO                 ; Untyped                                               ;
; BYTE_SIZE                          ; 8                    ; Untyped                                               ;
; READ_DURING_WRITE_MODE_MIXED_PORTS ; DONT_CARE            ; Untyped                                               ;
; READ_DURING_WRITE_MODE_PORT_A      ; NEW_DATA_NO_NBE_READ ; Untyped                                               ;
; READ_DURING_WRITE_MODE_PORT_B      ; NEW_DATA_NO_NBE_READ ; Untyped                                               ;
; INIT_FILE                          ; UNUSED               ; Untyped                                               ;
; INIT_FILE_LAYOUT                   ; PORT_A               ; Untyped                                               ;
; MAXIMUM_DEPTH                      ; 0                    ; Untyped                                               ;
; CLOCK_ENABLE_INPUT_A               ; NORMAL               ; Untyped                                               ;
; CLOCK_ENABLE_INPUT_B               ; NORMAL               ; Untyped                                               ;
; CLOCK_ENABLE_OUTPUT_A              ; NORMAL               ; Untyped                                               ;
; CLOCK_ENABLE_OUTPUT_B              ; NORMAL               ; Untyped                                               ;
; CLOCK_ENABLE_CORE_A                ; USE_INPUT_CLKEN      ; Untyped                                               ;
; CLOCK_ENABLE_CORE_B                ; USE_INPUT_CLKEN      ; Untyped                                               ;
; ENABLE_ECC                         ; FALSE                ; Untyped                                               ;
; ECC_PIPELINE_STAGE_ENABLED         ; FALSE                ; Untyped                                               ;
; WIDTH_ECCSTATUS                    ; 3                    ; Untyped                                               ;
; DEVICE_FAMILY                      ; Cyclone V            ; Untyped                                               ;
; CBXI_PARAMETER                     ; altsyncram_d2k1      ; Untyped                                               ;
+------------------------------------+----------------------+-------------------------------------------------------+
Note: In order to hide this table in the UI and the text report file, please set the "Show Parameter Settings in Synthesis Report" option in "Analysis and Synthesis Settings -> More Settings" to "Off".


+-------------------------------------------------------------------------------------------------+
; Parameter Settings for Inferred Entity Instance: axil_mlp:mlp|mlp_bridge:scaler|lpm_divide:Mod0 ;
+------------------------+----------------+-------------------------------------------------------+
; Parameter Name         ; Value          ; Type                                                  ;
+------------------------+----------------+-------------------------------------------------------+
; LPM_WIDTHN             ; 5              ; Untyped                                               ;
; LPM_WIDTHD             ; 4              ; Untyped                                               ;
; LPM_NREPRESENTATION    ; UNSIGNED       ; Untyped                                               ;
; LPM_DREPRESENTATION    ; UNSIGNED       ; Untyped                                               ;
; LPM_PIPELINE           ; 0              ; Untyped                                               ;
; LPM_REMAINDERPOSITIVE  ; TRUE           ; Untyped                                               ;
; MAXIMIZE_SPEED         ; 5              ; Untyped                                               ;
; CBXI_PARAMETER         ; lpm_divide_52m ; Untyped                                               ;
; CARRY_CHAIN            ; MANUAL         ; Untyped                                               ;
; OPTIMIZE_FOR_SPEED     ; 5              ; Untyped                                               ;
; AUTO_CARRY_CHAINS      ; ON             ; AUTO_CARRY                                            ;
; IGNORE_CARRY_BUFFERS   ; OFF            ; IGNORE_CARRY                                          ;
; AUTO_CASCADE_CHAINS    ; ON             ; AUTO_CASCADE                                          ;
; IGNORE_CASCADE_BUFFERS ; OFF            ; IGNORE_CASCADE                                        ;
+------------------------+----------------+-------------------------------------------------------+
Note: In order to hide this table in the UI and the text report file, please set the "Show Parameter Settings in Synthesis Report" option in "Analysis and Synthesis Settings -> More Settings" to "Off".


+--------------------------------------------------------------------------------------------------------------+
; altsyncram Parameter Settings by Entity Instance                                                             ;
+-------------------------------------------+------------------------------------------------------------------+
; Name                                      ; Value                                                            ;
+-------------------------------------------+------------------------------------------------------------------+
; Number of entity instances                ; 2                                                                ;
; Entity Instance                           ; picorv32_axi:cpu|picorv32:picorv32_core|altsyncram:cpuregs_rtl_0 ;
;     -- OPERATION_MODE                     ; DUAL_PORT                                                        ;
;     -- WIDTH_A                            ; 32                                                               ;
;     -- NUMWORDS_A                         ; 32                                                               ;
;     -- OUTDATA_REG_A                      ; UNREGISTERED                                                     ;
;     -- WIDTH_B                            ; 32                                                               ;
;     -- NUMWORDS_B                         ; 32                                                               ;
;     -- ADDRESS_REG_B                      ; CLOCK0                                                           ;
;     -- OUTDATA_REG_B                      ; UNREGISTERED                                                     ;
;     -- RAM_BLOCK_TYPE                     ; AUTO                                                             ;
;     -- READ_DURING_WRITE_MODE_MIXED_PORTS ; DONT_CARE                                                        ;
; Entity Instance                           ; picorv32_axi:cpu|picorv32:picorv32_core|altsyncram:cpuregs_rtl_1 ;
;     -- OPERATION_MODE                     ; DUAL_PORT                                                        ;
;     -- WIDTH_A                            ; 32                                                               ;
;     -- NUMWORDS_A                         ; 32                                                               ;
;     -- OUTDATA_REG_A                      ; UNREGISTERED                                                     ;
;     -- WIDTH_B                            ; 32                                                               ;
;     -- NUMWORDS_B                         ; 32                                                               ;
;     -- ADDRESS_REG_B                      ; CLOCK0                                                           ;
;     -- OUTDATA_REG_B                      ; UNREGISTERED                                                     ;
;     -- RAM_BLOCK_TYPE                     ; AUTO                                                             ;
;     -- READ_DURING_WRITE_MODE_MIXED_PORTS ; DONT_CARE                                                        ;
+-------------------------------------------+------------------------------------------------------------------+


+------------------------------------------------------------+
; Port Connectivity Checks: "axil_mlp:mlp|MLP:core|layer:l3" ;
+-------------------+-------+----------+---------------------+
; Port              ; Type  ; Severity ; Details             ;
+-------------------+-------+----------+---------------------+
; weightValid       ; Input ; Info     ; Stuck at GND        ;
; biasValid         ; Input ; Info     ; Stuck at GND        ;
; weightValue       ; Input ; Info     ; Stuck at GND        ;
; biasValue         ; Input ; Info     ; Stuck at GND        ;
; config_layer_num  ; Input ; Info     ; Stuck at GND        ;
; config_neuron_num ; Input ; Info     ; Stuck at GND        ;
+-------------------+-------+----------+---------------------+


+-----------------------------------------------------------------------------------------------------------------------------+
; Port Connectivity Checks: "axil_mlp:mlp|MLP:core|layer:l2"                                                                  ;
+-------------------+--------+----------+-------------------------------------------------------------------------------------+
; Port              ; Type   ; Severity ; Details                                                                             ;
+-------------------+--------+----------+-------------------------------------------------------------------------------------+
; weightValid       ; Input  ; Info     ; Stuck at GND                                                                        ;
; biasValid         ; Input  ; Info     ; Stuck at GND                                                                        ;
; weightValue       ; Input  ; Info     ; Stuck at GND                                                                        ;
; biasValue         ; Input  ; Info     ; Stuck at GND                                                                        ;
; config_layer_num  ; Input  ; Info     ; Stuck at GND                                                                        ;
; config_neuron_num ; Input  ; Info     ; Stuck at GND                                                                        ;
; o_valid[3..1]     ; Output ; Info     ; Connected to dangling logic. Logic that only feeds a dangling port will be removed. ;
+-------------------+--------+----------+-------------------------------------------------------------------------------------+


+-----------------------------------------------------------------------------------------------------------------------------+
; Port Connectivity Checks: "axil_mlp:mlp|MLP:core|layer:l1"                                                                  ;
+-------------------+--------+----------+-------------------------------------------------------------------------------------+
; Port              ; Type   ; Severity ; Details                                                                             ;
+-------------------+--------+----------+-------------------------------------------------------------------------------------+
; weightValid       ; Input  ; Info     ; Stuck at GND                                                                        ;
; biasValid         ; Input  ; Info     ; Stuck at GND                                                                        ;
; weightValue       ; Input  ; Info     ; Stuck at GND                                                                        ;
; biasValue         ; Input  ; Info     ; Stuck at GND                                                                        ;
; config_layer_num  ; Input  ; Info     ; Stuck at GND                                                                        ;
; config_neuron_num ; Input  ; Info     ; Stuck at GND                                                                        ;
; o_valid[3..1]     ; Output ; Info     ; Connected to dangling logic. Logic that only feeds a dangling port will be removed. ;
+-------------------+--------+----------+-------------------------------------------------------------------------------------+


+---------------------------------------------------------------------------------------------------------------------------------------------+
; Port Connectivity Checks: "picorv32_axi:cpu|picorv32:picorv32_core"                                                                         ;
+--------------+--------+----------+----------------------------------------------------------------------------------------------------------+
; Port         ; Type   ; Severity ; Details                                                                                                  ;
+--------------+--------+----------+----------------------------------------------------------------------------------------------------------+
; mem_la_read  ; Output ; Warning  ; Declared by entity but not connected by instance. Logic that only feeds a dangling port will be removed. ;
; mem_la_write ; Output ; Warning  ; Declared by entity but not connected by instance. Logic that only feeds a dangling port will be removed. ;
; mem_la_addr  ; Output ; Warning  ; Declared by entity but not connected by instance. Logic that only feeds a dangling port will be removed. ;
; mem_la_wdata ; Output ; Warning  ; Declared by entity but not connected by instance. Logic that only feeds a dangling port will be removed. ;
; mem_la_wstrb ; Output ; Warning  ; Declared by entity but not connected by instance. Logic that only feeds a dangling port will be removed. ;
+--------------+--------+----------+----------------------------------------------------------------------------------------------------------+


+-----------------------------------------------------------------------------------------------------------------------------------------------+
; Port Connectivity Checks: "picorv32_axi:cpu"                                                                                                  ;
+----------------+--------+----------+----------------------------------------------------------------------------------------------------------+
; Port           ; Type   ; Severity ; Details                                                                                                  ;
+----------------+--------+----------+----------------------------------------------------------------------------------------------------------+
; mem_axi_awprot ; Output ; Info     ; Connected to dangling logic. Logic that only feeds a dangling port will be removed.                      ;
; mem_axi_arprot ; Output ; Info     ; Connected to dangling logic. Logic that only feeds a dangling port will be removed.                      ;
; pcpi_wr        ; Input  ; Info     ; Stuck at GND                                                                                             ;
; pcpi_rd        ; Input  ; Info     ; Stuck at GND                                                                                             ;
; pcpi_wait      ; Input  ; Info     ; Stuck at GND                                                                                             ;
; pcpi_ready     ; Input  ; Info     ; Stuck at GND                                                                                             ;
; irq            ; Input  ; Info     ; Stuck at GND                                                                                             ;
; pcpi_valid     ; Output ; Warning  ; Declared by entity but not connected by instance. Logic that only feeds a dangling port will be removed. ;
; pcpi_insn      ; Output ; Warning  ; Declared by entity but not connected by instance. Logic that only feeds a dangling port will be removed. ;
; pcpi_rs1       ; Output ; Warning  ; Declared by entity but not connected by instance. Logic that only feeds a dangling port will be removed. ;
; pcpi_rs2       ; Output ; Warning  ; Declared by entity but not connected by instance. Logic that only feeds a dangling port will be removed. ;
; eoi            ; Output ; Warning  ; Declared by entity but not connected by instance. Logic that only feeds a dangling port will be removed. ;
; trace_valid    ; Output ; Warning  ; Declared by entity but not connected by instance. Logic that only feeds a dangling port will be removed. ;
; trace_data     ; Output ; Warning  ; Declared by entity but not connected by instance. Logic that only feeds a dangling port will be removed. ;
+----------------+--------+----------+----------------------------------------------------------------------------------------------------------+


+-----------------------------------------------------+
; Post-Synthesis Netlist Statistics for Top Partition ;
+-----------------------+-----------------------------+
; Type                  ; Count                       ;
+-----------------------+-----------------------------+
; arriav_ff             ; 38187                       ;
;     ENA               ; 33230                       ;
;     ENA SCLR          ; 2074                        ;
;     ENA SCLR SLD      ; 199                         ;
;     ENA SLD           ; 484                         ;
;     SCLR              ; 919                         ;
;     SCLR SLD          ; 33                          ;
;     SLD               ; 156                         ;
;     plain             ; 1092                        ;
; arriav_io_obuf        ; 4                           ;
; arriav_lcell_comb     ; 25492                       ;
;     arith             ; 2412                        ;
;         0 data inputs ; 5                           ;
;         1 data inputs ; 1089                        ;
;         2 data inputs ; 1112                        ;
;         3 data inputs ; 67                          ;
;         4 data inputs ; 63                          ;
;         5 data inputs ; 76                          ;
;     extend            ; 464                         ;
;         7 data inputs ; 464                         ;
;     normal            ; 22584                       ;
;         0 data inputs ; 1                           ;
;         1 data inputs ; 4123                        ;
;         2 data inputs ; 590                         ;
;         3 data inputs ; 381                         ;
;         4 data inputs ; 4757                        ;
;         5 data inputs ; 771                         ;
;         6 data inputs ; 11961                       ;
;     shared            ; 32                          ;
;         2 data inputs ; 32                          ;
; arriav_mac            ; 30                          ;
; boundary_port         ; 18                          ;
; stratixv_ram_block    ; 64                          ;
;                       ;                             ;
; Max LUT depth         ; 9.00                        ;
; Average LUT depth     ; 4.51                        ;
+-----------------------+-----------------------------+


+-------------------------------+
; Elapsed Time Per Partition    ;
+----------------+--------------+
; Partition Name ; Elapsed Time ;
+----------------+--------------+
; Top            ; 00:01:02     ;
+----------------+--------------+


+-------------------------------+
; Analysis & Synthesis Messages ;
+-------------------------------+
Info: *******************************************************************
Info: Running Quartus Prime Analysis & Synthesis
    Info: Version 25.1std.0 Build 1129 10/21/2025 SC Lite Edition
    Info: Processing started: Thu Oct  8 22:10:07 2026
Info: Command: quartus_map --read_settings_files=on --write_settings_files=off MYTHRILL_SOC -c MYTHRILL_SOC
Warning (12473): User specified to use only one processors but 6 processors were detected which could be used to decrease run time.
Info (12021): Found 1 design units, including 1 entities, in source file src/uart.sv
    Info (12023): Found entity 1: uart File: C:/Users/valer/OneDrive/Documents/BRIN STUFF/COMPETITION/DE10-NANO/src/uart.sv Line: 3
Info (12021): Found 1 design units, including 1 entities, in source file src/rs485_controller.sv
    Info (12023): Found entity 1: rs485_controller File: C:/Users/valer/OneDrive/Documents/BRIN STUFF/COMPETITION/DE10-NANO/src/rs485_controller.sv Line: 1
Info (12021): Found 1 design units, including 1 entities, in source file src/reset_top.sv
    Info (12023): Found entity 1: reset_top File: C:/Users/valer/OneDrive/Documents/BRIN STUFF/COMPETITION/DE10-NANO/src/reset_top.sv Line: 1
Info (12021): Found 1 design units, including 1 entities, in source file src/pwm.sv
    Info (12023): Found entity 1: pwm File: C:/Users/valer/OneDrive/Documents/BRIN STUFF/COMPETITION/DE10-NANO/src/pwm.sv Line: 1
Warning (10335): Unrecognized synthesis attribute "parallel_case" at src/picorv32.v(331) File: C:/Users/valer/OneDrive/Documents/BRIN STUFF/COMPETITION/DE10-NANO/src/picorv32.v Line: 331
Warning (10335): Unrecognized synthesis attribute "full_case" at src/picorv32.v(402) File: C:/Users/valer/OneDrive/Documents/BRIN STUFF/COMPETITION/DE10-NANO/src/picorv32.v Line: 402
Warning (10335): Unrecognized synthesis attribute "parallel_case" at src/picorv32.v(1119) File: C:/Users/valer/OneDrive/Documents/BRIN STUFF/COMPETITION/DE10-NANO/src/picorv32.v Line: 1119
Warning (10335): Unrecognized synthesis attribute "parallel_case" at src/picorv32.v(1251) File: C:/Users/valer/OneDrive/Documents/BRIN STUFF/COMPETITION/DE10-NANO/src/picorv32.v Line: 1251
Warning (10335): Unrecognized synthesis attribute "full_case" at src/picorv32.v(1251) File: C:/Users/valer/OneDrive/Documents/BRIN STUFF/COMPETITION/DE10-NANO/src/picorv32.v Line: 1251
Warning (10335): Unrecognized synthesis attribute "parallel_case" at src/picorv32.v(1268) File: C:/Users/valer/OneDrive/Documents/BRIN STUFF/COMPETITION/DE10-NANO/src/picorv32.v Line: 1268
Warning (10335): Unrecognized synthesis attribute "full_case" at src/picorv32.v(1268) File: C:/Users/valer/OneDrive/Documents/BRIN STUFF/COMPETITION/DE10-NANO/src/picorv32.v Line: 1268
Warning (10335): Unrecognized synthesis attribute "parallel_case" at src/picorv32.v(1314) File: C:/Users/valer/OneDrive/Documents/BRIN STUFF/COMPETITION/DE10-NANO/src/picorv32.v Line: 1314
Warning (10335): Unrecognized synthesis attribute "parallel_case" at src/picorv32.v(1485) File: C:/Users/valer/OneDrive/Documents/BRIN STUFF/COMPETITION/DE10-NANO/src/picorv32.v Line: 1485
Warning (10335): Unrecognized synthesis attribute "full_case" at src/picorv32.v(1485) File: C:/Users/valer/OneDrive/Documents/BRIN STUFF/COMPETITION/DE10-NANO/src/picorv32.v Line: 1485
Warning (10335): Unrecognized synthesis attribute "parallel_case" at src/picorv32.v(1497) File: C:/Users/valer/OneDrive/Documents/BRIN STUFF/COMPETITION/DE10-NANO/src/picorv32.v Line: 1497
Warning (10335): Unrecognized synthesis attribute "parallel_case" at src/picorv32.v(1583) File: C:/Users/valer/OneDrive/Documents/BRIN STUFF/COMPETITION/DE10-NANO/src/picorv32.v Line: 1583
Warning (10335): Unrecognized synthesis attribute "parallel_case" at src/picorv32.v(1627) File: C:/Users/valer/OneDrive/Documents/BRIN STUFF/COMPETITION/DE10-NANO/src/picorv32.v Line: 1627
Warning (10335): Unrecognized synthesis attribute "full_case" at src/picorv32.v(1627) File: C:/Users/valer/OneDrive/Documents/BRIN STUFF/COMPETITION/DE10-NANO/src/picorv32.v Line: 1627
Warning (10335): Unrecognized synthesis attribute "parallel_case" at src/picorv32.v(1735) File: C:/Users/valer/OneDrive/Documents/BRIN STUFF/COMPETITION/DE10-NANO/src/picorv32.v Line: 1735
Warning (10335): Unrecognized synthesis attribute "parallel_case" at src/picorv32.v(1766) File: C:/Users/valer/OneDrive/Documents/BRIN STUFF/COMPETITION/DE10-NANO/src/picorv32.v Line: 1766
Warning (10335): Unrecognized synthesis attribute "parallel_case" at src/picorv32.v(1836) File: C:/Users/valer/OneDrive/Documents/BRIN STUFF/COMPETITION/DE10-NANO/src/picorv32.v Line: 1836
Warning (10335): Unrecognized synthesis attribute "full_case" at src/picorv32.v(1836) File: C:/Users/valer/OneDrive/Documents/BRIN STUFF/COMPETITION/DE10-NANO/src/picorv32.v Line: 1836
Warning (10335): Unrecognized synthesis attribute "parallel_case" at src/picorv32.v(1844) File: C:/Users/valer/OneDrive/Documents/BRIN STUFF/COMPETITION/DE10-NANO/src/picorv32.v Line: 1844
Warning (10335): Unrecognized synthesis attribute "full_case" at src/picorv32.v(1844) File: C:/Users/valer/OneDrive/Documents/BRIN STUFF/COMPETITION/DE10-NANO/src/picorv32.v Line: 1844
Warning (10335): Unrecognized synthesis attribute "parallel_case" at src/picorv32.v(1859) File: C:/Users/valer/OneDrive/Documents/BRIN STUFF/COMPETITION/DE10-NANO/src/picorv32.v Line: 1859
Warning (10335): Unrecognized synthesis attribute "full_case" at src/picorv32.v(1859) File: C:/Users/valer/OneDrive/Documents/BRIN STUFF/COMPETITION/DE10-NANO/src/picorv32.v Line: 1859
Warning (10335): Unrecognized synthesis attribute "parallel_case" at src/picorv32.v(1884) File: C:/Users/valer/OneDrive/Documents/BRIN STUFF/COMPETITION/DE10-NANO/src/picorv32.v Line: 1884
Warning (10335): Unrecognized synthesis attribute "full_case" at src/picorv32.v(1884) File: C:/Users/valer/OneDrive/Documents/BRIN STUFF/COMPETITION/DE10-NANO/src/picorv32.v Line: 1884
Warning (10335): Unrecognized synthesis attribute "parallel_case" at src/picorv32.v(1901) File: C:/Users/valer/OneDrive/Documents/BRIN STUFF/COMPETITION/DE10-NANO/src/picorv32.v Line: 1901
Warning (10335): Unrecognized synthesis attribute "full_case" at src/picorv32.v(1901) File: C:/Users/valer/OneDrive/Documents/BRIN STUFF/COMPETITION/DE10-NANO/src/picorv32.v Line: 1901
Info (12021): Found 8 design units, including 8 entities, in source file src/picorv32.v
    Info (12023): Found entity 1: picorv32 File: C:/Users/valer/OneDrive/Documents/BRIN STUFF/COMPETITION/DE10-NANO/src/picorv32.v Line: 62
    Info (12023): Found entity 2: picorv32_regs File: C:/Users/valer/OneDrive/Documents/BRIN STUFF/COMPETITION/DE10-NANO/src/picorv32.v Line: 2174
    Info (12023): Found entity 3: picorv32_pcpi_mul File: C:/Users/valer/OneDrive/Documents/BRIN STUFF/COMPETITION/DE10-NANO/src/picorv32.v Line: 2197
    Info (12023): Found entity 4: picorv32_pcpi_fast_mul File: C:/Users/valer/OneDrive/Documents/BRIN STUFF/COMPETITION/DE10-NANO/src/picorv32.v Line: 2318
    Info (12023): Found entity 5: picorv32_pcpi_div File: C:/Users/valer/OneDrive/Documents/BRIN STUFF/COMPETITION/DE10-NANO/src/picorv32.v Line: 2420
    Info (12023): Found entity 6: picorv32_axi File: C:/Users/valer/OneDrive/Documents/BRIN STUFF/COMPETITION/DE10-NANO/src/picorv32.v Line: 2517
    Info (12023): Found entity 7: picorv32_axi_adapter File: C:/Users/valer/OneDrive/Documents/BRIN STUFF/COMPETITION/DE10-NANO/src/picorv32.v Line: 2731
    Info (12023): Found entity 8: picorv32_wb File: C:/Users/valer/OneDrive/Documents/BRIN STUFF/COMPETITION/DE10-NANO/src/picorv32.v Line: 2815
Info (12021): Found 4 design units, including 4 entities, in source file src/neuron.sv
    Info (12023): Found entity 1: neuron File: C:/Users/valer/OneDrive/Documents/BRIN STUFF/COMPETITION/DE10-NANO/src/neuron.sv Line: 4
    Info (12023): Found entity 2: weight_rom File: C:/Users/valer/OneDrive/Documents/BRIN STUFF/COMPETITION/DE10-NANO/src/neuron.sv Line: 161
    Info (12023): Found entity 3: relu File: C:/Users/valer/OneDrive/Documents/BRIN STUFF/COMPETITION/DE10-NANO/src/neuron.sv Line: 261
    Info (12023): Found entity 4: linear File: C:/Users/valer/OneDrive/Documents/BRIN STUFF/COMPETITION/DE10-NANO/src/neuron.sv Line: 283
Info (12021): Found 1 design units, including 1 entities, in source file src/mythrill-soc.sv
    Info (12023): Found entity 1: MYTHRILL_SOC File: C:/Users/valer/OneDrive/Documents/BRIN STUFF/COMPETITION/DE10-NANO/src/MYTHRILL-SOC.sv Line: 11
Info (12021): Found 0 design units, including 0 entities, in source file src/mlp_include.sv
Info (12021): Found 1 design units, including 1 entities, in source file src/mlp_bridge.sv
    Info (12023): Found entity 1: mlp_bridge File: C:/Users/valer/OneDrive/Documents/BRIN STUFF/COMPETITION/DE10-NANO/src/mlp_bridge.sv Line: 19
Info (12021): Found 3 design units, including 3 entities, in source file src/mlp.sv
    Info (12023): Found entity 1: MLP File: C:/Users/valer/OneDrive/Documents/BRIN STUFF/COMPETITION/DE10-NANO/src/MLP.sv Line: 18
    Info (12023): Found entity 2: serializer File: C:/Users/valer/OneDrive/Documents/BRIN STUFF/COMPETITION/DE10-NANO/src/MLP.sv Line: 180
    Info (12023): Found entity 3: layer File: C:/Users/valer/OneDrive/Documents/BRIN STUFF/COMPETITION/DE10-NANO/src/MLP.sv Line: 233
Info (12021): Found 1 design units, including 1 entities, in source file src/i2c.sv
    Info (12023): Found entity 1: i2c File: C:/Users/valer/OneDrive/Documents/BRIN STUFF/COMPETITION/DE10-NANO/src/i2c.sv Line: 1
Info (12021): Found 1 design units, including 1 entities, in source file src/ds2331_driver.sv
    Info (12023): Found entity 1: ds2331_driver File: C:/Users/valer/OneDrive/Documents/BRIN STUFF/COMPETITION/DE10-NANO/src/ds2331_driver.sv Line: 1
Info (12021): Found 1 design units, including 1 entities, in source file src/axil_uart.sv
    Info (12023): Found entity 1: axil_uart File: C:/Users/valer/OneDrive/Documents/BRIN STUFF/COMPETITION/DE10-NANO/src/axil_uart.sv Line: 11
Info (12021): Found 1 design units, including 1 entities, in source file src/axil_pwm.sv
    Info (12023): Found entity 1: axil_pwm File: C:/Users/valer/OneDrive/Documents/BRIN STUFF/COMPETITION/DE10-NANO/src/axil_pwm.sv Line: 8
Info (12021): Found 1 design units, including 1 entities, in source file src/axil_mlp.sv
    Info (12023): Found entity 1: axil_mlp File: C:/Users/valer/OneDrive/Documents/BRIN STUFF/COMPETITION/DE10-NANO/src/axil_MLP.sv Line: 22
Info (12021): Found 1 design units, including 1 entities, in source file src/axil_interconnect.sv
    Info (12023): Found entity 1: axil_interconnect File: C:/Users/valer/OneDrive/Documents/BRIN STUFF/COMPETITION/DE10-NANO/src/axil_interconnect.sv Line: 2
Info (12021): Found 1 design units, including 1 entities, in source file src/axil_gpio.sv
    Info (12023): Found entity 1: axil_gpio File: C:/Users/valer/OneDrive/Documents/BRIN STUFF/COMPETITION/DE10-NANO/src/axil_gpio.sv Line: 7
Info (12021): Found 1 design units, including 1 entities, in source file src/axil_esc.sv
    Info (12023): Found entity 1: axil_esc File: C:/Users/valer/OneDrive/Documents/BRIN STUFF/COMPETITION/DE10-NANO/src/axil_esc.sv Line: 14
Info (12021): Found 1 design units, including 1 entities, in source file src/axil_bram.sv
    Info (12023): Found entity 1: axil_bram File: C:/Users/valer/OneDrive/Documents/BRIN STUFF/COMPETITION/DE10-NANO/src/axil_bram.sv Line: 6
Info (12021): Found 3 design units, including 3 entities, in source file src/axi_sensor_controller.sv
    Info (12023): Found entity 1: axi_sensor_controller File: C:/Users/valer/OneDrive/Documents/BRIN STUFF/COMPETITION/DE10-NANO/src/axi_sensor_controller.sv Line: 19
    Info (12023): Found entity 2: sensor_poll_timer File: C:/Users/valer/OneDrive/Documents/BRIN STUFF/COMPETITION/DE10-NANO/src/axi_sensor_controller.sv Line: 230
    Info (12023): Found entity 3: sync_pipe File: C:/Users/valer/OneDrive/Documents/BRIN STUFF/COMPETITION/DE10-NANO/src/axi_sensor_controller.sv Line: 269
Info (12021): Found 1 design units, including 1 entities, in source file src/aht10_driver.sv
    Info (12023): Found entity 1: aht10_driver File: C:/Users/valer/OneDrive/Documents/BRIN STUFF/COMPETITION/DE10-NANO/src/aht10_driver.sv Line: 1
Warning (10222): Verilog HDL Parameter Declaration warning at neuron.sv(26): Parameter Declaration in module "neuron" behaves as a Local Parameter Declaration because the module has a Module Parameter Port List File: C:/Users/valer/OneDrive/Documents/BRIN STUFF/COMPETITION/DE10-NANO/src/neuron.sv Line: 26
Info (12127): Elaborating entity "MYTHRILL_SOC" for the top level hierarchy
Info (12128): Elaborating entity "reset_top" for hierarchy "reset_top:rst_top" File: C:/Users/valer/OneDrive/Documents/BRIN STUFF/COMPETITION/DE10-NANO/src/MYTHRILL-SOC.sv Line: 50
Warning (10230): Verilog HDL assignment warning at reset_top.sv(13): truncated value with size 32 to match size of target (8) File: C:/Users/valer/OneDrive/Documents/BRIN STUFF/COMPETITION/DE10-NANO/src/reset_top.sv Line: 13
Info (12128): Elaborating entity "picorv32_axi" for hierarchy "picorv32_axi:cpu" File: C:/Users/valer/OneDrive/Documents/BRIN STUFF/COMPETITION/DE10-NANO/src/MYTHRILL-SOC.sv Line: 115
Info (12128): Elaborating entity "picorv32_axi_adapter" for hierarchy "picorv32_axi:cpu|picorv32_axi_adapter:axi_adapter" File: C:/Users/valer/OneDrive/Documents/BRIN STUFF/COMPETITION/DE10-NANO/src/picorv32.v Line: 2646
Info (12128): Elaborating entity "picorv32" for hierarchy "picorv32_axi:cpu|picorv32:picorv32_core" File: C:/Users/valer/OneDrive/Documents/BRIN STUFF/COMPETITION/DE10-NANO/src/picorv32.v Line: 2723
Warning (10036): Verilog HDL or VHDL warning at picorv32.v(181): object "dbg_insn_addr" assigned a value but never read File: C:/Users/valer/OneDrive/Documents/BRIN STUFF/COMPETITION/DE10-NANO/src/picorv32.v Line: 181
Warning (10036): Verilog HDL or VHDL warning at picorv32.v(183): object "dbg_mem_valid" assigned a value but never read File: C:/Users/valer/OneDrive/Documents/BRIN STUFF/COMPETITION/DE10-NANO/src/picorv32.v Line: 183
Warning (10036): Verilog HDL or VHDL warning at picorv32.v(184): object "dbg_mem_instr" assigned a value but never read File: C:/Users/valer/OneDrive/Documents/BRIN STUFF/COMPETITION/DE10-NANO/src/picorv32.v Line: 184
Warning (10036): Verilog HDL or VHDL warning at picorv32.v(185): object "dbg_mem_ready" assigned a value but never read File: C:/Users/valer/OneDrive/Documents/BRIN STUFF/COMPETITION/DE10-NANO/src/picorv32.v Line: 185
Warning (10036): Verilog HDL or VHDL warning at picorv32.v(186): object "dbg_mem_addr" assigned a value but never read File: C:/Users/valer/OneDrive/Documents/BRIN STUFF/COMPETITION/DE10-NANO/src/picorv32.v Line: 186
Warning (10036): Verilog HDL or VHDL warning at picorv32.v(187): object "dbg_mem_wdata" assigned a value but never read File: C:/Users/valer/OneDrive/Documents/BRIN STUFF/COMPETITION/DE10-NANO/src/picorv32.v Line: 187
Warning (10036): Verilog HDL or VHDL warning at picorv32.v(188): object "dbg_mem_wstrb" assigned a value but never read File: C:/Users/valer/OneDrive/Documents/BRIN STUFF/COMPETITION/DE10-NANO/src/picorv32.v Line: 188
Warning (10036): Verilog HDL or VHDL warning at picorv32.v(189): object "dbg_mem_rdata" assigned a value but never read File: C:/Users/valer/OneDrive/Documents/BRIN STUFF/COMPETITION/DE10-NANO/src/picorv32.v Line: 189
Warning (10036): Verilog HDL or VHDL warning at picorv32.v(375): object "mem_busy" assigned a value but never read File: C:/Users/valer/OneDrive/Documents/BRIN STUFF/COMPETITION/DE10-NANO/src/picorv32.v Line: 375
Warning (10036): Verilog HDL or VHDL warning at picorv32.v(696): object "dbg_rs1val" assigned a value but never read File: C:/Users/valer/OneDrive/Documents/BRIN STUFF/COMPETITION/DE10-NANO/src/picorv32.v Line: 696
Warning (10036): Verilog HDL or VHDL warning at picorv32.v(697): object "dbg_rs2val" assigned a value but never read File: C:/Users/valer/OneDrive/Documents/BRIN STUFF/COMPETITION/DE10-NANO/src/picorv32.v Line: 697
Warning (10036): Verilog HDL or VHDL warning at picorv32.v(698): object "dbg_rs1val_valid" assigned a value but never read File: C:/Users/valer/OneDrive/Documents/BRIN STUFF/COMPETITION/DE10-NANO/src/picorv32.v Line: 698
Warning (10036): Verilog HDL or VHDL warning at picorv32.v(699): object "dbg_rs2val_valid" assigned a value but never read File: C:/Users/valer/OneDrive/Documents/BRIN STUFF/COMPETITION/DE10-NANO/src/picorv32.v Line: 699
Warning (10036): Verilog HDL or VHDL warning at picorv32.v(769): object "dbg_valid_insn" assigned a value but never read File: C:/Users/valer/OneDrive/Documents/BRIN STUFF/COMPETITION/DE10-NANO/src/picorv32.v Line: 769
Warning (10036): Verilog HDL or VHDL warning at picorv32.v(1184): object "dbg_ascii_state" assigned a value but never read File: C:/Users/valer/OneDrive/Documents/BRIN STUFF/COMPETITION/DE10-NANO/src/picorv32.v Line: 1184
Warning (10763): Verilog HDL warning at picorv32.v(332): case statement has overlapping case item expressions with non-constant or don't care bits - unable to check case statement for completeness File: C:/Users/valer/OneDrive/Documents/BRIN STUFF/COMPETITION/DE10-NANO/src/picorv32.v Line: 332
Warning (10270): Verilog HDL Case Statement warning at picorv32.v(332): incomplete case statement has no default case item File: C:/Users/valer/OneDrive/Documents/BRIN STUFF/COMPETITION/DE10-NANO/src/picorv32.v Line: 332
Warning (10230): Verilog HDL assignment warning at picorv32.v(617): truncated value with size 32 to match size of target (2) File: C:/Users/valer/OneDrive/Documents/BRIN STUFF/COMPETITION/DE10-NANO/src/picorv32.v Line: 617
Warning (10230): Verilog HDL assignment warning at picorv32.v(908): truncated value with size 32 to match size of target (5) File: C:/Users/valer/OneDrive/Documents/BRIN STUFF/COMPETITION/DE10-NANO/src/picorv32.v Line: 908
Warning (10230): Verilog HDL assignment warning at picorv32.v(912): truncated value with size 32 to match size of target (5) File: C:/Users/valer/OneDrive/Documents/BRIN STUFF/COMPETITION/DE10-NANO/src/picorv32.v Line: 912
Warning (10230): Verilog HDL assignment warning at picorv32.v(913): truncated value with size 32 to match size of target (5) File: C:/Users/valer/OneDrive/Documents/BRIN STUFF/COMPETITION/DE10-NANO/src/picorv32.v Line: 913
Warning (10230): Verilog HDL assignment warning at picorv32.v(917): truncated value with size 32 to match size of target (5) File: C:/Users/valer/OneDrive/Documents/BRIN STUFF/COMPETITION/DE10-NANO/src/picorv32.v Line: 917
Warning (10230): Verilog HDL assignment warning at picorv32.v(918): truncated value with size 32 to match size of target (5) File: C:/Users/valer/OneDrive/Documents/BRIN STUFF/COMPETITION/DE10-NANO/src/picorv32.v Line: 918
Warning (10230): Verilog HDL assignment warning at picorv32.v(954): truncated value with size 32 to match size of target (5) File: C:/Users/valer/OneDrive/Documents/BRIN STUFF/COMPETITION/DE10-NANO/src/picorv32.v Line: 954
Warning (10230): Verilog HDL assignment warning at picorv32.v(955): truncated value with size 32 to match size of target (5) File: C:/Users/valer/OneDrive/Documents/BRIN STUFF/COMPETITION/DE10-NANO/src/picorv32.v Line: 955
Warning (10230): Verilog HDL assignment warning at picorv32.v(956): truncated value with size 6 to match size of target (5) File: C:/Users/valer/OneDrive/Documents/BRIN STUFF/COMPETITION/DE10-NANO/src/picorv32.v Line: 956
Warning (10230): Verilog HDL assignment warning at picorv32.v(960): truncated value with size 32 to match size of target (5) File: C:/Users/valer/OneDrive/Documents/BRIN STUFF/COMPETITION/DE10-NANO/src/picorv32.v Line: 960
Warning (10230): Verilog HDL assignment warning at picorv32.v(961): truncated value with size 32 to match size of target (5) File: C:/Users/valer/OneDrive/Documents/BRIN STUFF/COMPETITION/DE10-NANO/src/picorv32.v Line: 961
Warning (10230): Verilog HDL assignment warning at picorv32.v(965): truncated value with size 32 to match size of target (5) File: C:/Users/valer/OneDrive/Documents/BRIN STUFF/COMPETITION/DE10-NANO/src/picorv32.v Line: 965
Warning (10230): Verilog HDL assignment warning at picorv32.v(966): truncated value with size 32 to match size of target (5) File: C:/Users/valer/OneDrive/Documents/BRIN STUFF/COMPETITION/DE10-NANO/src/picorv32.v Line: 966
Warning (10230): Verilog HDL assignment warning at picorv32.v(967): truncated value with size 32 to match size of target (5) File: C:/Users/valer/OneDrive/Documents/BRIN STUFF/COMPETITION/DE10-NANO/src/picorv32.v Line: 967
Warning (10230): Verilog HDL assignment warning at picorv32.v(975): truncated value with size 32 to match size of target (5) File: C:/Users/valer/OneDrive/Documents/BRIN STUFF/COMPETITION/DE10-NANO/src/picorv32.v Line: 975
Warning (10230): Verilog HDL assignment warning at picorv32.v(980): truncated value with size 32 to match size of target (5) File: C:/Users/valer/OneDrive/Documents/BRIN STUFF/COMPETITION/DE10-NANO/src/picorv32.v Line: 980
Warning (10230): Verilog HDL assignment warning at picorv32.v(992): truncated value with size 6 to match size of target (5) File: C:/Users/valer/OneDrive/Documents/BRIN STUFF/COMPETITION/DE10-NANO/src/picorv32.v Line: 992
Warning (10230): Verilog HDL assignment warning at picorv32.v(1245): truncated value with size 33 to match size of target (32) File: C:/Users/valer/OneDrive/Documents/BRIN STUFF/COMPETITION/DE10-NANO/src/picorv32.v Line: 1245
Warning (10230): Verilog HDL assignment warning at picorv32.v(1250): truncated value with size 32 to match size of target (1) File: C:/Users/valer/OneDrive/Documents/BRIN STUFF/COMPETITION/DE10-NANO/src/picorv32.v Line: 1250
Warning (10763): Verilog HDL warning at picorv32.v(1252): case statement has overlapping case item expressions with non-constant or don't care bits - unable to check case statement for completeness File: C:/Users/valer/OneDrive/Documents/BRIN STUFF/COMPETITION/DE10-NANO/src/picorv32.v Line: 1252
Warning (10208): Verilog HDL Case Statement warning at picorv32.v(1252): honored full_case synthesis attribute - differences between design synthesis and simulation may occur File: C:/Users/valer/OneDrive/Documents/BRIN STUFF/COMPETITION/DE10-NANO/src/picorv32.v Line: 1252
Warning (10763): Verilog HDL warning at picorv32.v(1269): case statement has overlapping case item expressions with non-constant or don't care bits - unable to check case statement for completeness File: C:/Users/valer/OneDrive/Documents/BRIN STUFF/COMPETITION/DE10-NANO/src/picorv32.v Line: 1269
Warning (10208): Verilog HDL Case Statement warning at picorv32.v(1269): honored full_case synthesis attribute - differences between design synthesis and simulation may occur File: C:/Users/valer/OneDrive/Documents/BRIN STUFF/COMPETITION/DE10-NANO/src/picorv32.v Line: 1269
Warning (10763): Verilog HDL warning at picorv32.v(1315): case statement has overlapping case item expressions with non-constant or don't care bits - unable to check case statement for completeness File: C:/Users/valer/OneDrive/Documents/BRIN STUFF/COMPETITION/DE10-NANO/src/picorv32.v Line: 1315
Warning (10270): Verilog HDL Case Statement warning at picorv32.v(1315): incomplete case statement has no default case item File: C:/Users/valer/OneDrive/Documents/BRIN STUFF/COMPETITION/DE10-NANO/src/picorv32.v Line: 1315
Warning (10230): Verilog HDL assignment warning at picorv32.v(1349): truncated value with size 32 to match size of target (5) File: C:/Users/valer/OneDrive/Documents/BRIN STUFF/COMPETITION/DE10-NANO/src/picorv32.v Line: 1349
Warning (10230): Verilog HDL assignment warning at picorv32.v(1404): truncated value with size 32 to match size of target (5) File: C:/Users/valer/OneDrive/Documents/BRIN STUFF/COMPETITION/DE10-NANO/src/picorv32.v Line: 1404
Warning (10230): Verilog HDL assignment warning at picorv32.v(1426): truncated value with size 32 to match size of target (4) File: C:/Users/valer/OneDrive/Documents/BRIN STUFF/COMPETITION/DE10-NANO/src/picorv32.v Line: 1426
Warning (10230): Verilog HDL assignment warning at picorv32.v(1428): truncated value with size 32 to match size of target (4) File: C:/Users/valer/OneDrive/Documents/BRIN STUFF/COMPETITION/DE10-NANO/src/picorv32.v Line: 1428
Warning (10763): Verilog HDL warning at picorv32.v(1498): case statement has overlapping case item expressions with non-constant or don't care bits - unable to check case statement for completeness File: C:/Users/valer/OneDrive/Documents/BRIN STUFF/COMPETITION/DE10-NANO/src/picorv32.v Line: 1498
Warning (10230): Verilog HDL assignment warning at picorv32.v(1594): truncated value with size 32 to match size of target (5) File: C:/Users/valer/OneDrive/Documents/BRIN STUFF/COMPETITION/DE10-NANO/src/picorv32.v Line: 1594
Warning (10763): Verilog HDL warning at picorv32.v(1628): case statement has overlapping case item expressions with non-constant or don't care bits - unable to check case statement for completeness File: C:/Users/valer/OneDrive/Documents/BRIN STUFF/COMPETITION/DE10-NANO/src/picorv32.v Line: 1628
Warning (10208): Verilog HDL Case Statement warning at picorv32.v(1628): honored full_case synthesis attribute - differences between design synthesis and simulation may occur File: C:/Users/valer/OneDrive/Documents/BRIN STUFF/COMPETITION/DE10-NANO/src/picorv32.v Line: 1628
Warning (10230): Verilog HDL assignment warning at picorv32.v(1731): truncated value with size 32 to match size of target (5) File: C:/Users/valer/OneDrive/Documents/BRIN STUFF/COMPETITION/DE10-NANO/src/picorv32.v Line: 1731
Warning (10230): Verilog HDL assignment warning at picorv32.v(1761): truncated value with size 32 to match size of target (5) File: C:/Users/valer/OneDrive/Documents/BRIN STUFF/COMPETITION/DE10-NANO/src/picorv32.v Line: 1761
Warning (10763): Verilog HDL warning at picorv32.v(1837): case statement has overlapping case item expressions with non-constant or don't care bits - unable to check case statement for completeness File: C:/Users/valer/OneDrive/Documents/BRIN STUFF/COMPETITION/DE10-NANO/src/picorv32.v Line: 1837
Warning (10208): Verilog HDL Case Statement warning at picorv32.v(1837): honored full_case synthesis attribute - differences between design synthesis and simulation may occur File: C:/Users/valer/OneDrive/Documents/BRIN STUFF/COMPETITION/DE10-NANO/src/picorv32.v Line: 1837
Warning (10230): Verilog HDL assignment warning at picorv32.v(1842): truncated value with size 32 to match size of target (5) File: C:/Users/valer/OneDrive/Documents/BRIN STUFF/COMPETITION/DE10-NANO/src/picorv32.v Line: 1842
Warning (10763): Verilog HDL warning at picorv32.v(1845): case statement has overlapping case item expressions with non-constant or don't care bits - unable to check case statement for completeness File: C:/Users/valer/OneDrive/Documents/BRIN STUFF/COMPETITION/DE10-NANO/src/picorv32.v Line: 1845
Warning (10208): Verilog HDL Case Statement warning at picorv32.v(1845): honored full_case synthesis attribute - differences between design synthesis and simulation may occur File: C:/Users/valer/OneDrive/Documents/BRIN STUFF/COMPETITION/DE10-NANO/src/picorv32.v Line: 1845
Warning (10230): Verilog HDL assignment warning at picorv32.v(1850): truncated value with size 32 to match size of target (5) File: C:/Users/valer/OneDrive/Documents/BRIN STUFF/COMPETITION/DE10-NANO/src/picorv32.v Line: 1850
Warning (10763): Verilog HDL warning at picorv32.v(1860): case statement has overlapping case item expressions with non-constant or don't care bits - unable to check case statement for completeness File: C:/Users/valer/OneDrive/Documents/BRIN STUFF/COMPETITION/DE10-NANO/src/picorv32.v Line: 1860
Warning (10208): Verilog HDL Case Statement warning at picorv32.v(1860): honored full_case synthesis attribute - differences between design synthesis and simulation may occur File: C:/Users/valer/OneDrive/Documents/BRIN STUFF/COMPETITION/DE10-NANO/src/picorv32.v Line: 1860
Warning (10763): Verilog HDL warning at picorv32.v(1885): case statement has overlapping case item expressions with non-constant or don't care bits - unable to check case statement for completeness File: C:/Users/valer/OneDrive/Documents/BRIN STUFF/COMPETITION/DE10-NANO/src/picorv32.v Line: 1885
Warning (10208): Verilog HDL Case Statement warning at picorv32.v(1885): honored full_case synthesis attribute - differences between design synthesis and simulation may occur File: C:/Users/valer/OneDrive/Documents/BRIN STUFF/COMPETITION/DE10-NANO/src/picorv32.v Line: 1885
Warning (10763): Verilog HDL warning at picorv32.v(1902): case statement has overlapping case item expressions with non-constant or don't care bits - unable to check case statement for completeness File: C:/Users/valer/OneDrive/Documents/BRIN STUFF/COMPETITION/DE10-NANO/src/picorv32.v Line: 1902
Warning (10208): Verilog HDL Case Statement warning at picorv32.v(1902): honored full_case synthesis attribute - differences between design synthesis and simulation may occur File: C:/Users/valer/OneDrive/Documents/BRIN STUFF/COMPETITION/DE10-NANO/src/picorv32.v Line: 1902
Info (12128): Elaborating entity "picorv32_pcpi_mul" for hierarchy "picorv32_axi:cpu|picorv32:picorv32_core|picorv32_pcpi_mul:pcpi_mul" File: C:/Users/valer/OneDrive/Documents/BRIN STUFF/COMPETITION/DE10-NANO/src/picorv32.v Line: 297
Warning (10230): Verilog HDL assignment warning at picorv32.v(2291): truncated value with size 32 to match size of target (7) File: C:/Users/valer/OneDrive/Documents/BRIN STUFF/COMPETITION/DE10-NANO/src/picorv32.v Line: 2291
Warning (10230): Verilog HDL assignment warning at picorv32.v(2299): truncated value with size 32 to match size of target (7) File: C:/Users/valer/OneDrive/Documents/BRIN STUFF/COMPETITION/DE10-NANO/src/picorv32.v Line: 2299
Warning (10230): Verilog HDL assignment warning at picorv32.v(2313): truncated value with size 64 to match size of target (32) File: C:/Users/valer/OneDrive/Documents/BRIN STUFF/COMPETITION/DE10-NANO/src/picorv32.v Line: 2313
Info (12128): Elaborating entity "picorv32_pcpi_div" for hierarchy "picorv32_axi:cpu|picorv32:picorv32_core|picorv32_pcpi_div:pcpi_div" File: C:/Users/valer/OneDrive/Documents/BRIN STUFF/COMPETITION/DE10-NANO/src/picorv32.v Line: 317
Warning (10259): Verilog HDL error at picorv32.v(2478): constant value overflow File: C:/Users/valer/OneDrive/Documents/BRIN STUFF/COMPETITION/DE10-NANO/src/picorv32.v Line: 2478
Warning (10230): Verilog HDL assignment warning at picorv32.v(2499): truncated value with size 63 to match size of target (32) File: C:/Users/valer/OneDrive/Documents/BRIN STUFF/COMPETITION/DE10-NANO/src/picorv32.v Line: 2499
Info (12128): Elaborating entity "axil_interconnect" for hierarchy "axil_interconnect:xbar" File: C:/Users/valer/OneDrive/Documents/BRIN STUFF/COMPETITION/DE10-NANO/src/MYTHRILL-SOC.sv Line: 152
Info (12128): Elaborating entity "axil_bram" for hierarchy "axil_bram:bram" File: C:/Users/valer/OneDrive/Documents/BRIN STUFF/COMPETITION/DE10-NANO/src/MYTHRILL-SOC.sv Line: 176
Info (12128): Elaborating entity "axil_gpio" for hierarchy "axil_gpio:gpio" File: C:/Users/valer/OneDrive/Documents/BRIN STUFF/COMPETITION/DE10-NANO/src/MYTHRILL-SOC.sv Line: 201
Info (12128): Elaborating entity "axil_pwm" for hierarchy "axil_pwm:pwm" File: C:/Users/valer/OneDrive/Documents/BRIN STUFF/COMPETITION/DE10-NANO/src/MYTHRILL-SOC.sv Line: 223
Info (12128): Elaborating entity "pwm" for hierarchy "axil_pwm:pwm|pwm:core" File: C:/Users/valer/OneDrive/Documents/BRIN STUFF/COMPETITION/DE10-NANO/src/axil_pwm.sv Line: 95
Info (12128): Elaborating entity "axil_uart" for hierarchy "axil_uart:debug_host" File: C:/Users/valer/OneDrive/Documents/BRIN STUFF/COMPETITION/DE10-NANO/src/MYTHRILL-SOC.sv Line: 249
Info (12128): Elaborating entity "uart" for hierarchy "axil_uart:debug_host|uart:u_uart" File: C:/Users/valer/OneDrive/Documents/BRIN STUFF/COMPETITION/DE10-NANO/src/axil_uart.sv Line: 123
Info (12128): Elaborating entity "axil_mlp" for hierarchy "axil_mlp:mlp" File: C:/Users/valer/OneDrive/Documents/BRIN STUFF/COMPETITION/DE10-NANO/src/MYTHRILL-SOC.sv Line: 283
Warning (10230): Verilog HDL assignment warning at axil_MLP.sv(190): truncated value with size 32 to match size of target (3) File: C:/Users/valer/OneDrive/Documents/BRIN STUFF/COMPETITION/DE10-NANO/src/axil_MLP.sv Line: 190
Info (12128): Elaborating entity "mlp_bridge" for hierarchy "axil_mlp:mlp|mlp_bridge:scaler" File: C:/Users/valer/OneDrive/Documents/BRIN STUFF/COMPETITION/DE10-NANO/src/axil_MLP.sv Line: 108
Warning (10230): Verilog HDL assignment warning at aht10_driver.sv(218): truncated value with size 32 to match size of target (8) File: C:/Users/valer/OneDrive/Documents/BRIN STUFF/COMPETITION/DE10-NANO/src/aht10_driver.sv Line: 218
Info (12128): Elaborating entity "MLP" for hierarchy "axil_mlp:mlp|MLP:core" File: C:/Users/valer/OneDrive/Documents/BRIN STUFF/COMPETITION/DE10-NANO/src/axil_MLP.sv Line: 126
Info (12128): Elaborating entity "layer" for hierarchy "axil_mlp:mlp|MLP:core|layer:l1" File: C:/Users/valer/OneDrive/Documents/BRIN STUFF/COMPETITION/DE10-NANO/src/MLP.sv Line: 63
Info (12128): Elaborating entity "neuron" for hierarchy "axil_mlp:mlp|MLP:core|layer:l1|neuron:neuron_gen[0].n" File: C:/Users/valer/OneDrive/Documents/BRIN STUFF/COMPETITION/DE10-NANO/src/MLP.sv Line: 279
Warning (10036): Verilog HDL or VHDL warning at neuron.sv(41): object "wen" assigned a value but never read File: C:/Users/valer/OneDrive/Documents/BRIN STUFF/COMPETITION/DE10-NANO/src/neuron.sv Line: 41
Warning (10036): Verilog HDL or VHDL warning at neuron.sv(45): object "w_in" assigned a value but never read File: C:/Users/valer/OneDrive/Documents/BRIN STUFF/COMPETITION/DE10-NANO/src/neuron.sv Line: 45
Warning (10230): Verilog HDL assignment warning at neuron.sv(68): truncated value with size 32 to match size of target (3) File: C:/Users/valer/OneDrive/Documents/BRIN STUFF/COMPETITION/DE10-NANO/src/neuron.sv Line: 68
Warning (10230): Verilog HDL assignment warning at neuron.sv(85): truncated value with size 32 to match size of target (4) File: C:/Users/valer/OneDrive/Documents/BRIN STUFF/COMPETITION/DE10-NANO/src/neuron.sv Line: 85
Warning (10230): Verilog HDL assignment warning at neuron.sv(101): truncated value with size 65 to match size of target (64) File: C:/Users/valer/OneDrive/Documents/BRIN STUFF/COMPETITION/DE10-NANO/src/neuron.sv Line: 101
Warning (10230): Verilog HDL assignment warning at neuron.sv(109): truncated value with size 65 to match size of target (64) File: C:/Users/valer/OneDrive/Documents/BRIN STUFF/COMPETITION/DE10-NANO/src/neuron.sv Line: 109
Info (12128): Elaborating entity "weight_rom" for hierarchy "axil_mlp:mlp|MLP:core|layer:l1|neuron:neuron_gen[0].n|weight_rom:WM" File: C:/Users/valer/OneDrive/Documents/BRIN STUFF/COMPETITION/DE10-NANO/src/neuron.sv Line: 134
Info (12128): Elaborating entity "relu" for hierarchy "axil_mlp:mlp|MLP:core|layer:l1|neuron:neuron_gen[0].n|relu:g_relu.s1" File: C:/Users/valer/OneDrive/Documents/BRIN STUFF/COMPETITION/DE10-NANO/src/neuron.sv Line: 154
Info (12128): Elaborating entity "neuron" for hierarchy "axil_mlp:mlp|MLP:core|layer:l1|neuron:neuron_gen[1].n" File: C:/Users/valer/OneDrive/Documents/BRIN STUFF/COMPETITION/DE10-NANO/src/MLP.sv Line: 279
Warning (10036): Verilog HDL or VHDL warning at neuron.sv(41): object "wen" assigned a value but never read File: C:/Users/valer/OneDrive/Documents/BRIN STUFF/COMPETITION/DE10-NANO/src/neuron.sv Line: 41
Warning (10036): Verilog HDL or VHDL warning at neuron.sv(45): object "w_in" assigned a value but never read File: C:/Users/valer/OneDrive/Documents/BRIN STUFF/COMPETITION/DE10-NANO/src/neuron.sv Line: 45
Warning (10230): Verilog HDL assignment warning at neuron.sv(68): truncated value with size 32 to match size of target (3) File: C:/Users/valer/OneDrive/Documents/BRIN STUFF/COMPETITION/DE10-NANO/src/neuron.sv Line: 68
Warning (10230): Verilog HDL assignment warning at neuron.sv(85): truncated value with size 32 to match size of target (4) File: C:/Users/valer/OneDrive/Documents/BRIN STUFF/COMPETITION/DE10-NANO/src/neuron.sv Line: 85
Warning (10230): Verilog HDL assignment warning at neuron.sv(101): truncated value with size 65 to match size of target (64) File: C:/Users/valer/OneDrive/Documents/BRIN STUFF/COMPETITION/DE10-NANO/src/neuron.sv Line: 101
Warning (10230): Verilog HDL assignment warning at neuron.sv(109): truncated value with size 65 to match size of target (64) File: C:/Users/valer/OneDrive/Documents/BRIN STUFF/COMPETITION/DE10-NANO/src/neuron.sv Line: 109
Info (12128): Elaborating entity "weight_rom" for hierarchy "axil_mlp:mlp|MLP:core|layer:l1|neuron:neuron_gen[1].n|weight_rom:WM" File: C:/Users/valer/OneDrive/Documents/BRIN STUFF/COMPETITION/DE10-NANO/src/neuron.sv Line: 134
Info (12128): Elaborating entity "neuron" for hierarchy "axil_mlp:mlp|MLP:core|layer:l1|neuron:neuron_gen[2].n" File: C:/Users/valer/OneDrive/Documents/BRIN STUFF/COMPETITION/DE10-NANO/src/MLP.sv Line: 279
Warning (10036): Verilog HDL or VHDL warning at neuron.sv(41): object "wen" assigned a value but never read File: C:/Users/valer/OneDrive/Documents/BRIN STUFF/COMPETITION/DE10-NANO/src/neuron.sv Line: 41
Warning (10036): Verilog HDL or VHDL warning at neuron.sv(45): object "w_in" assigned a value but never read File: C:/Users/valer/OneDrive/Documents/BRIN STUFF/COMPETITION/DE10-NANO/src/neuron.sv Line: 45
Warning (10230): Verilog HDL assignment warning at neuron.sv(68): truncated value with size 32 to match size of target (3) File: C:/Users/valer/OneDrive/Documents/BRIN STUFF/COMPETITION/DE10-NANO/src/neuron.sv Line: 68
Warning (10230): Verilog HDL assignment warning at neuron.sv(85): truncated value with size 32 to match size of target (4) File: C:/Users/valer/OneDrive/Documents/BRIN STUFF/COMPETITION/DE10-NANO/src/neuron.sv Line: 85
Warning (10230): Verilog HDL assignment warning at neuron.sv(101): truncated value with size 65 to match size of target (64) File: C:/Users/valer/OneDrive/Documents/BRIN STUFF/COMPETITION/DE10-NANO/src/neuron.sv Line: 101
Warning (10230): Verilog HDL assignment warning at neuron.sv(109): truncated value with size 65 to match size of target (64) File: C:/Users/valer/OneDrive/Documents/BRIN STUFF/COMPETITION/DE10-NANO/src/neuron.sv Line: 109
Info (12128): Elaborating entity "weight_rom" for hierarchy "axil_mlp:mlp|MLP:core|layer:l1|neuron:neuron_gen[2].n|weight_rom:WM" File: C:/Users/valer/OneDrive/Documents/BRIN STUFF/COMPETITION/DE10-NANO/src/neuron.sv Line: 134
Info (12128): Elaborating entity "neuron" for hierarchy "axil_mlp:mlp|MLP:core|layer:l1|neuron:neuron_gen[3].n" File: C:/Users/valer/OneDrive/Documents/BRIN STUFF/COMPETITION/DE10-NANO/src/MLP.sv Line: 279
Warning (10036): Verilog HDL or VHDL warning at neuron.sv(41): object "wen" assigned a value but never read File: C:/Users/valer/OneDrive/Documents/BRIN STUFF/COMPETITION/DE10-NANO/src/neuron.sv Line: 41
Warning (10036): Verilog HDL or VHDL warning at neuron.sv(45): object "w_in" assigned a value but never read File: C:/Users/valer/OneDrive/Documents/BRIN STUFF/COMPETITION/DE10-NANO/src/neuron.sv Line: 45
Warning (10230): Verilog HDL assignment warning at neuron.sv(68): truncated value with size 32 to match size of target (3) File: C:/Users/valer/OneDrive/Documents/BRIN STUFF/COMPETITION/DE10-NANO/src/neuron.sv Line: 68
Warning (10230): Verilog HDL assignment warning at neuron.sv(85): truncated value with size 32 to match size of target (4) File: C:/Users/valer/OneDrive/Documents/BRIN STUFF/COMPETITION/DE10-NANO/src/neuron.sv Line: 85
Warning (10230): Verilog HDL assignment warning at neuron.sv(101): truncated value with size 65 to match size of target (64) File: C:/Users/valer/OneDrive/Documents/BRIN STUFF/COMPETITION/DE10-NANO/src/neuron.sv Line: 101
Warning (10230): Verilog HDL assignment warning at neuron.sv(109): truncated value with size 65 to match size of target (64) File: C:/Users/valer/OneDrive/Documents/BRIN STUFF/COMPETITION/DE10-NANO/src/neuron.sv Line: 109
Info (12128): Elaborating entity "weight_rom" for hierarchy "axil_mlp:mlp|MLP:core|layer:l1|neuron:neuron_gen[3].n|weight_rom:WM" File: C:/Users/valer/OneDrive/Documents/BRIN STUFF/COMPETITION/DE10-NANO/src/neuron.sv Line: 134
Info (12128): Elaborating entity "serializer" for hierarchy "axil_mlp:mlp|MLP:core|serializer:ser1" File: C:/Users/valer/OneDrive/Documents/BRIN STUFF/COMPETITION/DE10-NANO/src/MLP.sv Line: 75
Info (12128): Elaborating entity "layer" for hierarchy "axil_mlp:mlp|MLP:core|layer:l2" File: C:/Users/valer/OneDrive/Documents/BRIN STUFF/COMPETITION/DE10-NANO/src/MLP.sv Line: 103
Info (12128): Elaborating entity "neuron" for hierarchy "axil_mlp:mlp|MLP:core|layer:l2|neuron:neuron_gen[0].n" File: C:/Users/valer/OneDrive/Documents/BRIN STUFF/COMPETITION/DE10-NANO/src/MLP.sv Line: 279
Warning (10036): Verilog HDL or VHDL warning at neuron.sv(41): object "wen" assigned a value but never read File: C:/Users/valer/OneDrive/Documents/BRIN STUFF/COMPETITION/DE10-NANO/src/neuron.sv Line: 41
Warning (10036): Verilog HDL or VHDL warning at neuron.sv(45): object "w_in" assigned a value but never read File: C:/Users/valer/OneDrive/Documents/BRIN STUFF/COMPETITION/DE10-NANO/src/neuron.sv Line: 45
Warning (10230): Verilog HDL assignment warning at neuron.sv(68): truncated value with size 32 to match size of target (2) File: C:/Users/valer/OneDrive/Documents/BRIN STUFF/COMPETITION/DE10-NANO/src/neuron.sv Line: 68
Warning (10230): Verilog HDL assignment warning at neuron.sv(85): truncated value with size 32 to match size of target (3) File: C:/Users/valer/OneDrive/Documents/BRIN STUFF/COMPETITION/DE10-NANO/src/neuron.sv Line: 85
Warning (10230): Verilog HDL assignment warning at neuron.sv(101): truncated value with size 65 to match size of target (64) File: C:/Users/valer/OneDrive/Documents/BRIN STUFF/COMPETITION/DE10-NANO/src/neuron.sv Line: 101
Warning (10230): Verilog HDL assignment warning at neuron.sv(109): truncated value with size 65 to match size of target (64) File: C:/Users/valer/OneDrive/Documents/BRIN STUFF/COMPETITION/DE10-NANO/src/neuron.sv Line: 109
Info (12128): Elaborating entity "weight_rom" for hierarchy "axil_mlp:mlp|MLP:core|layer:l2|neuron:neuron_gen[0].n|weight_rom:WM" File: C:/Users/valer/OneDrive/Documents/BRIN STUFF/COMPETITION/DE10-NANO/src/neuron.sv Line: 134
Info (12128): Elaborating entity "neuron" for hierarchy "axil_mlp:mlp|MLP:core|layer:l2|neuron:neuron_gen[1].n" File: C:/Users/valer/OneDrive/Documents/BRIN STUFF/COMPETITION/DE10-NANO/src/MLP.sv Line: 279
Warning (10036): Verilog HDL or VHDL warning at neuron.sv(41): object "wen" assigned a value but never read File: C:/Users/valer/OneDrive/Documents/BRIN STUFF/COMPETITION/DE10-NANO/src/neuron.sv Line: 41
Warning (10036): Verilog HDL or VHDL warning at neuron.sv(45): object "w_in" assigned a value but never read File: C:/Users/valer/OneDrive/Documents/BRIN STUFF/COMPETITION/DE10-NANO/src/neuron.sv Line: 45
Warning (10230): Verilog HDL assignment warning at neuron.sv(68): truncated value with size 32 to match size of target (2) File: C:/Users/valer/OneDrive/Documents/BRIN STUFF/COMPETITION/DE10-NANO/src/neuron.sv Line: 68
Warning (10230): Verilog HDL assignment warning at neuron.sv(85): truncated value with size 32 to match size of target (3) File: C:/Users/valer/OneDrive/Documents/BRIN STUFF/COMPETITION/DE10-NANO/src/neuron.sv Line: 85
Warning (10230): Verilog HDL assignment warning at neuron.sv(101): truncated value with size 65 to match size of target (64) File: C:/Users/valer/OneDrive/Documents/BRIN STUFF/COMPETITION/DE10-NANO/src/neuron.sv Line: 101
Warning (10230): Verilog HDL assignment warning at neuron.sv(109): truncated value with size 65 to match size of target (64) File: C:/Users/valer/OneDrive/Documents/BRIN STUFF/COMPETITION/DE10-NANO/src/neuron.sv Line: 109
Info (12128): Elaborating entity "weight_rom" for hierarchy "axil_mlp:mlp|MLP:core|layer:l2|neuron:neuron_gen[1].n|weight_rom:WM" File: C:/Users/valer/OneDrive/Documents/BRIN STUFF/COMPETITION/DE10-NANO/src/neuron.sv Line: 134
Info (12128): Elaborating entity "neuron" for hierarchy "axil_mlp:mlp|MLP:core|layer:l2|neuron:neuron_gen[2].n" File: C:/Users/valer/OneDrive/Documents/BRIN STUFF/COMPETITION/DE10-NANO/src/MLP.sv Line: 279
Warning (10036): Verilog HDL or VHDL warning at neuron.sv(41): object "wen" assigned a value but never read File: C:/Users/valer/OneDrive/Documents/BRIN STUFF/COMPETITION/DE10-NANO/src/neuron.sv Line: 41
Warning (10036): Verilog HDL or VHDL warning at neuron.sv(45): object "w_in" assigned a value but never read File: C:/Users/valer/OneDrive/Documents/BRIN STUFF/COMPETITION/DE10-NANO/src/neuron.sv Line: 45
Warning (10230): Verilog HDL assignment warning at neuron.sv(68): truncated value with size 32 to match size of target (2) File: C:/Users/valer/OneDrive/Documents/BRIN STUFF/COMPETITION/DE10-NANO/src/neuron.sv Line: 68
Warning (10230): Verilog HDL assignment warning at neuron.sv(85): truncated value with size 32 to match size of target (3) File: C:/Users/valer/OneDrive/Documents/BRIN STUFF/COMPETITION/DE10-NANO/src/neuron.sv Line: 85
Warning (10230): Verilog HDL assignment warning at neuron.sv(101): truncated value with size 65 to match size of target (64) File: C:/Users/valer/OneDrive/Documents/BRIN STUFF/COMPETITION/DE10-NANO/src/neuron.sv Line: 101
Warning (10230): Verilog HDL assignment warning at neuron.sv(109): truncated value with size 65 to match size of target (64) File: C:/Users/valer/OneDrive/Documents/BRIN STUFF/COMPETITION/DE10-NANO/src/neuron.sv Line: 109
Info (12128): Elaborating entity "weight_rom" for hierarchy "axil_mlp:mlp|MLP:core|layer:l2|neuron:neuron_gen[2].n|weight_rom:WM" File: C:/Users/valer/OneDrive/Documents/BRIN STUFF/COMPETITION/DE10-NANO/src/neuron.sv Line: 134
Info (12128): Elaborating entity "neuron" for hierarchy "axil_mlp:mlp|MLP:core|layer:l2|neuron:neuron_gen[3].n" File: C:/Users/valer/OneDrive/Documents/BRIN STUFF/COMPETITION/DE10-NANO/src/MLP.sv Line: 279
Warning (10036): Verilog HDL or VHDL warning at neuron.sv(41): object "wen" assigned a value but never read File: C:/Users/valer/OneDrive/Documents/BRIN STUFF/COMPETITION/DE10-NANO/src/neuron.sv Line: 41
Warning (10036): Verilog HDL or VHDL warning at neuron.sv(45): object "w_in" assigned a value but never read File: C:/Users/valer/OneDrive/Documents/BRIN STUFF/COMPETITION/DE10-NANO/src/neuron.sv Line: 45
Warning (10230): Verilog HDL assignment warning at neuron.sv(68): truncated value with size 32 to match size of target (2) File: C:/Users/valer/OneDrive/Documents/BRIN STUFF/COMPETITION/DE10-NANO/src/neuron.sv Line: 68
Warning (10230): Verilog HDL assignment warning at neuron.sv(85): truncated value with size 32 to match size of target (3) File: C:/Users/valer/OneDrive/Documents/BRIN STUFF/COMPETITION/DE10-NANO/src/neuron.sv Line: 85
Warning (10230): Verilog HDL assignment warning at neuron.sv(101): truncated value with size 65 to match size of target (64) File: C:/Users/valer/OneDrive/Documents/BRIN STUFF/COMPETITION/DE10-NANO/src/neuron.sv Line: 101
Warning (10230): Verilog HDL assignment warning at neuron.sv(109): truncated value with size 65 to match size of target (64) File: C:/Users/valer/OneDrive/Documents/BRIN STUFF/COMPETITION/DE10-NANO/src/neuron.sv Line: 109
Info (12128): Elaborating entity "weight_rom" for hierarchy "axil_mlp:mlp|MLP:core|layer:l2|neuron:neuron_gen[3].n|weight_rom:WM" File: C:/Users/valer/OneDrive/Documents/BRIN STUFF/COMPETITION/DE10-NANO/src/neuron.sv Line: 134
Info (12128): Elaborating entity "layer" for hierarchy "axil_mlp:mlp|MLP:core|layer:l3" File: C:/Users/valer/OneDrive/Documents/BRIN STUFF/COMPETITION/DE10-NANO/src/MLP.sv Line: 141
Info (12128): Elaborating entity "neuron" for hierarchy "axil_mlp:mlp|MLP:core|layer:l3|neuron:neuron_gen[0].n" File: C:/Users/valer/OneDrive/Documents/BRIN STUFF/COMPETITION/DE10-NANO/src/MLP.sv Line: 279
Warning (10036): Verilog HDL or VHDL warning at neuron.sv(41): object "wen" assigned a value but never read File: C:/Users/valer/OneDrive/Documents/BRIN STUFF/COMPETITION/DE10-NANO/src/neuron.sv Line: 41
Warning (10036): Verilog HDL or VHDL warning at neuron.sv(45): object "w_in" assigned a value but never read File: C:/Users/valer/OneDrive/Documents/BRIN STUFF/COMPETITION/DE10-NANO/src/neuron.sv Line: 45
Warning (10230): Verilog HDL assignment warning at neuron.sv(68): truncated value with size 32 to match size of target (2) File: C:/Users/valer/OneDrive/Documents/BRIN STUFF/COMPETITION/DE10-NANO/src/neuron.sv Line: 68
Warning (10230): Verilog HDL assignment warning at neuron.sv(85): truncated value with size 32 to match size of target (3) File: C:/Users/valer/OneDrive/Documents/BRIN STUFF/COMPETITION/DE10-NANO/src/neuron.sv Line: 85
Warning (10230): Verilog HDL assignment warning at neuron.sv(101): truncated value with size 65 to match size of target (64) File: C:/Users/valer/OneDrive/Documents/BRIN STUFF/COMPETITION/DE10-NANO/src/neuron.sv Line: 101
Warning (10230): Verilog HDL assignment warning at neuron.sv(109): truncated value with size 65 to match size of target (64) File: C:/Users/valer/OneDrive/Documents/BRIN STUFF/COMPETITION/DE10-NANO/src/neuron.sv Line: 109
Info (12128): Elaborating entity "weight_rom" for hierarchy "axil_mlp:mlp|MLP:core|layer:l3|neuron:neuron_gen[0].n|weight_rom:WM" File: C:/Users/valer/OneDrive/Documents/BRIN STUFF/COMPETITION/DE10-NANO/src/neuron.sv Line: 134
Info (12128): Elaborating entity "linear" for hierarchy "axil_mlp:mlp|MLP:core|layer:l3|neuron:neuron_gen[0].n|linear:g_Linear.s1" File: C:/Users/valer/OneDrive/Documents/BRIN STUFF/COMPETITION/DE10-NANO/src/neuron.sv Line: 145
Info (12128): Elaborating entity "axi_sensor_controller" for hierarchy "axi_sensor_controller:sensors" File: C:/Users/valer/OneDrive/Documents/BRIN STUFF/COMPETITION/DE10-NANO/src/MYTHRILL-SOC.sv Line: 323
Info (12128): Elaborating entity "sync_pipe" for hierarchy "axi_sensor_controller:sensors|sync_pipe:p_temp" File: C:/Users/valer/OneDrive/Documents/BRIN STUFF/COMPETITION/DE10-NANO/src/axi_sensor_controller.sv Line: 71
Info (12128): Elaborating entity "sync_pipe" for hierarchy "axi_sensor_controller:sensors|sync_pipe:p_irr" File: C:/Users/valer/OneDrive/Documents/BRIN STUFF/COMPETITION/DE10-NANO/src/axi_sensor_controller.sv Line: 73
Info (12128): Elaborating entity "sync_pipe" for hierarchy "axi_sensor_controller:sensors|sync_pipe:p_hour" File: C:/Users/valer/OneDrive/Documents/BRIN STUFF/COMPETITION/DE10-NANO/src/axi_sensor_controller.sv Line: 75
Info (12128): Elaborating entity "sync_pipe" for hierarchy "axi_sensor_controller:sensors|sync_pipe:p_irrv" File: C:/Users/valer/OneDrive/Documents/BRIN STUFF/COMPETITION/DE10-NANO/src/axi_sensor_controller.sv Line: 76
Info (12128): Elaborating entity "sensor_poll_timer" for hierarchy "axi_sensor_controller:sensors|sensor_poll_timer:poll" File: C:/Users/valer/OneDrive/Documents/BRIN STUFF/COMPETITION/DE10-NANO/src/axi_sensor_controller.sv Line: 163
Info (12128): Elaborating entity "rs485_controller" for hierarchy "axi_sensor_controller:sensors|rs485_controller:sem228a" File: C:/Users/valer/OneDrive/Documents/BRIN STUFF/COMPETITION/DE10-NANO/src/axi_sensor_controller.sv Line: 181
Info (12128): Elaborating entity "uart" for hierarchy "axi_sensor_controller:sensors|rs485_controller:sem228a|uart:rs485" File: C:/Users/valer/OneDrive/Documents/BRIN STUFF/COMPETITION/DE10-NANO/src/rs485_controller.sv Line: 244
Info (12128): Elaborating entity "aht10_driver" for hierarchy "axi_sensor_controller:sensors|aht10_driver:aht10" File: C:/Users/valer/OneDrive/Documents/BRIN STUFF/COMPETITION/DE10-NANO/src/axi_sensor_controller.sv Line: 212
Warning (10036): Verilog HDL or VHDL warning at aht10_driver.sv(48): object "cal" assigned a value but never read File: C:/Users/valer/OneDrive/Documents/BRIN STUFF/COMPETITION/DE10-NANO/src/aht10_driver.sv Line: 48
Warning (10230): Verilog HDL assignment warning at aht10_driver.sv(91): truncated value with size 32 to match size of target (22) File: C:/Users/valer/OneDrive/Documents/BRIN STUFF/COMPETITION/DE10-NANO/src/aht10_driver.sv Line: 91
Warning (10230): Verilog HDL assignment warning at aht10_driver.sv(101): truncated value with size 32 to match size of target (8) File: C:/Users/valer/OneDrive/Documents/BRIN STUFF/COMPETITION/DE10-NANO/src/aht10_driver.sv Line: 101
Warning (10230): Verilog HDL assignment warning at aht10_driver.sv(134): truncated value with size 32 to match size of target (8) File: C:/Users/valer/OneDrive/Documents/BRIN STUFF/COMPETITION/DE10-NANO/src/aht10_driver.sv Line: 134
Warning (10230): Verilog HDL assignment warning at aht10_driver.sv(165): truncated value with size 32 to match size of target (22) File: C:/Users/valer/OneDrive/Documents/BRIN STUFF/COMPETITION/DE10-NANO/src/aht10_driver.sv Line: 165
Warning (10230): Verilog HDL assignment warning at aht10_driver.sv(169): truncated value with size 32 to match size of target (8) File: C:/Users/valer/OneDrive/Documents/BRIN STUFF/COMPETITION/DE10-NANO/src/aht10_driver.sv Line: 169
Info (12128): Elaborating entity "i2c" for hierarchy "axi_sensor_controller:sensors|aht10_driver:aht10|i2c:aht10" File: C:/Users/valer/OneDrive/Documents/BRIN STUFF/COMPETITION/DE10-NANO/src/aht10_driver.sv Line: 69
Warning (10230): Verilog HDL assignment warning at i2c.sv(213): truncated value with size 32 to match size of target (1) File: C:/Users/valer/OneDrive/Documents/BRIN STUFF/COMPETITION/DE10-NANO/src/i2c.sv Line: 213
Warning (10230): Verilog HDL assignment warning at i2c.sv(214): truncated value with size 32 to match size of target (1) File: C:/Users/valer/OneDrive/Documents/BRIN STUFF/COMPETITION/DE10-NANO/src/i2c.sv Line: 214
Info (12128): Elaborating entity "ds2331_driver" for hierarchy "axi_sensor_controller:sensors|ds2331_driver:ds2331" File: C:/Users/valer/OneDrive/Documents/BRIN STUFF/COMPETITION/DE10-NANO/src/axi_sensor_controller.sv Line: 224
Warning (10230): Verilog HDL assignment warning at ds2331_driver.sv(76): truncated value with size 32 to match size of target (23) File: C:/Users/valer/OneDrive/Documents/BRIN STUFF/COMPETITION/DE10-NANO/src/ds2331_driver.sv Line: 76
Warning (10230): Verilog HDL assignment warning at ds2331_driver.sv(86): truncated value with size 32 to match size of target (8) File: C:/Users/valer/OneDrive/Documents/BRIN STUFF/COMPETITION/DE10-NANO/src/ds2331_driver.sv Line: 86
Warning (10230): Verilog HDL assignment warning at ds2331_driver.sv(121): truncated value with size 32 to match size of target (23) File: C:/Users/valer/OneDrive/Documents/BRIN STUFF/COMPETITION/DE10-NANO/src/ds2331_driver.sv Line: 121
Warning (276020): Inferred RAM node "picorv32_axi:cpu|picorv32:picorv32_core|cpuregs_rtl_0" from synchronous design logic.  Pass-through logic has been added to match the read-during-write behavior of the original design.
Warning (276020): Inferred RAM node "picorv32_axi:cpu|picorv32:picorv32_core|cpuregs_rtl_1" from synchronous design logic.  Pass-through logic has been added to match the read-during-write behavior of the original design.
Info (19000): Inferred 2 megafunctions from design logic
    Info (276029): Inferred altsyncram megafunction from the following design logic: "picorv32_axi:cpu|picorv32:picorv32_core|cpuregs_rtl_0" 
        Info (286033): Parameter OPERATION_MODE set to DUAL_PORT
        Info (286033): Parameter WIDTH_A set to 32
        Info (286033): Parameter WIDTHAD_A set to 5
        Info (286033): Parameter NUMWORDS_A set to 32
        Info (286033): Parameter WIDTH_B set to 32
        Info (286033): Parameter WIDTHAD_B set to 5
        Info (286033): Parameter NUMWORDS_B set to 32
        Info (286033): Parameter ADDRESS_ACLR_A set to NONE
        Info (286033): Parameter OUTDATA_REG_B set to UNREGISTERED
        Info (286033): Parameter ADDRESS_ACLR_B set to NONE
        Info (286033): Parameter OUTDATA_ACLR_B set to NONE
        Info (286033): Parameter ADDRESS_REG_B set to CLOCK0
        Info (286033): Parameter INDATA_ACLR_A set to NONE
        Info (286033): Parameter WRCONTROL_ACLR_A set to NONE
    Info (276029): Inferred altsyncram megafunction from the following design logic: "picorv32_axi:cpu|picorv32:picorv32_core|cpuregs_rtl_1" 
        Info (286033): Parameter OPERATION_MODE set to DUAL_PORT
        Info (286033): Parameter WIDTH_A set to 32
        Info (286033): Parameter WIDTHAD_A set to 5
        Info (286033): Parameter NUMWORDS_A set to 32
        Info (286033): Parameter WIDTH_B set to 32
        Info (286033): Parameter WIDTHAD_B set to 5
        Info (286033): Parameter NUMWORDS_B set to 32
        Info (286033): Parameter ADDRESS_ACLR_A set to NONE
        Info (286033): Parameter OUTDATA_REG_B set to UNREGISTERED
        Info (286033): Parameter ADDRESS_ACLR_B set to NONE
        Info (286033): Parameter OUTDATA_ACLR_B set to NONE
        Info (286033): Parameter ADDRESS_REG_B set to CLOCK0
        Info (286033): Parameter INDATA_ACLR_A set to NONE
        Info (286033): Parameter WRCONTROL_ACLR_A set to NONE
Info (278001): Inferred 1 megafunctions from design logic
    Info (278004): Inferred divider/modulo megafunction ("lpm_divide") from the following logic: "axil_mlp:mlp|mlp_bridge:scaler|Mod0" File: C:/Users/valer/OneDrive/Documents/BRIN STUFF/COMPETITION/DE10-NANO/src/mlp_bridge.sv Line: 54
Info (12130): Elaborated megafunction instantiation "picorv32_axi:cpu|picorv32:picorv32_core|altsyncram:cpuregs_rtl_0"
Info (12133): Instantiated megafunction "picorv32_axi:cpu|picorv32:picorv32_core|altsyncram:cpuregs_rtl_0" with the following parameter:
    Info (12134): Parameter "OPERATION_MODE" = "DUAL_PORT"
    Info (12134): Parameter "WIDTH_A" = "32"
    Info (12134): Parameter "WIDTHAD_A" = "5"
    Info (12134): Parameter "NUMWORDS_A" = "32"
    Info (12134): Parameter "WIDTH_B" = "32"
    Info (12134): Parameter "WIDTHAD_B" = "5"
    Info (12134): Parameter "NUMWORDS_B" = "32"
    Info (12134): Parameter "ADDRESS_ACLR_A" = "NONE"
    Info (12134): Parameter "OUTDATA_REG_B" = "UNREGISTERED"
    Info (12134): Parameter "ADDRESS_ACLR_B" = "NONE"
    Info (12134): Parameter "OUTDATA_ACLR_B" = "NONE"
    Info (12134): Parameter "ADDRESS_REG_B" = "CLOCK0"
    Info (12134): Parameter "INDATA_ACLR_A" = "NONE"
    Info (12134): Parameter "WRCONTROL_ACLR_A" = "NONE"
Info (12021): Found 1 design units, including 1 entities, in source file db/altsyncram_d2k1.tdf
    Info (12023): Found entity 1: altsyncram_d2k1 File: C:/Users/valer/OneDrive/Documents/BRIN STUFF/COMPETITION/DE10-NANO/db/altsyncram_d2k1.tdf Line: 28
Info (12130): Elaborated megafunction instantiation "axil_mlp:mlp|mlp_bridge:scaler|lpm_divide:Mod0" File: C:/Users/valer/OneDrive/Documents/BRIN STUFF/COMPETITION/DE10-NANO/src/mlp_bridge.sv Line: 54
Info (12133): Instantiated megafunction "axil_mlp:mlp|mlp_bridge:scaler|lpm_divide:Mod0" with the following parameter: File: C:/Users/valer/OneDrive/Documents/BRIN STUFF/COMPETITION/DE10-NANO/src/mlp_bridge.sv Line: 54
    Info (12134): Parameter "LPM_WIDTHN" = "5"
    Info (12134): Parameter "LPM_WIDTHD" = "4"
    Info (12134): Parameter "LPM_NREPRESENTATION" = "UNSIGNED"
    Info (12134): Parameter "LPM_DREPRESENTATION" = "UNSIGNED"
Info (12021): Found 1 design units, including 1 entities, in source file db/lpm_divide_52m.tdf
    Info (12023): Found entity 1: lpm_divide_52m File: C:/Users/valer/OneDrive/Documents/BRIN STUFF/COMPETITION/DE10-NANO/db/lpm_divide_52m.tdf Line: 25
Info (12021): Found 1 design units, including 1 entities, in source file db/sign_div_unsign_8kh.tdf
    Info (12023): Found entity 1: sign_div_unsign_8kh File: C:/Users/valer/OneDrive/Documents/BRIN STUFF/COMPETITION/DE10-NANO/db/sign_div_unsign_8kh.tdf Line: 25
Info (12021): Found 1 design units, including 1 entities, in source file db/alt_u_div_mse.tdf
    Info (12023): Found entity 1: alt_u_div_mse File: C:/Users/valer/OneDrive/Documents/BRIN STUFF/COMPETITION/DE10-NANO/db/alt_u_div_mse.tdf Line: 23
Warning (12241): 2 hierarchies have connectivity warnings - see the Connectivity Checks report folder
Info (286030): Timing-Driven Synthesis is running
Info (17049): 707 registers lost all their fanouts during netlist optimizations.
Info (144001): Generated suppressed messages file C:/Users/valer/OneDrive/Documents/BRIN STUFF/COMPETITION/DE10-NANO/output_files/MYTHRILL_SOC.map.smsg
Info (16010): Generating hard_block partition "hard_block:auto_generated_inst"
    Info (16011): Adding 0 node(s), including 0 DDIO, 0 PLL, 0 transceiver and 0 LCELL
Info (21057): Implemented 57274 device resources after synthesis - the final resource count might be different
    Info (21058): Implemented 6 input pins
    Info (21059): Implemented 8 output pins
    Info (21060): Implemented 4 bidirectional pins
    Info (21061): Implemented 57162 logic cells
    Info (21064): Implemented 64 RAM segments
    Info (21062): Implemented 30 DSP elements
Info: Quartus Prime Analysis & Synthesis was successful. 0 errors, 168 warnings
    Info: Peak virtual memory: 5319 megabytes
    Info: Processing ended: Thu Oct  8 22:11:29 2026
    Info: Elapsed time: 00:01:22
    Info: Total CPU time (on all processors): 00:01:30


+------------------------------------------+
; Analysis & Synthesis Suppressed Messages ;
+------------------------------------------+
The suppressed messages can be found in C:/Users/valer/OneDrive/Documents/BRIN STUFF/COMPETITION/DE10-NANO/output_files/MYTHRILL_SOC.map.smsg.


